hsv_mean_h,hsv_mean_s,hsv_mean_v,hsv_std_h,hsv_std_s,hsv_std_v,glcm_contrast_0,glcm_contrast_90,glcm_correlation_0,glcm_correlation_90,glcm_energy_0,glcm_energy_90,glcm_homogeneity_0,glcm_homogeneity_90,target_label
0.0,0.0,191.0679931640625,0.0,0.0,49.02566930652837,66.9877604166663,21.755989583332944,0.9861103795538192,0.9954591168167348,0.04474894116223326,0.05090493073228803,0.5194646840990719,0.6061999667618558,haze
0.0,0.0,183.0226287841797,0.0,0.0,76.88159126039288,128.78010110294116,112.51680453431425,0.9890991974777937,0.9904424789552428,0.15360076353637905,0.1530433854106461,0.5438128197045731,0.5750032974841556,haze
56.5042724609375,7.1259002685546875,139.64759826660156,52.548636848882815,6.03483918676158,17.946822678231477,3.532276348039244,1.4813572303921705,0.994238607188346,0.997578495797093,0.08142052814614899,0.08624828436413591,0.7503763643051015,0.7902971785830776,haze
90.36610412597656,21.18438720703125,154.37855529785156,52.9682428568126,18.55246280453737,36.262925240994136,26.39096200980484,10.434712009804024,0.9889496801960662,0.9956281760505401,0.06295705598586648,0.06930698121489322,0.6211222831425146,0.6920433669044583,haze
43.06890869140625,12.790939331054688,148.8496856689453,46.58432741463893,14.102628649412264,32.169306204532624,18.86407781862781,12.31891850490209,0.9911456707935548,0.9941868230635506,0.06495691970162427,0.0683992042719054,0.6194861204740093,0.634369551671005,haze
87.73097229003906,12.194931030273438,156.85867309570312,53.030743844211486,11.408013532927631,53.08548321040965,10.276393995097962,12.191191789215742,0.9982471627363602,0.9979126186520839,0.05583920540323238,0.04702551916097341,0.6138199576211808,0.5323698685424959,haze
48.1033935546875,8.489974975585938,151.778076171875,40.246146905992234,7.015948425650341,43.37102573268847,75.80559129902026,30.12758884803944,0.9805911489523321,0.9922523205560687,0.11374292194924487,0.11239560436375742,0.6766738952970239,0.6829766112267756,haze
94.90867614746094,40.19554138183594,191.2635040283203,12.264240583409414,23.010336215972405,50.55226566190544,35.164292279412344,19.110462622549285,0.9941416488867649,0.9968064919393698,0.06648706533223704,0.06664291979673172,0.5502612216392782,0.558075960435552,haze
68.08464050292969,7.688629150390625,170.22637939453125,53.83749202718544,7.049276118828251,48.78453701916642,8.968030024509886,7.849402573529457,0.9981637739867564,0.9983819809818829,0.07812968705903675,0.0805018497121085,0.6873712201852753,0.7134723930728263,haze
40.78312683105469,16.667617797851562,118.9970703125,32.99251091835141,14.321349610440643,35.077665955528374,139.3280330882358,97.55888480392163,0.9376696276332768,0.9560506633407729,0.08048721013848174,0.07262488332145081,0.7956315430959244,0.7477180177141889,haze
3.75390625,2.365203857421875,167.32859802246094,20.84645952860892,10.853348998909672,23.93562222409674,37.437791053922126,32.92386642156912,0.9676794477583567,0.9715169665092617,0.2674866471596419,0.27148962972024504,0.7781471295016119,0.7936407162685482,haze
51.262176513671875,32.02507019042969,136.28103637695312,31.470783376757126,42.7712381372479,59.539172428468795,109.78094362745348,78.78772977941223,0.9851223656426664,0.9892898414238596,0.03061104884113642,0.02835031836921487,0.4680064664995557,0.4438049662063548,haze
69.82089233398438,9.8968505859375,175.82223510742188,63.29867112079698,7.603726798338378,40.00368121164364,52.87766544117713,26.461749387255345,0.9837016878358676,0.9918511613322178,0.055994532854377436,0.06437236034049039,0.48170801070452424,0.5868764747612726,haze
50.864349365234375,38.6807861328125,138.5129852294922,43.07849516161936,52.5258803813055,61.28369894541813,322.2695006127666,135.40700061274836,0.9597148333637446,0.9830583894696711,0.03681891619608515,0.03981788516340213,0.42645635380604435,0.4774251536344458,haze
37.733795166015625,4.1935272216796875,158.441162109375,24.366174844219962,2.926781095449381,16.94284823215569,1.4513327205882376,1.251118259803923,0.9975724921271785,0.9978920024348409,0.10085417453380349,0.09249217589018108,0.788945776201992,0.7726795171221793,haze
17.774520874023438,76.16337585449219,119.14344787597656,18.392886260690837,57.234900434432035,96.28845005244801,84.85113357843262,81.79574142156974,0.9943507387525806,0.9945392109442224,0.14406522805290234,0.14242944918458536,0.6938801581596402,0.6153547670804127,haze
75.69342041015625,27.110687255859375,119.50886535644531,44.94534308913887,20.64238254348622,58.59795204323539,21.829411764706567,12.255637254902043,0.9969485698528251,0.9982769546139624,0.03505869284319989,0.029846725040224318,0.5440898972076782,0.4895317146885403,haze
44.23951721191406,13.17413330078125,189.85708618164062,39.41401668154326,30.02397387801194,61.88311498202723,834.2977022058888,316.42460171568763,0.8927425422265569,0.9590988563985461,0.06597332081871746,0.05623857244471392,0.5731599727706939,0.544323236721816,haze
34.61225891113281,45.83836364746094,148.44386291503906,29.42320163029689,46.92832656574094,67.24126680773453,79.92032781862777,76.77778799019636,0.9908098458144141,0.9911289121985414,0.062236421877426513,0.06384820644136446,0.6142875017320452,0.6537767954514512,haze
102.94821166992188,44.15330505371094,163.91465759277344,25.683153284723474,37.31959959318774,60.716630184051944,14.667049632353054,10.067095588235444,0.9973011125903009,0.9981412914207729,0.033085965789996834,0.026722764931746575,0.4867462873836843,0.39381311948842196,haze
163.64306640625,51.65643310546875,146.20799255371094,9.112639625745945,31.164245680896798,49.876685987920645,118.98053002451044,71.71557904411766,0.9780230084169427,0.9866925504571057,0.04987472215761168,0.052087349812692765,0.5658910356969232,0.5571092485389892,haze
81.05381774902344,18.638946533203125,196.20941162109375,26.983768015981752,13.664126572661837,46.48922999116449,61.474295343136255,27.25952818627486,0.9866299322795327,0.9940586626614798,0.04800711082186651,0.05359598198253973,0.49942127285556687,0.564851304029121,haze
128.9102020263672,43.17454528808594,159.23077392578125,39.70025027004988,37.62148542272266,52.90266229101529,31.20410539215711,20.779381127451124,0.9940058477934844,0.9960122295620137,0.03395052648686796,0.02952253239996461,0.5661373640533983,0.47562217097910836,haze
0.0,0.0,164.3455810546875,0.0,0.0,39.44607789790526,112.01861213235861,71.25208333333589,0.9639791690083409,0.9770624079846243,0.043287245612357084,0.0444376735376891,0.4101905322178146,0.4206171459652133,haze
87.72505187988281,26.617279052734375,122.91510009765625,33.25525794879969,22.39374616829354,53.229829306900264,21.566344975490367,13.560615808823545,0.9959786707907798,0.9974625784453178,0.04199235776483779,0.04384100987257671,0.5764462440676921,0.5919043945053599,haze
104.14236450195312,62.61871337890625,161.5409698486328,39.072474066317284,55.231352740908854,43.532626839505966,40.54515931372572,27.79278492647099,0.981192172182115,0.9870973644634176,0.05930472432233048,0.04638518840335909,0.6731071857121745,0.5658529795423489,haze
131.40126037597656,14.512863159179688,145.14503479003906,33.44542679842545,19.436055181884942,48.632665104621125,18.54906556372578,23.46780024509835,0.996190977628515,0.995120418901905,0.04216138517142084,0.04273983396810508,0.6536448881490412,0.6449592194110003,haze
30.937362670898438,23.600311279296875,122.4169921875,24.77006684392875,12.12893238828825,49.80240136258901,59.99987745098137,31.73325674019724,0.9864410585079842,0.9928174527234193,0.07849974400995754,0.08677532671530032,0.5585042197007898,0.6345580291072055,haze
0.0,0.0,131.34011840820312,0.0,0.0,24.655937708645762,35.927833946078344,53.61109068627434,0.9705012244568095,0.9557243034781121,0.1062762803651348,0.09228249056928646,0.7558369808483293,0.681884587144176,haze
88.647216796875,23.898422241210938,201.04141235351562,38.355305770899164,20.296601649692548,32.83343723911563,49.06547181372597,15.710738357843383,0.9829826932269035,0.9945350093506627,0.057912155664099164,0.06696497735532568,0.41799125318069724,0.5013467949417247,haze
100.69265747070312,10.402984619140625,138.5198516845703,49.03142015230353,18.252284568539764,37.848289447658594,188.1279411764722,107.04725796568694,0.935507198337487,0.9628704155514255,0.06077528517938893,0.07252883347282592,0.5866439315344371,0.6903886292216268,haze
66.64717102050781,3.8624420166015625,148.30581665039062,45.0816047006974,3.6702641803748155,33.130732391739585,3.7945925245098273,3.8526960784313826,0.9982572902633833,0.9982130878051748,0.08758927958953756,0.07690602757317343,0.81131301025783,0.7230356364828373,haze
63.656402587890625,20.26385498046875,189.35989379882812,41.97768224646507,29.35253915533864,60.297147235460606,191.34186580882306,176.75061274509696,0.975684375300665,0.9777413713395482,0.2431010499813486,0.24157370508316123,0.3975759469027568,0.39603268964685,haze
58.070709228515625,4.83697509765625,208.13766479492188,29.439640256258116,4.360414865937737,22.511258165749428,7.0785232843137935,4.71997549019611,0.9935149236146987,0.9956467205255096,0.11033948336830027,0.11063926954697868,0.702022212420315,0.7259132324163728,haze
78.34759521484375,21.28802490234375,96.83534240722656,48.40652925272719,20.856702354655877,71.56689313624697,17.199540441176868,7.981954656862957,0.9982343124831055,0.9991785352285242,0.04129694705236438,0.045342838385424904,0.5430215227443171,0.6198811226206783,haze
56.94183349609375,58.695556640625,112.49760437011719,47.147609359520864,45.32545708908717,53.53042074548538,10.414813112744946,10.810784313725318,0.9973842833563783,0.9972635597443006,0.05055398185235961,0.046678735967141304,0.5964971480198508,0.578212201377699,haze
51.21250915527344,35.96611022949219,172.3509979248047,14.886221817195958,11.269512788938858,45.563646507916644,64.88147977941166,60.509620098039946,0.9852062227102736,0.9861848324961477,0.04668292715349695,0.04551033636822143,0.48936933086142936,0.4964600189069846,haze
77.72535705566406,9.5279541015625,160.44451904296875,53.493645649198314,11.88180494018334,48.86476036126841,323.9245404411949,243.87094056373957,0.9293002208311463,0.9465070312106655,0.030702496404778346,0.032254529614721195,0.4268233379761502,0.45019064205959414,haze
44.71879577636719,8.793548583984375,117.75250244140625,32.62376774178548,5.325671161519235,31.892320563503795,17.426746323529528,22.849739583333797,0.9913408560913867,0.9885720077168118,0.043474403696025815,0.0401052842438545,0.5274195191599785,0.481417675972487,haze
67.11907958984375,10.924636840820312,167.24717712402344,42.91636698746581,5.299260820423097,21.17318988715871,7.614751838235395,1.8746629901960943,0.9918465440132208,0.9979821212562687,0.06496500770535675,0.07081237975836241,0.7023683533163237,0.755797755785773,haze
20.389755249023438,52.51380920410156,150.68116760253906,2.242090459825019,7.202863910616836,19.81544756585975,1.872564338235307,0.5460477941176487,0.997041381074404,0.9991363582480088,0.07142345326951238,0.08575035230778542,0.6992971027820154,0.8041752979639044,haze
85.34136962890625,29.42364501953125,181.92855834960938,16.452858311261444,19.780990784857806,51.83871235128267,29.46250000000032,22.29712009803942,0.9950699732812316,0.9962657804169808,0.03860172235373602,0.04022060468811306,0.4720998754792164,0.4892908928286814,haze
85.17762756347656,41.135772705078125,129.65562438964844,60.63209794013024,36.34050568065986,74.24619997999405,86.8882812500036,47.32578125000071,0.9920952869843607,0.9956971554461377,0.033965710115211246,0.035036102178360895,0.5348951565304696,0.5672645237916434,haze
16.678573608398438,57.95777893066406,163.4624786376953,3.423801169007801,17.04056608661234,52.16501078738652,25.086274509804124,14.011580882353016,0.9953316102414497,0.9973801455154631,0.04125015405067526,0.043274836509986904,0.5331726320949571,0.5497139835907748,haze
104.24891662597656,11.065261840820312,176.44908142089844,15.93579304157463,10.313383214950456,29.53124537158465,46.273697916666535,15.877803308823793,0.9760633970838963,0.991793444546027,0.07780916506008262,0.08836602858325689,0.6273972565596404,0.6877210028232997,haze
43.92857360839844,6.3076019287109375,189.2320556640625,26.133687932909208,11.45206981938985,44.62293585226129,78.49805453431286,30.494255514705554,0.9812696199751868,0.9926542947543726,0.07773472555110868,0.08379237896726943,0.628105896209053,0.7004287681486852,haze
67.916259765625,53.44703674316406,158.01841735839844,79.11328408846772,25.81553596270786,17.893351819626997,64.99378063725764,33.89250919117811,0.8371856327397267,0.9147361520456191,0.1422179021292896,0.16134161414464038,0.6276349931851071,0.6885045002845691,haze
31.49969482421875,24.54266357421875,131.08546447753906,6.808866032251552,9.592414459925998,22.633121382036048,15.14303002451,7.961259191176621,0.9856689474095788,0.9924272811606888,0.07524793904209923,0.0662222041144734,0.7066631760532355,0.6288615918603156,haze
0.0,0.0,151.33888244628906,0.0,0.0,74.80692624339974,72.63380821078535,38.57337622548998,0.9935166819769312,0.9965398979655075,0.043700686830683094,0.04575430797239089,0.44837469518993234,0.51314779650047,haze
0.0,0.0,120.43824768066406,0.0,0.0,61.551039949999605,279.77261029413825,23.79181985294183,0.9625272545273537,0.9968536000776548,0.033085628897213136,0.040225966081565465,0.37940723860753145,0.5114934919779897,haze
114.94938659667969,51.23774719238281,167.40591430664062,23.347068088045198,42.96319258468128,61.24167746137181,39.77518382352898,28.749785539216262,0.9929253471528872,0.9948672198257954,0.03155834494656879,0.02440520582577289,0.47277635503783333,0.354805633682417,haze
58.83561706542969,2.0528717041015625,120.18791198730469,74.25162266484907,3.6577266473125194,15.02813668862835,1.6945006127451052,1.2773437500000029,0.9962358553200042,0.9971615828077233,0.08150944935049223,0.08635497802945258,0.6622189297533411,0.7090764656300503,haze
105.30766296386719,42.347625732421875,166.24061584472656,2.958905325005203,9.333523477259206,21.12309255757619,20.03474264705883,6.7026348039216,0.9804560996082738,0.9934439633032381,0.05619486429944241,0.06493064841573354,0.6235087560469897,0.7143805290587256,haze
55.3909912109375,23.671234130859375,124.84922790527344,64.68633840400236,8.450828963554816,66.70085812188888,63.846032475490524,32.81358762254984,0.9925181399248951,0.9961505631532743,0.03756739021758522,0.042321691682147534,0.5795863040388595,0.6462609449035994,haze
0.0,0.0,143.10275268554688,0.0,0.0,87.4936121816816,208.0674325980467,80.49900428921704,0.9864037865884652,0.9947322370006592,0.11961654783459835,0.11877130426042767,0.5377317517160579,0.5392709503450689,haze
23.608383178710938,60.74737548828125,122.44281005859375,16.32579236958426,51.02771702211349,74.18171955032732,20.24474571078457,10.42510723039204,0.9981315251902069,0.9990346573038014,0.029676566272571366,0.03295160678748666,0.528127907893384,0.5867806089102592,haze
42.69898986816406,16.407318115234375,128.21255493164062,33.41236345568026,32.14729860391342,34.394982009619525,25.254457720588448,23.580438112745256,0.9899187851580087,0.9906242548763329,0.06296981792727187,0.06145840206093556,0.5278447685579635,0.48226826880171053,haze
131.01663208007812,22.754058837890625,183.53353881835938,11.459117281960456,14.553348620163494,21.726297826309636,44.37844669117667,27.721093750000513,0.9557011622902594,0.9722328131284934,0.0741994189790608,0.07216401997198277,0.5775022660378145,0.6262650309917597,haze
46.01885986328125,8.335586547851562,173.2075653076172,52.05000405277071,16.227125974326892,72.78782582712678,118.36139705882918,71.36197916666848,0.9890267149225422,0.9933990637397484,0.06508189317662665,0.06701489308174988,0.43952919920564704,0.45204137357654894,haze
27.803054809570312,1.1500091552734375,158.85589599609375,53.48523244929803,1.9941789219300476,23.542366660583866,85.29592524509978,31.890487132353687,0.9225733607567368,0.9711630816969152,0.07373289428377365,0.07230558404250523,0.683889137142473,0.6771314406630818,haze
117.86288452148438,6.07867431640625,170.14825439453125,16.123735661728688,2.6271102567567963,7.606955828855484,1.1882812500000015,0.47850796568627496,0.9897787719057286,0.9958974758000199,0.15575776742569677,0.17064693972041142,0.8423969805604877,0.8992399394781401,haze
92.42523193359375,27.705718994140625,210.3551483154297,7.9548684588234,14.88272355643175,20.945997620770438,23.66683517156882,6.434237132353014,0.9809296872308302,0.9948102734273027,0.08661612943292166,0.09441600954449274,0.5785434390227573,0.6615869365623579,haze
127.03886413574219,51.108367919921875,76.61727905273438,70.78146988930972,28.54430716415836,55.55267344488283,119.63642769608848,16.366283700981004,0.9799917883980774,0.997299428560836,0.05950067359838143,0.06097668410354978,0.527587698821332,0.5586026197175356,haze
31.622756958007812,22.508621215820312,196.05703735351562,33.80442850124325,20.57736610314831,49.90028551809277,117.32556678921505,48.82685355392062,0.9779001269569073,0.9907700852833093,0.04815814807796976,0.053453186599862375,0.5448420693814068,0.6000194734682572,haze
93.86381530761719,47.700653076171875,165.09246826171875,4.8156498918554895,29.061085895758936,57.295872016305466,34.992202818626915,21.09087009803943,0.9944371339845309,0.9966407463481205,0.07632834975096106,0.08044789597168207,0.6005070664644817,0.6328341719629588,haze
62.40325927734375,14.577560424804688,175.06651306152344,22.088425457279627,13.887323497051336,49.36433563097007,24.85588235294135,20.01383272058848,0.9951847745943966,0.9960925284141603,0.05004814554948642,0.04484443350887141,0.7068696045194203,0.607740121656988,haze
26.93603515625,30.622390747070312,133.607666015625,30.06541174589059,20.50660126773473,65.8116006739938,21.586749387255225,22.54367340686302,0.9973556322310425,0.9972303654548091,0.0321212313551043,0.03277412198729568,0.5325218603971094,0.5409114403439079,haze
28.40447998046875,3.2010955810546875,146.3659210205078,43.13026993896398,3.4958400775140896,39.287208725096384,7.483639705882476,3.375566789215732,0.9975748058171214,0.99890023146286,0.04857043751376751,0.048388133796543525,0.6110441248798131,0.6105588723005986,haze
0.0,0.0,153.12326049804688,0.0,0.0,66.93101939416873,262.2641390931411,297.13322610294347,0.9705246163724013,0.9662964059610466,0.0495310556149832,0.044903647620318295,0.5648313523701244,0.5121179081490533,haze
68.29449462890625,11.51690673828125,129.12196350097656,22.061482696390893,5.912244895072435,51.80185745999652,1.9413296568627658,1.711810661764725,0.9996377034936658,0.99967933719187,0.04454330118345306,0.04487421244002117,0.7131304749480365,0.7105685498491826,haze
43.64338684082031,5.145263671875,140.0221710205078,47.52404218369426,11.834370442005023,28.83673566819947,93.70908394607858,56.210784313725355,0.9425604147450164,0.9653469821797348,0.0892401594489814,0.08581027897263514,0.5138529679865027,0.5424221977332669,haze
54.51994323730469,13.780746459960938,126.1533203125,33.50997729180615,10.23575741042465,37.176144996459634,28.12616421568687,71.81507352941213,0.9898673322698576,0.9737699429103885,0.04991977919159581,0.045176029656114385,0.5903221547520546,0.5477959017077819,haze
53.18418884277344,9.090316772460938,143.42567443847656,37.19191266338716,9.76042081255872,29.523816328410472,54.055713848039396,41.43484987745118,0.970455033693582,0.977405876740816,0.07544256523720508,0.0798458236688544,0.6891619080923305,0.7171512947616491,haze
19.538742065429688,17.233062744140625,66.41970825195312,11.873423025620497,16.495445871260003,29.580062973239603,60.52029718137336,49.63734681372582,0.9601816128355176,0.9672999638866325,0.12270632998534362,0.12362721830802002,0.8111948088296873,0.8058623031286245,haze
29.847625732421875,2.93463134765625,170.88072204589844,48.131819979952766,5.61639690505845,10.65857416879282,9.791299019607898,6.160677083333423,0.9546079739571467,0.9711726080805961,0.1023619755032076,0.11234671868897024,0.6177373220353892,0.6686175515168351,haze
50.84669494628906,8.319564819335938,146.75001525878906,52.89328152142247,8.85361567543968,46.79711587935983,1.8872395833333524,8.982720588235267,0.9995671841908225,0.9979295924144187,0.07680231088380662,0.0566226846571323,0.8579753984415606,0.6136457383924662,haze
62.699127197265625,38.65403747558594,191.446044921875,39.08878478748148,51.15164512333208,74.26413674070231,83.2976409313701,71.3047028186263,0.993214882530925,0.9941693219148594,0.23401566642801627,0.2302862715466971,0.6341832031311637,0.5893805022873442,haze
34.37324523925781,14.504714965820312,178.52294921875,26.813779587367502,17.994072062221644,64.99526038679606,190.87109374999835,323.2829503676518,0.9783648943155523,0.9633124975696943,0.03929865568366468,0.038237963737167584,0.4523845980518096,0.4319438503025108,haze
41.26655578613281,5.3464202880859375,131.23704528808594,32.93932302148095,8.106738624357572,25.836835940024617,44.601164215686325,28.89468443627499,0.9664622527990434,0.9781339079998914,0.0791471447179954,0.08415833786611583,0.6281898275378774,0.6894355668120512,haze
27.571197509765625,66.07258605957031,152.66673278808594,11.543331471947074,37.816395901949456,68.22665309009813,7.386366421568771,5.105591299019674,0.9991951699976861,0.999441350181103,0.037571562570431545,0.03781089090170315,0.6200631529773353,0.6324192890790497,haze
0.0,0.0,194.7814178466797,0.0,0.0,26.46810369989181,14.97588848039224,15.458011642156995,0.9893145270872327,0.9888901067580831,0.08545401139361422,0.09965912985545249,0.5492524957734503,0.6123815849054638,haze
113.82919311523438,26.48992919921875,175.6157684326172,2.6011342662398818,3.4586118236859678,35.67911735249096,18.431862745098144,6.89290747549028,0.9919790302844109,0.996986627121042,0.07058049909630058,0.06419652782377362,0.6766257390063586,0.6535182998316429,haze
88.04417419433594,12.879409790039062,189.29803466796875,75.5813440460382,15.409008084390646,44.51780409444491,211.83431372548665,116.3002910539207,0.9445685218209581,0.9692645526901912,0.08653901771378678,0.08626332610022461,0.6457466263549116,0.6915542634910518,haze
65.61943054199219,14.94146728515625,140.0466766357422,42.665447872443416,17.17166860929779,51.54227885577206,175.77611825980253,113.37310049019733,0.9666064334479524,0.9784885409640826,0.047988741745179926,0.050165321800681464,0.43721615054473534,0.5175517950344362,haze
15.978805541992188,60.86097717285156,158.02503967285156,2.85647468841152,15.44781686266629,50.62409665804906,10.338526348039352,6.24630821078444,0.99794263381577,0.9987511365311165,0.04937072070293163,0.04527577582450588,0.6100134546682769,0.577213037267352,haze
100.98966979980469,73.38771057128906,155.1721649169922,1.754415147733494,15.939465288454818,33.37669258843249,7.458348651960841,2.681924019607873,0.9963966895242957,0.99870485259314,0.05155619421978813,0.05530933898972738,0.6532355791536844,0.6990648913894415,haze
109.26864624023438,27.827316284179688,135.86911010742188,52.75994146080536,18.293316471506017,58.68650590848102,12.949280024509834,10.113265931372649,0.9980480633281567,0.99846830070729,0.0393401664794406,0.035905013221540306,0.5897733522775398,0.5438763154907145,haze
16.015579223632812,44.879730224609375,138.37620544433594,3.0959270019911944,14.656193797382729,61.14955387464527,0.6240655637254964,1.3145833333333372,0.9999122017374228,0.999814177600973,0.047784644444759265,0.03763598940055199,0.7905279644661531,0.6412780240306681,haze
101.64598083496094,16.977996826171875,171.1304168701172,38.83772780393798,15.082362721881609,59.92927354186281,265.34270833333335,172.5167738970574,0.9614360072425168,0.9749875235901853,0.041534997204915894,0.0446139580699219,0.3447307900581115,0.4060541966624479,haze
25.733245849609375,7.3300628662109375,131.28875732421875,37.01836343799583,18.44520388663101,27.273971109229493,88.8787683823548,51.5250306372557,0.9382797029419067,0.9640249956730875,0.09972357936555004,0.0916599594019103,0.6968076298098265,0.6440460462738526,haze
125.79859924316406,23.20361328125,130.50364685058594,16.341230307856375,12.311174495627,45.36400176768156,26.9547640931376,6.97907475490206,0.9927457125139884,0.9981163134678698,0.0584318677999464,0.06603600447986656,0.6292428785953952,0.7248733916847349,haze
30.77069091796875,26.199066162109375,145.40260314941406,48.96154333946989,12.192561413232529,39.15561758998951,86.25703125000169,33.955989583334066,0.9650670241600147,0.9861630623331957,0.05453336813628654,0.058090184427489595,0.6382896887615155,0.6601303068133333,haze
104.9549560546875,43.836761474609375,164.26309204101562,1.9390234303131009,8.165944081036162,20.42664060954777,0.9483455882352981,0.5232383578431377,0.9989841467128227,0.9994375942471,0.08639805968904725,0.08640830397415392,0.8305989610672859,0.8340452029091537,haze
101.85433959960938,17.8897705078125,113.21719360351562,26.064223425311464,7.2774828704542625,38.83163073377747,2.7950674019608135,1.9175091911764872,0.998947471977311,0.9992737205003782,0.05423213524582446,0.05063188512690881,0.6971900047040548,0.6682168583579718,haze
25.929244995117188,49.7406005859375,90.95932006835938,14.158486921560332,28.205876069608976,18.992834063875968,38.04324448529459,24.57009803921612,0.9488802354324423,0.9669421353038983,0.10051486689870488,0.09549565637800403,0.7120679942972966,0.6751560462560521,haze
0.0,0.0,162.87985229492188,0.0,0.0,70.93445064569062,169.86806066176902,167.53103553921554,0.9831233582025686,0.9833028849863542,0.02995939951802993,0.030546560767175653,0.3823811044475633,0.38750487818878027,haze
108.44894409179688,9.920440673828125,123.93013000488281,53.92765244950089,5.061609528276957,40.293151293456994,201.65712316176695,200.63154105392263,0.9338619571296166,0.9330869105235307,0.07669675436062735,0.06885019351734417,0.7440850999784475,0.6749296452579399,haze
85.32427978515625,29.061874389648438,178.74693298339844,12.444362510581534,12.904329894713065,41.19254845269337,26.272411151961148,19.50885416666691,0.9925238759374766,0.9944097393049488,0.053114783286436186,0.047998744224147995,0.5178353624293707,0.5151123542508151,haze
41.26670837402344,22.601974487304688,129.6916961669922,18.361294449333897,14.04842856338115,25.444682155445957,101.30677083333578,50.588725490196346,0.9200558626375079,0.9599013165224932,0.05378271274313992,0.054585712328991565,0.4759000278312354,0.48617235823167254,haze
109.215576171875,6.6701202392578125,191.75418090820312,40.026835469167914,5.020331176308976,42.8365234431871,14.198927696078341,11.20148590686269,0.9961384254622169,0.9969318007149709,0.07820920481935062,0.08350441659223733,0.6455968484163838,0.6730895975330744,haze
56.38536071777344,8.152297973632812,144.9445343017578,44.40067663193921,6.35342035636619,45.720930923467286,93.489414828434,53.10249693627496,0.97762697713217,0.9872595267441103,0.07838663583073238,0.07214004805246378,0.682856404091386,0.6322988655551377,haze
19.86639404296875,11.529708862304688,158.9551239013672,21.969252217654866,9.482853046682994,34.07681729892976,40.75162377451036,22.042922794117914,0.9834426661611338,0.9909899309266916,0.07694112127041795,0.06852805068894927,0.7288920801792941,0.6644321370326877,haze
90.64924621582031,11.458251953125,187.54428100585938,41.43723306888328,6.594460141779585,11.714920921642305,15.697426470588347,10.534237132352999,0.9378737514637725,0.9580097381953054,0.1713759538585542,0.17252774676939228,0.577928687568502,0.5967185571778955,haze
71.38555908203125,11.966079711914062,111.5367431640625,61.07226805391258,10.771129757591655,27.473266236535594,4.003691789215713,1.8174632352941302,0.9973061991027826,0.9987742166348469,0.07258777402046616,0.07908966704919619,0.7284023261201457,0.7605145728135342,haze
123.13803100585938,60.0218505859375,145.2823944091797,8.094362092565545,17.33771392974595,30.246492223889575,96.88956801471377,44.00727634804187,0.9539076771850046,0.9790007962795909,0.04902040368724767,0.06001519186487729,0.4623311363994904,0.5618683925111929,haze
45.14164733886719,34.47312927246094,141.73524475097656,21.892410791522945,37.75283715519584,64.27186814735728,57.81729473039148,71.19463848039123,0.9928380296849834,0.9911340661093673,0.036628484742517245,0.03737077987618572,0.509586807322005,0.5258763880619494,haze
33.001373291015625,5.3229827880859375,172.9754638671875,37.340741714197584,5.025023477717099,24.60712246198336,1.4510416666666734,2.1725030637254945,0.9988648630723614,0.9982919805194359,0.10981906391099296,0.09791140733769585,0.8215562576505814,0.7487410960486338,haze
107.77958679199219,7.9941558837890625,174.22476196289062,27.1850385950295,6.039422240386319,38.09824065229616,9.553707107843225,14.325321691176523,0.996747577396931,0.9950996895624198,0.07075857499165233,0.0720004187606008,0.6290308274758494,0.611778329235335,haze
106.53117370605469,51.20002746582031,182.5641326904297,4.261108801659735,13.097081798438452,37.41531421854208,13.312346813725588,9.297503063725733,0.9948895665979874,0.9964343464736444,0.04133206700646442,0.05000413337116498,0.5147091440175157,0.6244364841620738,haze
0.0,0.0,182.03219604492188,0.0,0.0,51.907521406827335,64.54488357843101,32.362040441176305,0.9880050546565913,0.993923432886636,0.060192664115926095,0.05601217532253003,0.680921905371197,0.6361242459261484,haze
62.50614929199219,4.3233489990234375,140.35202026367188,65.03653729165886,7.012356246439493,23.43912328119368,17.070435049019622,20.721017156862846,0.9855503576245358,0.9824418853915762,0.08964398287132384,0.08775520980993498,0.6557330018586733,0.6440195921136447,haze
49.725250244140625,19.867538452148438,173.26283264160156,23.470908109066283,7.086974390636393,41.284968256485705,10.417218137254963,8.908026960784383,0.9969711948462575,0.9974000433234774,0.04664608964184509,0.04723077785360477,0.6131111653309996,0.6155198105365244,haze
50.13763427734375,12.240447998046875,167.1140594482422,39.57533950878233,13.807170420615048,39.03977198284514,9.892478553921679,9.721032475490311,0.9969453912260078,0.996976272942002,0.0688742346953606,0.06827983878427021,0.6054414654057138,0.5812020939743947,haze
52.0206298828125,9.855361938476562,173.9268035888672,48.8808072216725,12.60800869193408,41.77709737188041,18.102512254902155,16.591222426470544,0.9950827505938591,0.9954389034895761,0.04891741223711186,0.04927509463652458,0.57798551534401,0.5551062385233734,haze
43.358489990234375,19.629241943359375,141.7395782470703,22.36997738047747,13.725166962232935,55.80667427399071,15.270373774509906,5.340042892156932,0.9975646402432916,0.9991453814948562,0.04293867017993971,0.04218016961684246,0.6437301775890464,0.6410474947532864,haze
122.01875305175781,21.981552124023438,155.91079711914062,3.7772446836547675,9.74696709554383,33.28143075984292,44.06992953431371,33.220373774510335,0.9794884687447655,0.9844304416081355,0.06804789849290743,0.0636036818307473,0.7200951265733734,0.6992259293020715,haze
49.653656005859375,6.23370361328125,149.71372985839844,47.10805519438367,15.087436707097417,22.800679958267644,38.059206495098266,22.45776654411799,0.9659691408662024,0.9798476097729195,0.07410138196000167,0.07768501528121298,0.437377679844133,0.5105729430942141,haze
31.750350952148438,3.4188385009765625,127.54522705078125,45.69133002378202,4.91351022518029,23.701061043796503,41.34206495098096,27.630744485294624,0.9625727391038549,0.975115979474632,0.05781926695468461,0.06359837254166442,0.6205316325046152,0.6806925592371916,haze
57.37162780761719,16.065139770507812,135.84671020507812,16.948686237000818,4.283913188406833,48.10275175201234,79.51706495098202,55.23512561274584,0.982627436003551,0.9879179962090158,0.08796107680051002,0.09108863378097902,0.5344863640399784,0.5749371441880285,haze
39.8773193359375,16.692214965820312,140.11083984375,29.934397277590772,15.992125799486514,56.331533365395046,55.84352022058894,40.10389093137302,0.9906720981559892,0.9932764489588453,0.05406491298155865,0.05223553579229999,0.6834980188767151,0.6265351282535622,haze
103.268310546875,36.99896240234375,140.03392028808594,4.000167895310147,16.444520063970508,13.58824735701206,24.103446691176615,1.2565410539215718,0.9463028190972789,0.9972943805865118,0.10648887135955232,0.10777021094490558,0.7549528010645071,0.8068150498338411,haze
111.341552734375,7.0673828125,144.01361083984375,49.69889847570458,6.341296618873203,26.316792076805044,76.79860600490335,43.7416207107846,0.9479002277589932,0.9701284856883894,0.056737421990812144,0.05671787649308186,0.4498015130960598,0.47198872630135313,haze
68.06806945800781,14.14495849609375,145.25848388671875,49.94038000359407,28.413652994423916,72.15535477158379,30.995251225490307,36.18641237745019,0.9970313560836321,0.9965202611684127,0.027557433772384787,0.027126307066003913,0.46647292861402606,0.4454354447033615,haze
50.2535400390625,7.2165069580078125,91.75529479980469,50.565953940545235,7.535344556409739,35.944359200773846,7.813480392156954,6.445373774509853,0.996949789912222,0.9974690235529108,0.06933538235088846,0.0596474090844033,0.8181404603950572,0.7374608130853123,haze
85.29606628417969,14.69744873046875,146.06027221679688,58.574172826586704,17.66837293534495,34.39886776252769,10.753477328431536,10.034773284313891,0.9951077450016333,0.9954347711456809,0.040025118545881984,0.044753201653120266,0.4740009125218831,0.5265851874260989,haze
22.05010986328125,17.57623291015625,175.86167907714844,15.272100444597763,6.874772657352686,51.68975376749227,10.415916053921473,11.629381127450912,0.9978520308158622,0.9975847674478112,0.058364705355045884,0.05376264956380616,0.6964314639956366,0.6711630124732922,haze
16.550811767578125,12.240798950195312,156.13662719726562,26.05333544468312,3.531377365147631,25.552364256423548,1.132414215686277,1.8303921568627584,0.9991170582028127,0.9985606096004678,0.08763739103054055,0.08250609545421239,0.7852891601418248,0.7226778343396625,haze
120.44302368164062,77.71347045898438,93.76129150390625,25.544393529863285,28.78033427207474,29.023306496877733,84.03105085784615,56.45442708333498,0.9176877622553166,0.9445105467262238,0.05028950943678488,0.05342521927123918,0.4497613613939197,0.48032764275576234,haze
24.434066772460938,3.5302581787109375,142.14950561523438,43.111391277002454,6.3604738354442665,46.666766508010824,2.5144454656863244,1.8799325980392432,0.9994267622035288,0.999568840317849,0.059257190337749746,0.053416387793678945,0.7352041160674289,0.6631579797695298,haze
90.587646484375,69.38981628417969,164.40357971191406,6.341770779456423,21.336566253733046,45.73148304246005,14.704396446078425,9.647319240196058,0.9966671300482394,0.9978023980378906,0.05142315499909089,0.051815089221391566,0.555450207090817,0.5740653292209957,haze
95.91719055175781,14.815750122070312,197.67161560058594,34.62010264952208,8.484555008165394,38.95161367642867,25.133992034314037,21.8972732843139,0.9909554346178029,0.9920719631652279,0.07264061075316285,0.06602208564690329,0.5435946586568932,0.5290189463291456,haze
84.17201232910156,14.585922241210938,156.1974334716797,23.3764301715275,14.033599954081621,57.14919503624581,24.76188725490234,20.256004901960637,0.9962954314404612,0.996958508614455,0.04808528869083611,0.0499923893857333,0.5261799444326741,0.564542497339427,haze
76.48274230957031,33.18440246582031,131.2928009033203,23.85632184182127,8.581102639685994,51.31169656638399,48.372916666669454,22.186136642157656,0.9896375372889613,0.9952275411253629,0.03054974673316901,0.03191006146319019,0.41315277054368027,0.42807908803878286,haze
58.485076904296875,29.632705688476562,110.85714721679688,57.18866884868039,51.00015406246885,65.21823254291536,222.43636642157887,144.30807291667253,0.973717204094631,0.9829756195803954,0.06170303965863646,0.06274528783881642,0.5142286715910117,0.5411372745144407,haze
91.08230590820312,15.362686157226562,112.05253601074219,52.54320935684051,19.769361180640463,44.34713723466215,90.29906556372762,49.25162377451095,0.9762021304058389,0.987003738646901,0.04630325844253717,0.049860513399519336,0.39820636266836607,0.4241800042965659,haze
104.89056396484375,85.22795104980469,166.4508819580078,14.229322522781409,25.132786284054294,28.004194187754283,118.59610906863175,67.99387254902139,0.9264824536470385,0.957885696161942,0.05108769718995513,0.06224194913595381,0.3836657845254471,0.4502123737829621,haze
76.45681762695312,6.1607208251953125,166.7977752685547,62.352534991785205,6.095197303524111,52.00425481491184,52.7479626225488,31.554595588235433,0.9902987337869157,0.9941765368139106,0.07417715989289798,0.07624808690175221,0.5720093644285111,0.6214181955023961,haze
45.44032287597656,12.62042236328125,171.30307006835938,17.394300366007812,10.130019934548185,35.905399730855144,91.81173406862752,50.91367953431359,0.9660618515727153,0.9810433838343153,0.14902205529186455,0.14847950329830523,0.6257443201981155,0.5859284691579442,haze
55.725555419921875,3.24700927734375,122.93020629882812,62.04181366677711,4.076177796732865,16.033195755805025,10.032107843137307,4.502006740196093,0.9804428756504828,0.9911603908201488,0.0866298517943778,0.08906225364746354,0.6826577925112528,0.6833709075619759,haze
35.51557922363281,8.79876708984375,177.37631225585938,7.575283469369752,2.832734665824492,17.01074569688863,7.71691176470592,9.603967524509873,0.9863864008629661,0.9831369079536791,0.0707531144072591,0.07224123163106622,0.5502375319734324,0.577109754070072,haze
60.0115966796875,8.200607299804688,226.4058837890625,56.26153570766611,6.466489376831848,13.561058419935993,24.546109068627604,10.267340686274538,0.9388811816456729,0.9740487387381553,0.1013889225128183,0.10697757530397438,0.7013934288224287,0.7461722721975975,haze
59.169677734375,30.492019653320312,187.71441650390625,37.37481529850437,58.453318409994814,60.2669938707835,60.740747549019275,32.35312500000023,0.9934167474329562,0.996482756123065,0.06453220497986445,0.06069609424857746,0.5498820450635887,0.5794033708232164,haze
85.52322387695312,14.025360107421875,149.70298767089844,56.29524014250512,16.54630595190401,33.95082028259306,12.594332107843258,9.227359068627571,0.9942206178696702,0.9957644054735871,0.05038899566684045,0.058686156589075014,0.4986591414460634,0.5749519736394245,haze
16.950302124023438,73.71112060546875,192.10675048828125,15.24992252218505,26.506465176563108,65.86941941003643,41.08462009803808,81.50554534313706,0.9949214147100232,0.9898948528694569,0.06646011985872437,0.06252807784340474,0.5657290364796185,0.5227748017604689,haze
100.56185913085938,25.901641845703125,179.48834228515625,5.638897793095402,10.682757467938501,35.63534044469624,57.544362745097814,31.46320465686295,0.975710923929103,0.9866369407745743,0.05453795930788204,0.053104290638771305,0.6354847040723766,0.626267788130816,haze
91.65460205078125,15.209365844726562,128.19017028808594,43.5034808942328,13.896242828432902,53.205009389194764,25.029549632353074,24.371522671568776,0.9955158143357461,0.9956166580195691,0.04049583834392306,0.04345005744974094,0.5826955073634676,0.6157295180437847,haze
102.91224670410156,11.650054931640625,178.8900909423828,42.27781643334663,17.04698078341119,29.150954657194532,111.60949754901885,31.346415441176777,0.9362402889444127,0.9819167768847041,0.1989106659689327,0.1954612617102102,0.7391169481258426,0.7469403792230885,haze
103.11634826660156,12.393692016601562,156.89064025878906,36.04042873954572,9.270408881987258,31.106787864747975,102.52895220588476,89.95667892157047,0.9503570742690135,0.9563513618020618,0.03505239048111296,0.03798819780975736,0.3439152779834756,0.412919312365281,haze
29.712570190429688,36.32600402832031,104.22132873535156,32.58927245878092,37.35530677362775,55.56711522321953,12.41395526960771,20.03825061274557,0.9978530863001008,0.9965195173734938,0.04490750675490951,0.03933327491957016,0.5890725507416318,0.5202807003113271,haze
0.0,0.0,172.7065887451172,0.0,0.0,47.11330068165133,31.55805759803973,28.04321384803967,0.9928676646482034,0.9936583888702137,0.057293049012762165,0.052405541695638914,0.6169831122358636,0.5661687597192738,haze
92.86557006835938,34.05790710449219,90.32504272460938,11.362755305580365,14.025393340791872,32.438286965264524,5.8819240196079,3.992907475490218,0.9971584920570251,0.9980599933736404,0.046445213213897496,0.05078779985041901,0.565263824778582,0.6198157638591654,haze
0.0,0.0,209.31451416015625,0.0,0.0,26.257424090278413,63.52709865196099,32.92536764705894,0.9539065673177701,0.9759618585196635,0.06083841925838585,0.06091354019873641,0.46830956943004526,0.4980645166983658,haze
32.526947021484375,10.706329345703125,134.51475524902344,27.532932720827173,21.15321191323019,24.690764386776877,60.86253063725567,32.69606311274564,0.9559205921050803,0.9761734815698871,0.057652998108578865,0.060081082470263385,0.4865752029440363,0.5057135616779559,haze
95.35000610351562,35.41712951660156,181.8306121826172,26.96037027846095,23.68256382878479,38.9475540481897,29.989108455882384,19.36217830882361,0.9919924586770065,0.9947381965733277,0.06236298275485698,0.061469556868593046,0.6713660551425801,0.626933025810727,haze
44.071624755859375,2.2050933837890625,201.82012939453125,56.50286072007816,3.014365679383167,20.417552743701943,72.74336703431418,29.403599877451402,0.9176102309094817,0.9665989966044325,0.10555867772705055,0.1069838223436324,0.44607726872055686,0.51686700585489,haze
87.8800048828125,25.227310180664062,154.42526245117188,6.345467601525313,12.08258677609574,35.55444457854784,23.51311274509818,14.783042279411859,0.9911595893886171,0.994429350497194,0.07811896017238533,0.07989386934343716,0.6020116034484895,0.6321131627558613,haze
56.90138244628906,7.8634490966796875,191.20330810546875,51.53064292199426,24.06671121769973,65.49430823868484,235.09618566176297,215.33327205882233,0.9731131701928933,0.9751054917868519,0.07134388471954038,0.06968375520008896,0.5887738764406786,0.599001227631013,haze
21.247299194335938,43.258544921875,129.65170288085938,11.072111807642738,17.9167740188384,73.58915978191227,151.49010416667284,99.84097732843432,0.9836952525867952,0.9892221124084168,0.03338659622372364,0.030964147228909344,0.5145260251067382,0.4851671791296135,haze
16.418548583984375,48.60728454589844,194.4921112060547,6.480005130932164,27.681333434990123,50.58740253692559,42.67616421568513,7.8043504901961835,0.9921128663393343,0.9985466003869613,0.044814214579364436,0.052283563895848234,0.5985194794392084,0.7112966897586916,haze
104.02578735351562,7.2436370849609375,158.2310791015625,56.63256198258752,10.693820692578093,36.73479381417452,76.45419730392283,58.647594975491245,0.9697575512210066,0.9767292472101214,0.08636016401681944,0.08199772882612416,0.6880028201131811,0.6244472287370312,haze
30.963531494140625,13.13092041015625,156.17486572265625,17.2281368152291,10.501401319367966,28.69455634905136,1.8793964460784414,1.5583946078431452,0.9989096589184886,0.9990884172159603,0.053677402856767205,0.05523213391967732,0.682492013852825,0.691679081222358,haze
100.70921325683594,22.18402099609375,133.8689422607422,46.273261325520195,36.83548405465272,60.39343957515264,102.83409926470715,57.63540134803901,0.9849098634301992,0.9914882325594195,0.05581139940616002,0.05446697238259615,0.6490973654060751,0.6266309242984702,haze
107.38943481445312,36.82810974121094,156.2296905517578,3.4661863341468293,6.420949047726803,27.37727896013728,5.606709558823553,5.242447916666704,0.9956789388815904,0.995938862151762,0.08658577905278488,0.08512470994195011,0.7116540085495844,0.7072269815563255,haze
27.556304931640625,7.3708038330078125,128.9689178466797,42.00677766787017,21.575864891160364,24.523459179632397,114.27179840686587,52.740609681373606,0.9055383594476152,0.9559748450517743,0.06620137640102909,0.06814931794204357,0.6163310296513261,0.6287090880752156,haze
23.24163818359375,5.790618896484375,94.90443420410156,26.766737624677155,7.616645486022083,21.722975670663185,8.140854779411866,4.007276348039266,0.9916224016765812,0.9958618699918971,0.06583128951097886,0.07299449267779724,0.6389094690473308,0.7222862647677402,haze
41.826904296875,28.499984741210938,152.80628967285156,31.095280172565936,42.79445616566931,53.73175475097316,200.3592984068678,199.42117034314123,0.9673338486697527,0.9675166968560949,0.0663065953122837,0.06849900050680645,0.5175956015621413,0.5264482796632446,haze
53.10710144042969,11.3203125,123.00669860839844,42.64572995400334,14.89175522828981,38.7035243870281,47.86481311274512,34.413036151960924,0.984434862322692,0.988827466620688,0.06081453714452777,0.06179864487021179,0.5584709313176659,0.5505971121911939,haze
72.81784057617188,28.1015625,193.59857177734375,35.59296920888263,28.554479629031338,58.87234643047372,130.05888480392446,69.74482230392196,0.9835079429744618,0.9911278900937645,0.07225928011452977,0.07718388756738924,0.5841276592188348,0.5958898111331173,haze
73.8399658203125,48.11732482910156,202.91249084472656,15.165009128065188,44.670052471311806,44.90115879916792,23.393566176470646,33.448774509803705,0.9955120423860281,0.9935395495840957,0.04996763807832356,0.05250742068724948,0.4351318813851342,0.4586636514381684,haze
36.98551940917969,10.867263793945312,122.09446716308594,33.17581304499226,12.338502845236407,19.717852406349305,79.32717524509867,16.77406556372575,0.9056673432563148,0.9800004401701919,0.11679016154339429,0.11097726694201462,0.7193034155766769,0.6852819286130067,haze
61.938446044921875,11.0616455078125,175.99514770507812,68.72369788190781,15.274602812876417,45.73160111420664,36.43147977941236,46.27058823529439,0.9918406294304023,0.9895606839798227,0.06800741448038286,0.05900920411179687,0.7334692154103407,0.5995251396791278,haze
59.23536682128906,16.154830932617188,188.08502197265625,47.81539265446481,21.516846884886654,61.472427297895315,197.83635110293943,224.7578278186275,0.9741521794226063,0.9705950837832329,0.0637920932613825,0.06628287963914328,0.5438207756473048,0.540671629600481,haze
90.02424621582031,34.81718444824219,153.73252868652344,36.87224658532414,18.728200497626805,44.83960749855854,19.518734681373008,11.499571078431517,0.9954971040000881,0.9973356217859131,0.0297234430274761,0.0314664669086686,0.44983876255805216,0.47786984705476504,haze
97.01751708984375,16.460159301757812,173.39169311523438,52.028748692103065,10.1435512377522,23.30842951204416,145.54659926470913,81.01982230392314,0.8522011045314113,0.9177531180653384,0.10200302491843016,0.10293692215820349,0.46200423037149546,0.4786645391923033,haze
57.69892883300781,14.016204833984375,136.92587280273438,49.68334184473115,13.264385426885216,42.06984133362473,36.62254901960847,7.933639705882511,0.98997849828946,0.9978269647894988,0.04020837406937712,0.05240077264577626,0.40925773924346226,0.618775554681521,haze
69.70683288574219,20.274002075195312,145.49771118164062,36.21289739425268,13.714550997712005,61.61184962564069,35.41963848039278,11.805637254901928,0.9954173913422887,0.998469457460406,0.0641075572564524,0.06603961209379966,0.6061513055375055,0.6600941977850546,haze
57.70597839355469,8.876388549804688,187.44320678710938,30.02593673976896,15.100643818066924,18.598884292964428,104.61366421568731,72.84689031862871,0.8744606458361618,0.9119797990819712,0.13062731708532874,0.13396302656900438,0.5827467103386493,0.5967178088818725,haze
99.72688293457031,43.847198486328125,141.03143310546875,42.391070710004975,40.48517136468473,74.62011102073616,192.85788909314522,85.16825980392348,0.9810111083822409,0.9916027938786766,0.11889441109277006,0.11467616644245968,0.6487123249658833,0.6352333157759825,haze
51.342926025390625,20.247238159179688,138.2406768798828,41.71367176352396,31.77751853442511,71.37936198878232,64.86628370097944,48.151822916665786,0.9938162586284913,0.995382763222893,0.027452589570225328,0.025588264365012013,0.4735174942624291,0.4276434076405597,haze
64.83381652832031,14.35400390625,216.98651123046875,47.4173531706586,11.052356692620911,26.729824001455746,33.31692708333331,24.96487438725516,0.9809181462008058,0.9857076757638767,0.11379286167797893,0.11792506313517205,0.6298402924631423,0.6224434310891606,haze
31.009124755859375,52.3125,156.57374572753906,10.723094213075925,17.064791012056265,46.03566480330357,3.7281862745098615,3.1618412990196427,0.9989147197409395,0.9990736790519644,0.051617094337819254,0.047917092726341676,0.6800567192941241,0.627971311701356,haze
78.20152282714844,6.9152069091796875,150.6088409423828,62.561626537283765,6.949792702191111,31.468779490223948,73.47706801470684,64.07012867647151,0.9662718156384562,0.970486495684914,0.10093999548822515,0.1024642585004049,0.4988533077301601,0.5552123984015027,haze
106.3843994140625,59.680206298828125,164.45697021484375,5.628441614726965,26.50784984812465,50.163644353693435,21.9583639705886,17.480974264706322,0.9953328355380193,0.9962728509576747,0.03589803253575066,0.03850470554105979,0.5321972204978909,0.5533027740757492,haze
24.469192504882812,24.108184814453125,177.1701202392578,18.255369384032285,13.703828156881697,43.069456618419885,25.852726715687307,14.107705269608337,0.9922731260760363,0.9957655416108657,0.14747374995778395,0.14216797326796388,0.582648440072998,0.6194826753393973,haze
29.926589965820312,5.1495513916015625,133.02093505859375,51.772802343556485,10.666033505188754,8.941386008041821,24.20925245098095,15.101302083333442,0.8366577868795885,0.8978453897687445,0.13850362741312974,0.15123275674884204,0.5698590934876703,0.6501795163767076,haze
90.75888061523438,13.467620849609375,137.06427001953125,47.56080314931525,18.53751890378532,73.56946787225776,108.56295955882662,88.86501225490395,0.9898212011248395,0.9916740609099436,0.03369509961502677,0.03198936745401169,0.5486073239606495,0.5377011789208945,haze
78.39239501953125,27.920440673828125,183.91490173339844,62.37664354498172,30.180273780079798,65.67883213475119,79.66678921568678,65.99921874999923,0.9908934759165644,0.9923914267857387,0.1281537695625934,0.12893820763119992,0.7043434673459572,0.6617098304371749,haze
48.373779296875,11.367202758789062,156.23410034179688,32.94090711481688,9.179139167141875,44.34775249244919,19.30333946078449,11.088848039215724,0.9951009517223466,0.9971674453803966,0.03194846014881307,0.03212575129000884,0.46945561243936185,0.4798421020162562,haze
89.27676391601562,28.840530395507812,169.34652709960938,9.34708413425902,18.20063873811896,64.0389770039116,8.80193014705861,68.0857230392155,0.9988952525050803,0.9914315979217118,0.06671030888612028,0.05650288350253952,0.7190533628071011,0.5581086872227193,haze
18.092315673828125,14.771148681640625,170.5623016357422,33.87897617107622,7.820969713509448,53.91851615743394,6.064935661764763,8.291927083333253,0.9989465700296035,0.9985508695553417,0.06668034801432922,0.05803626626611368,0.7108559929769777,0.6095585997185634,haze
74.31739807128906,30.786331176757812,150.8524932861328,57.65765035809976,35.80682615604636,52.32665168682892,218.7896905637303,115.8941023284334,0.9611390959974381,0.9793714281102088,0.05628596141440834,0.05015910586816601,0.5733787266257849,0.5183269571269307,haze
87.80764770507812,11.740814208984375,122.99261474609375,51.99019049140828,5.967074615254686,36.12587949228139,4.357643995098079,4.036871936274549,0.9980406692930891,0.9981759739047574,0.06881509553507321,0.060618045410270716,0.7294810073203936,0.6535631316595649,haze
0.0,0.0,193.9844207763672,0.0,0.0,41.29735849234207,8.850306372549083,7.263449754902064,0.9973972860366807,0.9978525114566098,0.049478976961938245,0.05670877881782089,0.5358299007518892,0.6200127291149131,haze
62.484100341796875,4.639434814453125,132.46328735351562,59.85398944411851,5.859502400523202,23.346966312981195,16.923835784313827,16.344408700980456,0.9842566654242043,0.9847786376860952,0.06716704498186842,0.06758697173996456,0.655001725084844,0.6318942661077337,haze
40.84486389160156,28.277908325195312,150.39666748046875,7.742329135925687,5.489641256751319,30.514352950122113,31.568811274510512,23.74670649509855,0.9831567913687428,0.9873112662008012,0.06755012316114388,0.06696968862009377,0.5754255248901691,0.5923067896997136,haze
37.610443115234375,23.880142211914062,178.2505340576172,43.74022397276262,21.241351898430096,49.076728610999055,17.072931985294467,2.833731617647102,0.996618140291335,0.9994387695625468,0.04351989976398716,0.04421022230726601,0.6325453322861686,0.6718744427947013,haze
90.8492431640625,32.924224853515625,175.26373291015625,6.657664859417629,18.05549700214211,27.392266010471435,100.49007352941292,55.9512408088235,0.9461853791641933,0.9699015186267064,0.07773409387875531,0.06830152978730944,0.6780701305915167,0.5936707022596986,haze
24.920120239257812,20.073104858398438,172.46920776367188,17.654853732407158,15.114765206158372,73.8366312333978,52.42688419117624,32.07950367647116,0.9950570499595427,0.9969587677812529,0.10879252925016732,0.10758835668342533,0.5957520982930598,0.5803351329788343,haze
18.871490478515625,41.331085205078125,117.4122314453125,4.549061995534462,7.955350362105579,18.271202481988954,22.95793504901979,14.678370098039299,0.9583421504242546,0.9727916063654266,0.07335042713666334,0.08220686722197537,0.594133418002904,0.6414567353051488,haze
0.0,0.0,177.25845336914062,0.0,0.0,56.072201956290904,161.89002757352577,201.75399816176022,0.9742488057584044,0.9675945650817473,0.03862904544310043,0.0396395333710074,0.3181432483736752,0.32805815825578,haze
23.278045654296875,2.6400909423828125,178.65374755859375,39.15045321889628,4.8717684869020275,17.05622042380016,17.544623161765028,16.89672181372571,0.9702028644004305,0.9711449588382643,0.07337529725225488,0.07452350250390426,0.5953320913705723,0.6204712125980192,haze
18.738189697265625,28.033279418945312,144.11770629882812,10.135216997098421,20.617429665942343,48.14835320364872,217.58820465686415,242.87602634804162,0.9560592023478197,0.9502072540413523,0.0527743557014487,0.04968492260100368,0.5517863886444049,0.5401035396917472,haze
70.51783752441406,61.112030029296875,120.17149353027344,42.78730995573926,35.45708342413916,71.75001037642382,10.560324754901833,7.41498161764707,0.9986281580336495,0.999031178772673,0.03597953797410912,0.03697295842088165,0.5614269624137119,0.5168951102364775,haze
0.0,0.0,148.55099487304688,0.0,0.0,31.303064705746333,125.59390318627689,51.108180147059514,0.9359199678884371,0.9739083238554311,0.05698801496212593,0.06004551712818635,0.4290590701334337,0.46165892409325654,haze
88.83285522460938,7.8203277587890625,190.21470642089844,31.473891587894872,13.275888945195057,15.41074483288177,60.55542279411746,36.64928002450977,0.8881832444691569,0.9330721604594359,0.08696980447959916,0.0918899758436018,0.6076024048669548,0.6299414226969726,haze
30.478302001953125,32.11274719238281,152.09417724609375,18.233419812107027,41.20003371579827,42.98071366440297,35.31142769607855,18.510309436274515,0.9920984401175219,0.9958389621398501,0.04247096850737983,0.04322888032355069,0.4797245092008749,0.5047650120196209,haze
99.74066162109375,56.23686218261719,112.6798095703125,59.03976733238256,23.803175394885617,41.48145534762136,34.58445159313811,21.07138480392217,0.9867606634779729,0.9918740829611258,0.0455619889271134,0.04144626142107787,0.6033971720547352,0.5233022956941146,haze
68.08515930175781,7.653106689453125,155.25009155273438,50.168450638041875,8.730009712028586,28.94918343493017,48.15274203431436,44.34522058823576,0.9731810840738192,0.9752988395549612,0.04364407078460101,0.043102150843552685,0.4301742689331288,0.4202531897311318,haze
17.495620727539062,20.082275390625,146.9212188720703,12.626669438729339,8.091110561323845,28.33580994428995,46.818964460784265,28.058072916666838,0.9705888538258883,0.9823411981985689,0.03112399241209954,0.035499536778774966,0.34548396711896345,0.40570134881702014,haze
60.318603515625,2.7004852294921875,148.5542449951172,60.38212307232751,3.669230731241031,23.181528367035607,14.914139093137354,13.762009803921723,0.986832760801355,0.9878053796707813,0.08908867798988805,0.08986652851026072,0.582294184563423,0.615419083448984,haze
23.633316040039062,12.476150512695312,176.7105255126953,26.13957755816658,11.434823961225678,29.546937327319053,104.49433210784515,75.1931678921584,0.9464192594775616,0.961179201997827,0.026700633502581762,0.03153207089735209,0.3284168557275149,0.3781461532121292,haze
24.925857543945312,36.10829162597656,167.919189453125,3.7486829185394224,14.46179345957126,39.13897709451696,98.77078737745413,27.925015318628354,0.9688702377262822,0.9912195163780081,0.03594673178067076,0.03818001872730595,0.41706141318063744,0.4453512862223905,haze
95.56263732910156,9.621124267578125,137.4694061279297,57.26551240526587,13.587331523711386,22.421950082656334,38.6140471813723,6.490333946078445,0.9638862342659927,0.9939099555952656,0.10791057089934565,0.12265048457365046,0.7189656893274129,0.8282510265973184,haze
49.375579833984375,4.218902587890625,131.32574462890625,49.741099645941915,3.715851235856299,41.638057276685984,2.108946078431389,9.284037990196074,0.9993783373450291,0.9972490498308108,0.06607338405142286,0.06652032614685907,0.7345146208150144,0.6610089894875634,haze
110.29743957519531,14.426895141601562,173.46261596679688,59.04140132026204,13.313007616348749,31.334109565428538,23.269791666666784,11.096798406862819,0.9902513532034766,0.9953472387369847,0.08512222615014235,0.09740391816355914,0.5575375093001841,0.668557684379546,haze
110.75260925292969,36.926727294921875,180.2625274658203,32.48093079145064,10.189409618155015,55.2273521733984,13.896216299019823,11.687791053921535,0.9970297513645073,0.9974830214255571,0.05512242862964136,0.053199413066208304,0.6481426384599466,0.6194656087364757,haze
0.211395263671875,0.0351715087890625,145.17295837402344,3.1051599935375065,0.8257809698017317,60.35911139540448,106.21852022058927,92.08599877451093,0.9854002624221722,0.9873276721821183,0.032586803859301794,0.03314917709638889,0.5406864142763758,0.5363499837864597,haze
111.02293395996094,22.477096557617188,173.93048095703125,12.164442914543018,16.488949686394584,15.995718989447878,74.8012867647065,21.52974877451055,0.8410620517363899,0.9556394502531118,0.14211796866206017,0.14023913411868985,0.8263831495189813,0.8325897286886713,haze
73.95928955078125,10.449111938476562,154.24383544921875,41.000362373150274,6.802685070964673,63.91436587819357,25.432659313726205,33.429074754903056,0.9966018979632535,0.9955208780292225,0.05195250337573163,0.046978858874534825,0.5966772627987981,0.5333016363294594,haze
49.28541564941406,11.719558715820312,155.6130828857422,33.32996826231658,9.199968263022424,43.79668546053812,16.991176470588382,9.607184436274563,0.9955760742861072,0.9974820421247291,0.031966921894907116,0.03242276975038457,0.4725142941964137,0.4826061667050282,haze
113.63606262207031,18.747421264648438,129.8048553466797,13.336928745380614,10.39436468196243,32.431252243098655,3.8976562500000362,5.56352634803922,0.9979102871274979,0.9970049731962358,0.06410718480801228,0.06545569026466577,0.7107793454359675,0.679987044686681,haze
80.226318359375,45.41654968261719,159.81663513183594,28.182327437685082,18.009369683475633,34.558629184040356,17.924034926470743,16.040808823529442,0.9875747212897379,0.9888454848479598,0.1402728652051801,0.13435490633302435,0.6105934525874788,0.5811270044792339,haze
93.56877136230469,23.015045166015625,201.88648986816406,11.070382828451631,19.405809348872218,48.32720440791647,46.66056985294003,38.34200367646941,0.9914982381231509,0.9929728467984724,0.05963461787339725,0.06344366340254923,0.5410919910229037,0.5586650299894073,haze
44.93318176269531,13.817108154296875,136.15773010253906,28.766319990856104,14.281791617756145,49.089462284404576,17.152450980392437,11.298636642156897,0.9965243965476273,0.9977004809214547,0.04183717679677507,0.04310307908396667,0.5212587566199228,0.5362931244502634,haze
58.0181884765625,12.550811767578125,149.1993408203125,54.908912321531346,16.232995533614666,81.31856217526834,39.01890318627487,32.059972426471674,0.9970194030559514,0.9975473353465251,0.057228650538551966,0.06180845884228491,0.5026593395548017,0.5732818222565932,haze
16.5950927734375,54.8515625,179.75888061523438,2.7545444236075527,13.265068267174975,42.079562410081344,7.495726102941318,3.1167279411765096,0.9979248603454824,0.9991316122770714,0.05902255428340681,0.05849080048194889,0.6594810805697395,0.6639663428379011,haze
26.85107421875,16.320693969726562,146.6323699951172,31.41846449073266,12.670777358127099,32.622479382256046,45.14355085784278,39.07208946078418,0.9791202856495144,0.9818739683821865,0.07680343831124314,0.07297640013328878,0.6241466016528294,0.6027924431302984,haze
60.998016357421875,12.146652221679688,206.13124084472656,44.52371779468191,21.145242245364187,31.50018751239842,50.217984068627004,11.844561887255002,0.9807103486866191,0.9954540453540274,0.06736890448035206,0.06205419426658252,0.5901388564943639,0.5631564643490764,haze
104.06417846679688,36.77412414550781,105.74400329589844,73.96635786439677,15.9592115056034,38.88040685670306,52.30974264706155,44.50883884804152,0.9821137258651725,0.9847461323145049,0.038134820801689034,0.03977962932071097,0.4319832392474205,0.4560315363602901,haze
29.689804077148438,8.726791381835938,177.5394744873047,30.913185636385673,11.159791323233124,70.34028638023814,33.380039828431414,28.80706188725507,0.9966017496830358,0.9970545303170198,0.061481671481618684,0.05482925922786272,0.6342768346951821,0.6059719171995739,haze
76.69816589355469,10.287582397460938,165.92132568359375,59.18913141689151,9.633478515216982,36.46611192124435,10.635171568627475,4.898988970588269,0.9959831837509499,0.9981501017826331,0.06649178399066193,0.06368275586082661,0.6741047578851618,0.6512470632012014,haze
100.23348999023438,34.93797302246094,192.180419921875,3.842072678063606,20.3073171198513,19.54944180712457,5.698667279411839,3.069178921568664,0.9954230333617182,0.9975294562849637,0.07351483209212777,0.07682033933691075,0.666198395643243,0.690037875325428,haze
102.49630737304688,112.58378601074219,154.92018127441406,28.961172776682133,59.36868694992597,52.959803394437664,129.64208026961106,139.1316329656928,0.9788414542685786,0.9772513108105522,0.029654617484210034,0.025429699023230376,0.4864543480459465,0.38346156966178524,haze
104.02107238769531,16.014068603515625,165.62782287597656,20.866473035606372,7.9166910013169405,24.377893591948133,57.25741421568691,41.08144914215712,0.9479508669400958,0.9624492614096832,0.053295888064286964,0.05834722625330886,0.4174961463876373,0.4712796362032462,haze
91.13124084472656,9.609100341796875,170.37998962402344,58.65367068895959,14.131920627130395,44.582557839097284,106.26064644607983,66.1446078431379,0.9739938472301073,0.9838503530026785,0.047912971541963355,0.04473655459456007,0.42118260324439355,0.4483489453256849,haze
90.80206298828125,76.89620971679688,134.4901885986328,61.11937082170074,60.538741139447126,44.99678429727816,8.983471200980564,8.534834558823677,0.9986585693606991,0.9987203732134329,0.03954913027281095,0.038749595292055766,0.5657908829024095,0.5397071074082656,haze
49.97346496582031,24.976593017578125,153.33450317382812,37.45459874836133,20.981116421740456,25.087089221649055,19.07984068627472,13.574402573529532,0.9835555780542077,0.988279658681925,0.09219854221597414,0.08988220354036587,0.7211544721451242,0.7144660858905502,haze
18.804473876953125,53.32408142089844,147.62632751464844,3.9548664647439438,24.36301908914209,53.4945000125566,117.58284313725856,87.0313878676487,0.9784696887699239,0.9840660802014445,0.05678222299156457,0.05154497116361312,0.596861800668195,0.5615453138852704,haze
16.277175903320312,18.043014526367188,146.59523010253906,4.653135919445026,7.997510276613894,44.00777950332768,40.93535539215642,26.570205269608092,0.9891828016315841,0.9929385790958394,0.04031668493005542,0.042166853180605104,0.5031380109704205,0.5413881955593762,haze
87.54669189453125,6.3317108154296875,160.2266845703125,25.763577371709832,13.566152582402593,13.739296023409041,97.92132352941218,52.25067401960792,0.7489576868915653,0.8641412869476974,0.11484012819190273,0.12019841634230587,0.76171103172599,0.7619349442416571,haze
0.0,0.0,155.8188934326172,0.0,0.0,67.42379861353581,61.7764399509803,22.206617647059122,0.9932085650563665,0.9975432313597434,0.07671104588699451,0.07540262270306614,0.4579108497953271,0.4743132992638155,haze
50.88970947265625,16.046890258789062,146.5010986328125,59.11026544121442,19.514740251159694,47.73443284585323,39.06711090686268,44.03484987745048,0.991559519981008,0.9904425167096248,0.0832046433818116,0.08588814605811891,0.5970567095664479,0.6230101403031669,haze
22.43304443359375,14.344345092773438,177.78611755371094,27.19723755860721,13.946429710747099,15.38169306259948,20.97757352941205,1.011167279411774,0.9427035744113226,0.9974461066509805,0.14642587880306632,0.15637263380626762,0.7747392527430512,0.8400568315117524,haze
54.46490478515625,5.9635467529296875,167.6147003173828,34.06324434774034,8.26669371597774,39.56509440038543,188.11879595588138,86.11977634803871,0.9417931881594431,0.9730730292878498,0.0606540439744701,0.07183695373263803,0.44237763241170835,0.5344979376642537,haze
76.50933837890625,8.349288940429688,176.73736572265625,50.44576202904624,5.7277313604822035,46.31098497536743,23.762806372549335,28.886871936274922,0.9939030931726968,0.9925431308008781,0.05992583916142399,0.05678802491826853,0.5934064466500533,0.5223386401034915,haze
33.733062744140625,10.6829833984375,182.87045288085938,31.15295875167969,26.746176662291486,60.87940466703236,299.30698529412683,145.93367034314082,0.9612263485251383,0.9810030285262042,0.05837434592529154,0.05435594081542817,0.6984652335248226,0.6200269344943586,haze
49.227783203125,10.315811157226562,172.0353240966797,33.597972039454056,8.984122496858397,34.66485466311144,10.383256740196087,4.295297181372561,0.9957879380946719,0.9982435961065088,0.04098833918405432,0.042652819426905034,0.5527998266241184,0.5879993669359284,haze
18.10009765625,31.961441040039062,127.00178527832031,6.584110807632418,16.288351285389666,27.92022588619967,1.2914828431372671,0.6534620098039278,0.998904245221558,0.9994434749951623,0.07497270246954262,0.08260584802260432,0.7829569572171262,0.8375075200031377,haze
48.60755920410156,10.073471069335938,73.94354248046875,54.019489277381155,12.724749067969512,39.49813589350971,14.392126225490372,9.30143995098042,0.9953090985233658,0.996958692918625,0.048224979552348377,0.04791210832564762,0.5835373571458172,0.5910390937452286,haze
55.01445007324219,29.64306640625,154.03749084472656,36.24059880193113,49.65661330717358,98.22920631223923,52.10706188725559,54.98595281862824,0.9972681138237905,0.9971081487797098,0.1942952024583981,0.19189612874889708,0.70619419135942,0.6642065859044077,haze
35.689666748046875,1.753448486328125,157.7828826904297,60.81186950197689,3.111489889671503,31.353875122478165,7.993918504902009,4.376041666666676,0.9960307389000318,0.9978154992540151,0.056085422947793555,0.05139776640118244,0.5950500567565765,0.6052827228616632,haze
35.78599548339844,3.8574066162109375,154.58714294433594,38.24585927586791,4.486008768476149,30.171903403401743,81.85275735294171,46.22363664215711,0.9559290126390697,0.9750081260328505,0.06592190717160949,0.06048920599230661,0.5387960079211068,0.5375668408076789,haze
18.529739379882812,98.98423767089844,188.00465393066406,2.0880213942203,31.21710493211897,68.56328155495544,34.24157475490244,18.221262254902033,0.9958368914310705,0.997774275906411,0.08787372248990585,0.09493496069032967,0.6602650369758147,0.7050247006103385,haze
84.01512145996094,24.695785522460938,139.8691864013672,26.613336582645463,19.99644052338732,53.88449877277177,9.903967524509795,12.495787377451087,0.9984324854834504,0.9980212160837768,0.03318387749361543,0.033401170316699154,0.5160067866994833,0.4951223576590714,haze
1.470916748046875,0.1139678955078125,127.19796752929688,10.963084312410368,0.9165612030359499,48.58021936091087,169.4157169117672,103.23296568627539,0.9632372674543545,0.9776066935008122,0.03367241297006513,0.04072036378460448,0.4873455105974083,0.584867927369397,haze
98.89765930175781,35.98406982421875,123.48760986328125,19.292136548528504,23.51677393142199,70.12331644731623,10.806495098039056,6.854963235294201,0.9987464384035708,0.9991998624521086,0.03225559906138349,0.029116560518479224,0.561024047133263,0.5019110203360294,haze
64.70834350585938,28.751220703125,198.70945739746094,47.40184323839769,39.64549055826636,74.45669800359568,53.01735600489935,26.46478247549018,0.9956632629293704,0.9978206699027298,0.1875092463283273,0.17705059369765072,0.5424508081746245,0.5142243345964359,haze
114.91702270507812,21.42071533203125,120.20169067382812,48.90604139105841,20.57957608840703,28.623182228087867,11.480208333333392,6.24215686274516,0.9943584109507814,0.9969171496627466,0.0967350255638968,0.09231053837041574,0.6387619952066927,0.6731982440680337,haze
118.07420349121094,10.956222534179688,124.04023742675781,51.122578555403635,23.048635195776313,37.1841276072911,53.9964001225494,51.583287377451406,0.9807869457837142,0.9815555669952515,0.03999874765678875,0.038698921927166514,0.5007789196105823,0.4770142941693511,haze
46.06748962402344,25.78656005859375,137.27081298828125,13.97097958154803,20.61740375698458,59.165548229836396,17.159742647058703,49.85479473039173,0.9975333547117882,0.9928300337626018,0.11357873471171069,0.10549888512213307,0.7545271508104261,0.6147657306566853,haze
82.48948669433594,44.02226257324219,193.603271484375,18.911306769965627,32.69354752715066,54.494480106705524,263.57265624999815,212.91525735294007,0.9598235317566628,0.9675197193826379,0.05956546694375791,0.06028690450057507,0.4393442736358116,0.47625110145945126,haze
57.8603515625,8.26898193359375,137.01995849609375,42.96638735292461,7.6700254605251015,34.897332131423106,15.607061887254986,11.173146446078448,0.993453279594265,0.9952908464266405,0.05168109208573758,0.053270171800912224,0.6054736870441123,0.6327835958734481,haze
62.410125732421875,34.734466552734375,146.27871704101562,33.90258671179521,40.00403635391772,77.50735015022184,75.15969669117689,97.60560661764886,0.9937960168677884,0.9919081551421834,0.03713869092475144,0.03745441376777469,0.43979701943035165,0.43770250964753055,haze
19.915786743164062,143.0021514892578,123.65327453613281,4.2337339283433835,32.25061855382765,45.19395936373866,68.32210477941292,46.562193627451,0.9790193313650729,0.9856559362010041,0.03643861814269885,0.036163360329891314,0.4426239503838855,0.44091531066127393,haze
106.19770812988281,35.3560791015625,129.44094848632812,28.987700727263384,30.806139440129144,43.73024481970114,135.6800245098059,76.12898284313748,0.9613706681404486,0.9780936827600263,0.04466863302735806,0.0460628847736068,0.5591042130828525,0.5822884294962636,haze
73.11602783203125,3.39434814453125,170.5888671875,74.96771295228433,8.450464275677314,35.20920717106782,13.31660539215691,12.056556372548975,0.994702779070713,0.995153090116413,0.05804479102205887,0.06373179777065152,0.5795243268110454,0.6379422777863889,haze
0.0,0.0,153.82919311523438,0.0,0.0,26.09453006521717,6.441207107843192,13.272380514705828,0.9952493879436949,0.9898941796183263,0.09295996579467698,0.09950723702793507,0.6987697727394708,0.7316214814171955,haze
75.96823120117188,9.179794311523438,125.27980041503906,59.68854837120258,14.01676726137826,41.435084723329595,164.7784160539231,112.87571997549134,0.9516159420934741,0.9668793658761567,0.07580485363882233,0.07804957115994618,0.5465957696702127,0.5820664022568688,haze
26.872055053710938,4.302337646484375,84.98541259765625,55.39612683437262,7.741026064136672,15.854443340384869,100.12841605392323,49.563771446078846,0.8038254348818762,0.9027713496148673,0.10781311814119524,0.1118303587059223,0.7231380956387387,0.7070517192168867,haze
108.40931701660156,10.978317260742188,184.0185089111328,4.026911938518703,2.299212872790211,16.385598306399594,4.609083946078472,2.985217524509811,0.9914526810944283,0.9944372459454508,0.10120110043406684,0.10034064586567706,0.7361643779071814,0.7558991899923826,haze
77.09359741210938,31.86798095703125,147.80909729003906,42.50761899506858,19.99516992275564,51.02884480924943,163.19010416667086,50.26185661764816,0.9620726800824865,0.9882480599132265,0.01704742318941782,0.025216073097411355,0.20799809509137113,0.34508474474806955,haze
32.19816589355469,12.670303344726562,139.13609313964844,4.6091389961106195,2.5729625288899602,26.17392342301073,2.092784926470596,2.73186274509804,0.9984774513458012,0.9979971589876449,0.0834346865033205,0.07855379087625046,0.7558622770888221,0.7171846139053519,haze
66.85411071777344,12.32110595703125,144.4342041015625,53.478590937003666,8.797510389880888,44.47636013480819,31.827144607844012,21.909849877451464,0.992190538427623,0.9946010236514203,0.06068759585077489,0.04725287947929084,0.5739683604675289,0.48852840978919526,haze
54.663543701171875,10.711685180664062,100.41325378417969,48.362554030613985,13.779657342406267,39.542238631401645,69.5761335784328,42.765104166666994,0.9780686297342228,0.9864871391271425,0.0939478014864014,0.09003158359976517,0.6930574021645802,0.680123814393762,haze
90.55026245117188,48.41349792480469,184.39710998535156,7.858583260597076,37.92077803520497,65.01184563465779,84.16040134803833,49.334589460783064,0.990893797835112,0.9946270889091128,0.10121123403634215,0.10775063911663019,0.5042342838927097,0.5150030075035621,haze
57.496551513671875,16.54937744140625,131.28199768066406,33.29725517911966,16.427144532549782,39.925466409989134,64.82414215686526,114.82201286765394,0.9802509021486687,0.9648066603777331,0.032316346531883984,0.025394211800825683,0.3971715831592783,0.29571167673309723,haze
47.23750305175781,4.2980499267578125,205.57199096679688,45.263944934957,4.114160694321349,14.381743252484629,9.296262254902015,9.827359068627471,0.9773246242605177,0.9759115565890432,0.05231469953346622,0.05207876119817869,0.3794010749856332,0.3761284290846331,haze
93.12660217285156,67.22802734375,172.5152587890625,2.743023659943339,11.526004983688752,30.116726635277676,19.35603553921586,13.225827205882462,0.9897471863845828,0.9929658091264572,0.07408231093738478,0.07630641415945483,0.5543564091615012,0.6146955216190334,haze
32.67909240722656,7.423126220703125,152.24676513671875,25.56522718359327,3.5999918405650226,15.725090220283322,1.4172794117647094,1.0290287990196096,0.9971980927377816,0.9979514433996799,0.07021080622268559,0.07543874084167004,0.634826820751999,0.6775076638098375,haze
103.32182312011719,13.731964111328125,170.161376953125,26.348524479698817,6.557058851044099,12.72319131065149,2.3766390931372707,2.738526348039233,0.9919168694021832,0.9907880500356977,0.14491165513726245,0.1554642867197178,0.7437126634091683,0.7988515829085142,haze
29.094085693359375,2.4335479736328125,135.29754638671875,49.216347887131455,4.351202369216949,30.822086313583146,10.040211397058851,7.690594362745145,0.9944078696081399,0.9956798111940686,0.08740233550673594,0.07768891259547656,0.6928924763448497,0.6445673025081208,haze
0.0,0.0,124.72146606445312,0.0,0.0,57.623069037935274,57.91185661764868,21.53166360294177,0.991280311590437,0.9967494773503495,0.040601673118586736,0.042542525792319937,0.5315569790426059,0.5453345360376913,haze
65.71580505371094,18.491073608398438,117.98664855957031,52.20756565224134,14.211380289871956,38.494729474947476,31.808088235294882,27.947824754902438,0.9890817566040673,0.9903515884808397,0.02926262034498232,0.030083684168917657,0.37664920826317994,0.39344354754232513,haze
41.6341552734375,10.824386596679688,180.06887817382812,42.78201942068909,8.88451454922258,36.578823121625796,25.388128063725578,20.620358455882556,0.9906579467881995,0.992240190999813,0.11128097479812346,0.112328829504074,0.6566840304837825,0.6576001867378226,haze
56.588409423828125,15.706939697265625,202.90493774414062,40.54949220761294,15.547628497279899,44.647898851557585,89.4158241421589,18.188020833333688,0.9787019416969511,0.9956658399491037,0.2039859661415836,0.20732693120691284,0.5725326418786769,0.6814116972460396,haze
55.80162048339844,47.50367736816406,180.12657165527344,25.119179386142637,23.947795393346183,56.12103177092411,8.074785539215858,4.303216911764757,0.9987913163915132,0.999351966985006,0.044489810615216396,0.044628128341602895,0.6215918000143621,0.6098619351075836,haze
51.719146728515625,18.75091552734375,216.7935028076172,36.07536239699696,18.355542296529958,47.0350153693946,36.001348039214406,24.91576286764642,0.9923852199380263,0.9947318953534007,0.10495518722883633,0.10879624184176723,0.5572356537772258,0.6170373677339894,haze
53.46244812011719,6.1703643798828125,209.16189575195312,55.32912852329533,6.574606208987916,31.38776767996595,12.194929534313887,5.521139705882412,0.9939346480201151,0.9972422393212635,0.05975366367129106,0.0622206244454994,0.5489636996901531,0.6185343355700528,haze
106.63230895996094,11.037841796875,185.62696838378906,14.037787937874095,3.0913178777125982,18.799113531144542,63.32429534313753,37.04819240196097,0.9100153700143776,0.9473540468652372,0.10078143569074563,0.10074121896301436,0.7413128620056536,0.7485434210265218,haze
104.63423156738281,45.875701904296875,142.17385864257812,1.97702241477062,9.20543552187875,36.652221781923494,9.785248161764674,6.045649509803987,0.9961156611475164,0.9975815598919037,0.042220310487549734,0.039828890928721404,0.5521912125583307,0.5431107428875139,haze
83.85885620117188,24.255203247070312,117.09027099609375,21.567165206608543,18.65736423177451,33.112162154467484,66.3457873774522,47.824448529411846,0.9729481572992343,0.9804170344494818,0.03911956226028997,0.040391225174101444,0.4143068870492643,0.45439446032713976,haze
41.973876953125,10.755889892578125,180.03494262695312,42.00085871179098,8.60779456634916,36.500075662902226,18.748345588235367,13.42901348039202,0.9930736229025314,0.9949299216615165,0.15026301646934123,0.15272981779206424,0.7784120591584132,0.7787290253922834,haze
45.46867370605469,19.709701538085938,142.36691284179688,49.784192732793066,30.159832221194925,73.21014811871494,83.50209865196167,79.38229166666697,0.9925252216011076,0.992872656013446,0.05399257397906839,0.04283561437496788,0.5207957789620585,0.4490186368084575,haze
89.32925415039062,41.994873046875,149.77938842773438,58.687120313812365,30.67463001562058,65.2134522020749,27.79307598039241,21.907383578431702,0.9962902150711833,0.9970776317715834,0.029745447531219785,0.025551344310269647,0.5420345959209126,0.4368448899691694,haze
61.43199157714844,4.1835784912109375,127.2608642578125,47.4998501241563,5.490837604117543,42.80370509156373,70.39874387254963,85.26513480392167,0.9806746459939857,0.9762487557618765,0.07665819234791643,0.06596029595240034,0.6452768541819776,0.5783768008540774,haze
37.95439147949219,7.2492828369140625,145.933349609375,46.99518360476395,15.918515839090292,43.25144768576981,52.5383731617652,28.27132352941242,0.985952347516961,0.9923981011452104,0.05402578255129079,0.0514836495831998,0.6452248828185522,0.6146765702850246,haze
109.68853759765625,12.7763671875,150.26223754882812,47.445304207249116,12.148176517933729,62.42593379735614,73.35085784313857,35.19532781862771,0.9897453562733574,0.9950573870602988,0.03657105992089025,0.034809923431444144,0.5915806520578322,0.5474620279595188,haze
19.99566650390625,12.018936157226562,185.931396484375,7.1189589946899705,7.803111057699065,19.297255957854638,7.542325367647133,7.672748161764773,0.9903950067512447,0.9900068018178604,0.07845467913037332,0.08359625885428612,0.6346446709944008,0.6708494415522611,haze
35.12493896484375,7.7027130126953125,80.37052917480469,28.082640355339265,7.594922344748841,35.404007507051084,79.43973651960839,58.572227328431445,0.9677609243112523,0.976003575786891,0.049876199504341176,0.05216922254194779,0.6213427822428536,0.657852336091302,haze
30.692031860351562,10.072097778320312,131.95957946777344,27.17590653916714,6.232664358919644,14.81003053630338,10.936397058823491,38.070006127451094,0.9729491747322437,0.9000040956364342,0.13745014270338285,0.15001725358302653,0.8122334261055534,0.8871052315301778,haze
21.723678588867188,85.89645385742188,131.2217559814453,5.92069875094395,46.837928917974835,57.59276630495156,24.05234375000068,12.001332720588062,0.9964778993565379,0.9982341886967125,0.03218674565155585,0.039795883665597935,0.5413524370160203,0.6826035342259487,haze
0.0,0.0,165.73008728027344,0.0,0.0,42.97371571340444,20.88382352941178,19.794194240196095,0.9943460143318437,0.99461646349636,0.06937494851846088,0.06867891834045982,0.6460486954695972,0.6106719000329138,haze
0.0,0.0,153.89559936523438,0.0,0.0,47.51968966573101,23.93647365196074,24.63495710784317,0.9946909530980726,0.9945188303597411,0.08847539343825653,0.08621273583138112,0.6552799231212361,0.6562557994088849,haze
70.322998046875,6.1898040771484375,208.3316192626953,55.72139492325507,11.446520325483718,41.074195516547874,19.931142769607618,57.184666053920985,0.9941368235653257,0.9828298353230953,0.07136344093709075,0.0762714453092696,0.694345613785294,0.7342078082879786,haze
110.68760681152344,84.91514587402344,201.748291015625,9.302335068007018,52.655696388474766,40.03822442122005,6.203523284313897,34.49278492647165,0.9988740919631076,0.993714075496529,0.06779087537593634,0.055287479516213586,0.6979697586403435,0.4956497563948989,haze
79.60725402832031,27.746917724609375,175.2068328857422,26.185450103263804,28.9993376498069,38.85750573907013,7.998360906862821,6.746323529411851,0.9975442005388803,0.9979300670127845,0.05110196997728261,0.04939175193074379,0.6737693888490368,0.6622937100071307,haze
108.01025390625,51.04597473144531,183.14170837402344,3.3276690318497146,18.351420516714644,34.916906839155594,38.36801470588282,36.444301470588705,0.9849260875643183,0.9856092028861194,0.048397262200652325,0.0367206432108445,0.6095835199547045,0.45518521000531226,haze
32.42475891113281,3.0489501953125,148.4586181640625,47.34510121224874,3.4516774569838855,40.305829256030826,5.8407628676471335,2.4387714460784577,0.9981949918537065,0.9992422679398872,0.06218703650753237,0.054257366377930445,0.7304528727095186,0.6697803400263067,haze
115.32662963867188,45.091827392578125,192.04421997070312,7.5299716136894705,24.341515143433845,50.58646956925251,11.154932598039391,5.648146446078513,0.997692767390081,0.9988234461074911,0.05596340981469561,0.04658172202862225,0.6252499381627495,0.5207306413919509,haze
75.03581237792969,16.787933349609375,154.95513916015625,25.0591594186534,15.419558927258027,48.44766591107987,77.03060661764741,10.288893995098114,0.982998631900091,0.9977257802171761,0.04803824605035773,0.04850808889885163,0.5839502617417001,0.6194232923503296,haze
94.62442016601562,17.640060424804688,165.63095092773438,50.57366638657407,37.95616721508423,58.905668486428716,59.44610906862768,22.409114583333537,0.9910807493826974,0.9966097671166182,0.042794720934398976,0.03578610063549006,0.5432576768152674,0.4999062968053652,haze
41.851806640625,47.47242736816406,143.31138610839844,26.15824643586284,58.035577343149676,73.5827136579155,72.20785845588547,27.396185661765617,0.9936744693068564,0.9976060820335065,0.0299027514253562,0.029266741880354472,0.3745256053991442,0.4178722114119274,haze
108.47457885742188,42.857086181640625,172.86012268066406,1.9053278394193143,14.362809809399785,42.025291592471014,77.91637561274541,15.661014093137473,0.9743536676583893,0.9948384898076174,0.06600164276127021,0.057227419380269776,0.7175861781686699,0.6500904907771718,haze
79.60725402832031,27.746917724609375,175.2068328857422,26.185450103263804,28.9993376498069,38.85750573907013,7.998360906862821,6.746323529411851,0.9975442005388803,0.9979300670127845,0.05110196997728261,0.04939175193074379,0.6737693888490368,0.6622937100071307,haze
102.02989196777344,50.74562072753906,181.3428192138672,3.812652968313018,23.593720975752017,30.941205014278726,6.203860294117736,6.305422794117696,0.9977458196852577,0.9977101871688248,0.05170155113932288,0.04048580361553305,0.6698468999497356,0.517272833027516,haze
115.32662963867188,45.091827392578125,192.04421997070312,7.5299716136894705,24.341515143433845,50.58646956925251,11.154932598039391,5.648146446078513,0.997692767390081,0.9988234461074911,0.05596340981469561,0.04658172202862225,0.6252499381627495,0.5207306413919509,haze
94.62442016601562,17.640060424804688,165.63095092773438,50.57366638657407,37.95616721508423,58.905668486428716,59.44610906862768,22.409114583333537,0.9910807493826974,0.9966097671166182,0.042794720934398976,0.03578610063549006,0.5432576768152674,0.4999062968053652,haze
104.01382446289062,30.562744140625,140.74615478515625,2.981887755659288,8.581066631266715,37.75385654399815,38.02225796568632,12.686642156862808,0.9857471076874007,0.995245109182067,0.07915368863870487,0.07669888992220764,0.5507312293943868,0.6064445214044893,haze
108.47457885742188,42.857086181640625,172.86012268066406,1.9053278394193143,14.362809809399785,42.025291592471014,77.91637561274541,15.661014093137473,0.9743536676583893,0.9948384898076174,0.06600164276127021,0.057227419380269776,0.7175861781686699,0.6500904907771718,haze
54.71209716796875,19.02911376953125,148.47055053710938,18.501639566449466,10.131736078896255,28.369713691645398,18.60265012254915,5.695373774509868,0.9886704117104893,0.9964957502869833,0.079286500253245,0.07209817585994244,0.6838559936501335,0.67828142702866,haze
119.31065368652344,59.27056884765625,183.5219268798828,3.673720450467375,15.73554948504609,26.415789261123933,26.050796568627838,13.57610294117651,0.9798441123061549,0.9894473901446478,0.10405245042568276,0.08698057562904671,0.8673001231097767,0.7568836847362771,haze
83.64486694335938,10.27349853515625,140.72225952148438,69.59118999904216,5.9790357069398015,36.69446141659976,16.71548713235318,11.054779411764782,0.993234912146089,0.9955004299714039,0.06523352830625027,0.06355958172812931,0.6127938569263385,0.5994617180249101,haze
117.62960815429688,43.05950927734375,140.2262420654297,9.33226188459099,26.690026453952925,27.748965272296253,8.747349877450977,6.008532475490245,0.9945713568062128,0.9962682450279068,0.06536368402642619,0.049627929726801155,0.6358998512479932,0.5198292108868298,haze
60.54609680175781,7.1027374267578125,179.74888610839844,11.76072738315796,3.000455869766563,32.420402455896685,78.82009803921649,44.70090379901988,0.9628096152122801,0.978729420954648,0.040192721503551306,0.0459240800909149,0.3797780935763968,0.41916422433609685,haze
84.09620666503906,41.14569091796875,148.3631134033203,21.40467689852246,17.31454860781415,41.94854381527157,204.31357230393294,109.16380208333888,0.9335407386153327,0.9644390551469241,0.03977363990205899,0.03620286749260337,0.4748199226977934,0.4610856209515756,haze
104.45034790039062,23.561904907226562,200.49887084960938,0.9908827548444522,2.1369610087162965,6.2777969709925925,3.5669730392157097,2.3529718137255022,0.9570932983915723,0.9718221403777205,0.2150306294303682,0.22127722940352348,0.8583664535590381,0.8846847436837761,haze
97.13302612304688,34.973541259765625,165.01744079589844,12.844567505453409,12.600116717415244,39.61825688316234,42.94675245098008,29.12981004901987,0.9838246017957399,0.9890747673526981,0.11325697736996959,0.10374254902328917,0.6264140091609972,0.5960582299234886,haze
100.44741821289062,12.403961181640625,150.0440216064453,13.471833864230586,7.051125913144963,38.022151713974196,1.9838388480392282,3.4414828431372655,0.9993056370470823,0.9987881479585934,0.08015413883780731,0.06548758026449278,0.8636600659477301,0.7640985514228672,haze
38.8426513671875,23.57012939453125,165.32444763183594,37.317212683981396,15.000391477080822,58.44369643968459,11.900704656862873,5.348391544117717,0.9981850822387998,0.999178929846127,0.041814322719347666,0.04381881935539824,0.6374873550498688,0.6413755487242735,haze
49.7919921875,15.249130249023438,121.41848754882812,32.865824517673396,9.989069840197427,34.5584717894111,7.941636029411875,6.974417892156934,0.9967276935739808,0.99711847454618,0.049783559538317625,0.04663438309820718,0.6235336412468793,0.5964106376683314,haze
119.31065368652344,59.27056884765625,183.5219268798828,3.673720450467375,15.73554948504609,26.415789261123933,26.050796568627838,13.57610294117651,0.9798441123061549,0.9894473901446478,0.10405245042568276,0.08698057562904671,0.8673001231097767,0.7568836847362771,haze
32.10328674316406,8.938186645507812,167.5187225341797,13.1570559595047,8.911436772727708,46.421418933449665,157.1790441176454,63.75398284313756,0.9639393217054775,0.9853954760607707,0.04058458510391561,0.04233772248191185,0.32541300280806923,0.35906147061133564,haze
98.30262756347656,31.634567260742188,178.4591522216797,3.3322098142675234,14.51040657516374,32.6501930337425,12.724846813725637,3.668872549019645,0.9945489604810378,0.9984240023933275,0.08742041394843282,0.09420464116668574,0.6225937467038011,0.7129165946775579,haze
79.09371948242188,15.043304443359375,162.36524963378906,20.146842665613626,8.710789570974304,37.79286519275137,54.77199754901888,33.711795343137176,0.9802547386392881,0.9878616198271272,0.08858754109510143,0.07697472120382196,0.7077815747123035,0.621614246902948,haze
75.03581237792969,16.787933349609375,154.95513916015625,25.0591594186534,15.419558927258027,48.44766591107987,77.03060661764741,10.288893995098114,0.982998631900091,0.9977257802171761,0.04803824605035773,0.04850808889885163,0.5839502617417001,0.6194232923503296,haze
46.4486083984375,16.349853515625,175.71449279785156,24.022468512306833,25.031539114045614,33.01402421089381,12.15611213235303,10.106969975490339,0.9941088040927052,0.9950649267971021,0.0663185083519146,0.060302394236243645,0.7016007111700306,0.6367841032805612,haze
99.43409729003906,82.57365417480469,184.63580322265625,2.9672574532314018,51.73912139973804,43.533542609612184,16.302113970588504,9.314782475490253,0.9972553046889943,0.9984289018189108,0.04161498775305865,0.039615824655595155,0.6158061109446834,0.5601315952757372,haze
32.82151794433594,35.427459716796875,96.47972106933594,41.80465233121471,13.131949857044757,64.32910428872137,76.94707414216126,15.53307291666725,0.990152223557038,0.9980150141228887,0.025263015311677784,0.04007095280137673,0.3000967811912552,0.5218619192546751,haze
73.54872131347656,14.601959228515625,149.35543823242188,40.37465427741422,15.332604342610834,40.49383204492339,76.21905637254926,51.73324142156797,0.9766835604659746,0.9841837223494837,0.046433902012548746,0.04373619040569928,0.49168985175854385,0.46559903106227457,haze
21.947769165039062,27.186782836914062,139.1423797607422,6.683907902204572,8.930605567906897,52.27416352480064,10.251884191176506,6.48350183823535,0.9980141779458427,0.9987373751307856,0.04501510891200272,0.04321522729099908,0.6627764525071076,0.6476946132894474,haze
97.13302612304688,34.973541259765625,165.01744079589844,12.844567505453409,12.600116717415244,39.61825688316234,42.94675245098008,29.12981004901987,0.9838246017957399,0.9890747673526981,0.11325697736996959,0.10374254902328917,0.6264140091609972,0.5960582299234886,haze
79.09371948242188,15.043304443359375,162.36524963378906,20.146842665613626,8.710789570974304,37.79286519275137,54.77199754901888,33.711795343137176,0.9802547386392881,0.9878616198271272,0.08858754109510143,0.07697472120382196,0.7077815747123035,0.621614246902948,haze
79.02835083007812,15.737808227539062,208.1463165283203,24.669325948708792,16.412464298705718,27.51453417048975,60.15179227941103,29.798468137254794,0.9618559085002845,0.9810702033272382,0.058551063563342456,0.053072660972399426,0.6446076739190856,0.5923694131080567,haze
104.67071533203125,49.38372802734375,165.36151123046875,6.000699367282385,35.760804152603654,63.26061670224385,35.141053921568556,72.14669117647259,0.9957412946274682,0.9912772940321078,0.03249382401929525,0.025575218119438085,0.4505024253607866,0.3224876612503548,haze
83.64486694335938,10.27349853515625,140.72225952148438,69.59118999904216,5.9790357069398015,36.69446141659976,16.71548713235318,11.054779411764782,0.993234912146089,0.9955004299714039,0.06523352830625027,0.06355958172812931,0.6127938569263385,0.5994617180249101,haze
98.30262756347656,31.634567260742188,178.4591522216797,3.3322098142675234,14.51040657516374,32.6501930337425,12.724846813725637,3.668872549019645,0.9945489604810378,0.9984240023933275,0.08742041394843282,0.09420464116668574,0.6225937467038011,0.7129165946775579,haze
115.46311950683594,12.893035888671875,133.64169311523438,24.122660582919853,6.049352717277148,52.475892297571555,31.349188112746,12.920680147058999,0.9939195349255915,0.9974838940604661,0.06122065743984617,0.05194544535780764,0.6939555931483236,0.6097417641264934,haze
73.54872131347656,14.601959228515625,149.35543823242188,40.37465427741422,15.332604342610834,40.49383204492339,76.21905637254926,51.73324142156797,0.9766835604659746,0.9841837223494837,0.046433902012548746,0.04373619040569928,0.49168985175854385,0.46559903106227457,haze
64.8372802734375,30.990478515625,162.8278045654297,53.91301796803298,54.26025491411961,52.02746850914061,97.51646752451099,47.8874387254899,0.9825589408782017,0.9914297853311018,0.06725056892872779,0.06431309597997192,0.4465797902525312,0.4572377385527562,haze
102.02989196777344,50.74562072753906,181.3428192138672,3.812652968313018,23.593720975752017,30.941205014278726,6.203860294117736,6.305422794117696,0.9977458196852577,0.9977101871688248,0.05170155113932288,0.04048580361553305,0.6698468999497356,0.517272833027516,haze
25.50714111328125,12.562896728515625,135.67430114746094,26.58730134028628,19.820343578946343,69.54108394270541,105.47867647059472,91.72547487745689,0.9891517210950724,0.9905461759211144,0.04472102163130418,0.03547365487670471,0.5977096876680172,0.49369210695033977,haze
98.76451110839844,54.90171813964844,142.24513244628906,19.515234331970934,20.21834396272037,62.01518715045095,27.251393995098752,30.723943014706705,0.9958708031757617,0.995328673061342,0.06763648221195644,0.04956626627419179,0.6668658498918444,0.4407149794499487,haze
103.85104370117188,89.84323120117188,179.9701385498047,2.6396652766956175,68.13751916010528,72.53705261093994,61.20191482843127,24.425091911765264,0.9948019740887589,0.9979233531824849,0.03912231849335694,0.04143981779441884,0.4518642051771593,0.4941759461537066,haze
84.29739379882812,10.943603515625,114.05650329589844,65.39373123442682,9.734487514549759,26.003121340764334,5.2796721813726295,2.6424632352941484,0.9961908184928918,0.9980894768773325,0.07265614584101043,0.07997251397034356,0.709168819971095,0.7773540165701028,haze
73.54872131347656,14.601959228515625,149.35543823242188,40.37465427741422,15.332604342610834,40.49383204492339,76.21905637254926,51.73324142156797,0.9766835604659746,0.9841837223494837,0.046433902012548746,0.04373619040569928,0.49168985175854385,0.46559903106227457,haze
21.947769165039062,27.186782836914062,139.1423797607422,6.683907902204572,8.930605567906897,52.27416352480064,10.251884191176506,6.48350183823535,0.9980141779458427,0.9987373751307856,0.04501510891200272,0.04321522729099908,0.6627764525071076,0.6476946132894474,haze
38.53800964355469,23.376693725585938,165.82742309570312,43.996233920783595,14.590975609750389,58.41827633277596,11.199050245098155,5.13884803921578,0.9982941238128366,0.9992120382123334,0.04270502552456061,0.04470142165094648,0.6471371211895642,0.6477289223458347,haze
15.416107177734375,38.80657958984375,195.8785400390625,11.22356156969905,17.62651507977215,41.36056685000425,23.952221200980766,22.699708946078555,0.9927407817209732,0.9930917997733754,0.04987608776388164,0.05079451054941085,0.5312551020618034,0.5575981189156615,haze
23.808670043945312,58.817535400390625,128.7196807861328,12.068175828330562,47.487724258012676,74.11530612447385,8.32397365196094,4.994393382353033,0.9992355599153875,0.9995403956786486,0.03519307551626146,0.035919721815752655,0.6306552023271281,0.6245956960027071,haze
28.535858154296875,40.20916748046875,128.1116485595703,39.50688086989114,22.85017782001971,66.48140302408858,10.303860294117714,3.8100030637255498,0.9987080264596307,0.9995210393914687,0.040832310795252985,0.040220632401178916,0.675222553185633,0.6865192387260842,haze
15.073593139648438,57.25181579589844,164.68313598632812,3.197503785913239,16.28178667125498,51.06008632778009,11.204442401960703,5.093750000000059,0.9978635302509483,0.9990232981838663,0.056185238180800005,0.052077918592885436,0.6743415457257853,0.6281332705704333,haze
119.13873291015625,6.2703704833984375,233.71400451660156,16.21925268687356,9.438222940126346,23.156525632352448,26.044378063725578,6.037408088235265,0.9773784835990179,0.9946551343698525,0.14226626670968068,0.14642482069055768,0.799502403636571,0.8700135153552528,haze
73.59986877441406,6.3564453125,217.45118713378906,44.169608909057246,5.561706400633984,24.762833120814886,10.410600490196128,9.738250612745148,0.9922110129007113,0.992673668269261,0.08769576329756958,0.08968866555609332,0.584663532109323,0.629300158096377,haze
54.71209716796875,19.02911376953125,148.47055053710938,18.501639566449466,10.131736078896255,28.369713691645398,18.60265012254915,5.695373774509868,0.9886704117104893,0.9964957502869833,0.079286500253245,0.07209817585994244,0.6838559936501335,0.67828142702866,haze
67.96292114257812,10.472244262695312,128.94635009765625,22.164447303721023,5.857853334072115,51.730599179435075,0.9915287990196149,0.9472886029411826,0.9998147798227112,0.9998223804850744,0.04940593757546208,0.04634252562987409,0.7752851973554663,0.729783642930653,haze
115.32662963867188,45.091827392578125,192.04421997070312,7.5299716136894705,24.341515143433845,50.58646956925251,11.154932598039391,5.648146446078513,0.997692767390081,0.9988234461074911,0.05596340981469561,0.04658172202862225,0.6252499381627495,0.5207306413919509,haze
52.40617370605469,4.179962158203125,126.25112915039062,56.436742031832246,6.931503344990528,32.91075433350343,16.40081188725491,8.979365808823598,0.992726704160304,0.9959913441966615,0.06865457207252518,0.06266842252356307,0.7421438155867275,0.7256807554646552,haze
64.26266479492188,12.538681030273438,166.63201904296875,38.26225542953679,7.618174959621037,29.07372404104558,40.28648897058878,9.947610294117776,0.9773578927868906,0.9943984051627862,0.06258440758680932,0.060257619778178576,0.6918165287967452,0.6904115972526463,haze
30.134750366210938,11.948837280273438,156.5234375,39.160934378864354,8.866209551145355,14.37186722826763,1.7160539215686286,2.8000306372549075,0.9956893909489478,0.9929016717221569,0.14363841671232258,0.13497898771163366,0.8446501593359093,0.7995889783853385,haze
51.32826232910156,10.007003784179688,125.68292236328125,33.4190312724939,7.9582687899775415,37.144847997648164,6.750321691176534,6.884757965686332,0.9975552295714898,0.9974993139544156,0.052509125617102,0.04747681572917116,0.6567475316482986,0.6122591588900088,haze
122.40953063964844,24.526641845703125,77.16548156738281,24.427373748400715,20.4691068832711,34.92559717658233,122.05863970588658,88.04284620098255,0.9483962021103153,0.9627320014783769,0.05716748499136053,0.057673617205217916,0.4763065770926994,0.4576423054628574,haze
108.70808410644531,50.196807861328125,112.15631103515625,8.686495590473568,20.92188359586494,46.62778180285257,90.15445772059132,35.86459865196131,0.9792307219998457,0.9917565892619328,0.02872992753359717,0.03526679417063221,0.3815041467759995,0.4746022392108297,haze
86.82257080078125,62.15592956542969,202.41111755371094,5.638071905959039,25.059325835641225,37.81510238085842,77.77559742647276,35.24419424019689,0.9754956846559765,0.9888152511145212,0.06424033404675195,0.055295795727666415,0.7331612087652828,0.6477353482091172,haze
45.08821105957031,6.7667694091796875,144.3779296875,50.686330617920696,14.262163329324409,19.62797433946859,134.07294730392215,89.61312806372581,0.8253086126157408,0.8826217466210657,0.09520658332821338,0.09096248770359867,0.6860339903238769,0.6849530371666824,haze
0.0,0.0,172.30239868164062,0.0,0.0,62.419378062217675,31.933302696078876,11.582107843137335,0.9959046273641574,0.9985051356443977,0.12632480330124293,0.12464950378499723,0.5345072169992083,0.5456622398210125,haze
55.332489013671875,3.806427001953125,152.40411376953125,47.640569119772145,5.300814832916223,21.9664096853268,10.627726715686318,6.0062806372549264,0.9883608340381883,0.9934044456502716,0.07649437106357042,0.0776034001267462,0.6453722915156906,0.6522952405761876,haze
64.49935913085938,2.1907806396484375,121.54679870605469,76.27886196256556,3.931348411237949,13.508507467238552,1.2071844362745159,0.8062959558823543,0.9967014712674301,0.9977961403951375,0.09830341717704277,0.10861783921382119,0.7418802998740076,0.8036757453361671,haze
78.34759521484375,21.28802490234375,96.83534240722656,48.40652925272719,20.856702354655877,71.56689313624697,17.199540441176868,7.981954656862957,0.9982343124831055,0.9991785352285242,0.04129694705236438,0.045342838385424904,0.5430215227443171,0.6198811226206783,haze
70.95213317871094,7.6780853271484375,142.76809692382812,50.914481301051424,6.063204148946439,63.28018704945524,136.02443321078746,65.55482536764683,0.9830168047724748,0.9918631251568708,0.036915691230363326,0.034246690596185035,0.5829986100023758,0.5164483957542362,haze
59.51411437988281,15.029983520507812,154.53915405273438,49.3850570973142,12.462820734934574,46.6805111608002,6.569485294117788,1.1029258578431462,0.9985125459307019,0.9997511253661276,0.043662120610563855,0.053157676756375914,0.6487845316932388,0.7735284433882121,haze
18.250534057617188,36.74259948730469,123.87457275390625,20.03821478824501,26.40730423617607,25.33131022129376,75.91643688725667,49.23118872549144,0.9431827865853829,0.9633329894963676,0.03116197601704365,0.03420540946827452,0.31618966959323164,0.350230586586131,haze
95.91719055175781,14.815750122070312,197.67161560058594,34.62010264952208,8.484555008165394,38.95161367642867,25.133992034314037,21.8972732843139,0.9909554346178029,0.9920719631652279,0.07264061075316285,0.06602208564690329,0.5435946586568932,0.5290189463291456,haze
55.52848815917969,12.586837768554688,162.0365753173828,50.586857619015866,14.933587009474,27.49188593478158,67.39103860294084,42.882950367647105,0.9553322592271163,0.9713298038103974,0.14705988944670895,0.1524255633127915,0.6776716542399528,0.7244440803705302,haze
8.565109252929688,1.22491455078125,123.1241455078125,31.195995860972914,5.692223580856276,28.993073248432697,82.93517156863017,134.29624693627846,0.9510748364605331,0.9193967355759061,0.07535693493412615,0.07551826205949812,0.6618982038658224,0.6630286218801292,haze
59.548736572265625,11.308624267578125,152.0113525390625,51.40644892382143,8.835545282350257,44.49427596642187,3.539246323529469,2.480545343137285,0.9990971373962456,0.9993668684059323,0.04666777175296366,0.05294478327280886,0.6742315929286837,0.7432063751568145,haze
61.385345458984375,20.819412231445312,129.6930389404297,20.38459654276298,23.02049660438151,56.20432035522249,34.19502144607825,41.05660232843115,0.9945973389625185,0.9934697153667147,0.04263834491368923,0.04231245461909128,0.6118135955436234,0.5888395429384479,haze
70.96089172363281,28.70587158203125,184.03497314453125,58.73027126326744,34.18530051692873,57.72894482476129,75.80183823529362,52.83700980392068,0.988181684127156,0.9917434450550549,0.045540451496478916,0.04205033689229151,0.5688579419624991,0.5348732073680023,haze
77.81207275390625,9.157913208007812,154.36605834960938,45.255102637137306,11.80402227881563,30.64451214452103,37.663694852941504,20.275873161764995,0.9802118195510023,0.9892833634179484,0.08316401720888798,0.08028743423191,0.5963930804705365,0.5867273113953803,haze
101.29978942871094,104.19407653808594,140.45281982421875,15.519705293499165,24.810192714778232,37.64233934073083,12.308226102941314,9.340701593137322,0.9935716599730816,0.9950987121765902,0.05911892292254959,0.06120285715597374,0.6383561246424482,0.6481311598586231,haze
87.87052917480469,30.967544555664062,149.55123901367188,40.50572115955978,21.567530821377005,58.443209992617724,4.379411764705946,6.632904411764742,0.9993799473107273,0.9990570689630002,0.041344240484680043,0.03771939141743298,0.6709934278229717,0.604781388752868,haze
51.49821472167969,11.210723876953125,125.21284484863281,46.23213663933955,10.706642829210809,51.88766700274163,22.778691789215944,17.565563725490318,0.9957943838819209,0.9967440169996087,0.04924734075810833,0.04383424375177605,0.6335890281548456,0.5735034365740501,haze
49.639739990234375,13.65545654296875,167.6122589111328,54.02287235632429,17.14006425021591,49.66052913081077,79.68408394607738,58.63089767156823,0.9842587456547676,0.988300443163023,0.040987083947323026,0.041849444456798265,0.5364186682527793,0.5429226238984032,haze
92.04484558105469,25.204483032226562,124.82975769042969,44.645640359471365,13.984985323451312,63.88257765719321,0.8091911764705967,1.4703278186274624,0.9998982652205415,0.9998146161639118,0.05869579033805957,0.0514351756624662,0.7869932333314656,0.6581999772838678,haze
0.0,0.0,120.71510314941406,0.0,0.0,38.73763106108782,47.88057598039245,38.172702205882594,0.9840716160335221,0.9872700398272051,0.06264168969471107,0.06475477722865326,0.6973341828838368,0.7123641978472767,haze
0.0,0.0,158.36537170410156,0.0,0.0,75.17059477823587,67.67758884803915,63.19774816176403,0.9940095307569223,0.9943771522297811,0.10202136936796115,0.09967492346002216,0.377309103296006,0.38795252862621726,haze
129.82009887695312,28.545852661132812,147.3634796142578,11.524019427678878,11.633935402665296,52.842427574622256,86.05277267156893,19.256571691176912,0.9842251568329893,0.9964567069653258,0.019435634975562405,0.021936737165984682,0.2631479289715673,0.31169832888461413,haze
60.0155029296875,10.216705322265625,101.14616394042969,61.47604129823374,6.361476962553478,9.251821716410484,7.4851715686274884,6.55482536764708,0.9553956777073216,0.9608037308115985,0.08759499392119646,0.08431684746552504,0.5614506894415505,0.536606807049381,haze
40.143157958984375,5.8246917724609375,102.68389892578125,62.127620022153906,11.203712613554265,30.011236921951202,98.54185049019799,41.254227941176886,0.9473491719073274,0.977980718446195,0.08274443859486053,0.08752532557279896,0.6112777336639839,0.6432336879051521,haze
71.23216247558594,12.539688110351562,160.41905212402344,37.85267119924217,10.775327270370225,41.47198691186543,49.014537377450324,11.482383578431287,0.9850312270676279,0.9964821332030069,0.08923084448357219,0.0926811211842782,0.6825762452566081,0.6989998533678379,haze
10.469146728515625,26.42724609375,147.16140747070312,4.149536428063526,17.927773892543723,19.24355243132695,47.28206188725532,9.316865808823632,0.9480843309980612,0.9897166162048552,0.07633238165939298,0.09165744149089666,0.5530123155740526,0.6834761732881687,haze
77.69940185546875,24.902130126953125,119.06231689453125,25.545465430983686,18.5907578108085,30.377396979002175,79.97956495098121,89.23192401960866,0.9621594917198745,0.957619389442738,0.04487788586709117,0.05001544765094685,0.3796871683914264,0.4263472158140837,haze
94.82183837890625,7.1327972412109375,145.01296997070312,33.235128828122896,5.582600163464116,15.047473792037236,8.274325980392184,7.374096200980424,0.9831495495786295,0.9848693686197355,0.05285754055691557,0.05346045048536427,0.3920846829303644,0.3984069479646996,haze
24.436065673828125,74.0513916015625,170.06640625,3.5629842118277515,9.480871045850927,42.74327114755672,34.25474877451044,14.232429534313814,0.9878259695524129,0.9949073451081389,0.0652117506061741,0.06346067246049113,0.5765768883243607,0.5886366484245499,haze
88.5018310546875,40.543975830078125,137.42672729492188,33.885165846143884,37.318889488562924,79.94238554025361,22.0587316176475,10.145036764705738,0.9982336361069752,0.9991858446270404,0.03001028785755522,0.032199386873841905,0.46884597262604183,0.5282015990751059,haze
102.92073059082031,15.309097290039062,176.034423828125,72.62007218368285,28.481259690670967,55.112077625111425,57.1069699754895,39.75556066176424,0.9914153789084202,0.9940127785461562,0.056076333558422994,0.05942345265954643,0.4900058377034016,0.551703735716336,haze
101.62727355957031,72.32484436035156,157.75936889648438,1.7820568144316913,16.82201397699258,30.58452544221565,9.40332414215694,3.992708333333374,0.9949182748343711,0.9978416020544114,0.049022307676876854,0.053509776876101374,0.6184668420572685,0.6691661388129813,haze
21.413421630859375,11.25518798828125,131.69342041015625,9.447852314980608,5.104292908189154,31.848725911832712,246.67352941176503,255.68869485294124,0.872417764031683,0.8635683374833961,0.10941673100783372,0.11067310041853025,0.5629647152563415,0.5861186198138209,haze
33.228515625,13.282333374023438,159.67095947265625,4.774674025987885,6.958478655210067,51.1925090450875,15.814950980392041,33.626577818627545,0.9969980898370967,0.9935996561121276,0.05496465058386724,0.05400075174570224,0.6662933700999468,0.5748424490191442,haze
72.07315063476562,13.483901977539062,183.00686645507812,39.85812036270545,22.23204808480494,51.54729843832065,141.6247089460772,133.32299325980438,0.9748610986747341,0.9763079884110714,0.054282850561746504,0.04739311263928293,0.582899074934545,0.5084391189886837,haze
18.738677978515625,26.11767578125,102.2149658203125,31.187216863856204,46.07770385497986,46.551156330030025,375.07215073532944,271.8462622549189,0.919860512341707,0.9416402676693961,0.018750050060807637,0.01910576160832116,0.23568564859398317,0.2428609397110129,haze
59.352294921875,5.9897003173828125,179.1015167236328,51.731580648417506,11.131126549775809,15.653541124944562,56.72617953431376,36.32423406862758,0.8934507153369122,0.9319228490209992,0.11110942265842097,0.09780000712684109,0.7952790623171784,0.7108605637951164,haze
16.283370971679688,54.190185546875,180.15667724609375,3.128549053242113,13.39164911357811,41.87431990579176,6.509987745098124,2.6830116421568997,0.9982026510245465,0.9992545708344367,0.07268640299741652,0.06390048434287922,0.7588444838741465,0.702851239001215,haze
64.65763854980469,12.867431640625,163.5995330810547,43.4376495466144,9.775545153696934,45.57346001743446,25.337653186275045,10.978293504902103,0.9938410466475524,0.997322379224854,0.02844252918781008,0.03052645789749063,0.41488563303095205,0.4562865504609872,haze
63.53590393066406,36.062408447265625,163.79818725585938,50.01558892697806,28.005102714278202,42.57376569295241,5.6865502450980765,7.010232843137314,0.9982240223808799,0.9978150396477502,0.04722002381770501,0.04248061025804535,0.6868534704145128,0.6283702663078828,haze
34.825103759765625,17.331192016601562,109.49281311035156,38.21347023688618,20.00750609774891,57.87547095945142,123.58334865196471,75.88567708333508,0.9808343168209778,0.988200741032506,0.0371041379995684,0.04301614197970471,0.4549975317004473,0.5188347040592541,haze
31.210739135742188,18.96832275390625,112.57841491699219,16.9856401187077,13.260759836257213,35.2816589225252,104.92977941176837,95.19569546568752,0.9578983353708606,0.9625619082280723,0.04413018341467435,0.04597566210361977,0.5550592660179597,0.5787117042459281,haze
56.37249755859375,7.505706787109375,140.57708740234375,36.78655611634328,9.103406352981436,41.04259056928386,90.85465686274654,108.94941789215866,0.9734226995808818,0.9674556785327588,0.057507620936554774,0.05389068643942083,0.5868557096407389,0.532082237101826,haze
75.12139892578125,8.179397583007812,128.04779052734375,62.95032421633302,12.591220996007372,41.53045021040318,57.9339767156864,89.28892463235248,0.9836857814960357,0.9748082447117331,0.03543568892346653,0.03506722918080238,0.3408651129847271,0.32492933228996945,haze
109.26441955566406,25.788864135742188,115.90507507324219,25.19733545461602,8.11089098855788,37.13881695385453,17.031341911764738,16.725321691176546,0.9928627334218538,0.9929517605141219,0.0303019507768742,0.03018567120843967,0.34225948176940857,0.3391186694668307,haze
106.55105590820312,49.94317626953125,182.72561645507812,3.675013550051983,11.820142351269743,37.303727907139326,22.2441482843143,15.550321691176752,0.9912396642763257,0.9938841870620185,0.03763258961392534,0.04395130721452508,0.46321394422920803,0.5537753180456673,haze
49.751739501953125,16.609329223632812,148.63339233398438,55.71347653226324,24.320673463466488,24.389444426923387,50.63780637254906,14.282904411764573,0.9697504294313831,0.9914090956347413,0.08301543639155642,0.0940170785483812,0.6637080347725034,0.7270004369117955,haze
57.90550231933594,10.281829833984375,210.7754364013672,55.8925436620095,6.383011637908577,25.96615807187138,99.39146752451035,34.8776041666668,0.9220981045721441,0.97241100143825,0.045991553251734686,0.05306624168314345,0.28170532516683827,0.36252100142882343,haze
23.150421142578125,38.591705322265625,117.81887817382812,33.93015591136178,37.54065725081703,66.56458399804886,2.279733455882386,2.6319393382353273,0.9996321671376741,0.9995722342735812,0.05060889790850328,0.04177202782987979,0.7509143971477906,0.5928314452974923,haze
89.38011169433594,10.576080322265625,198.1746063232422,23.833242290411555,5.584170753591538,43.94592794357986,30.026914828431696,8.490839460784349,0.9919081432830897,0.9977080252782614,0.09564966497727302,0.09473024910197926,0.6677272283990855,0.6883327753713441,haze
103.62496948242188,116.6234130859375,124.60578918457031,2.607644975061446,21.252047751087805,58.248230027394044,149.3797640931405,89.50710784313848,0.9652350150482356,0.9790896452862632,0.02905348021460769,0.03315771317392986,0.36626162651008815,0.437212313059308,haze
32.7476806640625,13.848220825195312,155.60647583007812,25.09023195376495,11.982464536489495,43.40653456819462,62.29204963235343,43.7902573529417,0.9839713491685989,0.9886859226023385,0.04065301384088051,0.037352457251965294,0.590408671512006,0.5329596761831634,haze
38.84246826171875,14.54718017578125,167.27169799804688,32.06573402018714,19.562741065501456,62.43691788996513,103.52063419117843,87.61746323529522,0.9870786731563245,0.9890403188390609,0.06331098010248871,0.06426713033658728,0.476565544784721,0.46411594181510685,haze
20.056610107421875,15.302566528320312,194.69912719726562,26.244292876299557,24.673994219164953,60.92886349431539,94.88302696078419,54.178232230392034,0.9877578069520219,0.9929683540677939,0.11926377880429506,0.1204922503726836,0.6685835883273891,0.6630478454229781,haze
71.18666076660156,5.8884735107421875,134.99452209472656,53.6543047425066,12.372576761300135,22.548519812825624,85.73175551470725,50.789246323529355,0.9068956123188888,0.9444247118115152,0.05799067789938317,0.06480106237122438,0.4842750184143308,0.5879247837720459,haze
47.23750305175781,4.2980499267578125,205.57199096679688,45.263944934957,4.114160694321349,14.381743252484629,9.296262254902015,9.827359068627471,0.9773246242605177,0.9759115565890432,0.05231469953346622,0.05207876119817869,0.3794010749856332,0.3761284290846331,haze
36.37628173828125,74.33177185058594,77.61221313476562,5.516627603875604,13.774370982713956,27.088309872480828,2.0535845588235504,3.2690410539215984,0.9984713705751749,0.997548509731384,0.06777998365301004,0.06673251005740895,0.743048824727066,0.72448274948635,haze
33.58592224121094,53.023345947265625,134.0908203125,5.733598183530482,8.206602946400617,44.17749418418267,14.39471507352952,9.622503063725546,0.9962163761023192,0.9974595553769672,0.039758130475976726,0.038939708424658694,0.4826481291018434,0.5128309565564066,haze
25.704788208007812,30.734710693359375,133.59474182128906,27.182792319121123,20.50409775884066,65.78154549045118,9.443412990196082,8.506755514705906,0.9988409912832418,0.9989529231071023,0.035181606700515955,0.03715827780920401,0.5861785356737685,0.6003947280773777,haze
21.3056640625,5.7724609375,107.35818481445312,44.21082618269293,11.744412615538549,32.35258078082351,8.326853553921604,6.920327818627485,0.9960772467282424,0.9967235086949061,0.051448015664864274,0.04687058692621954,0.5839821536427365,0.5453859147685883,haze
17.612060546875,53.000457763671875,134.70481872558594,8.814313576808942,22.587495347636818,33.03977804960247,30.99845281862898,22.34109987745199,0.9697925406608595,0.9782373181193365,0.07104579421263055,0.07966836119640237,0.6920805591009751,0.7487679288952446,haze
58.43403625488281,13.023361206054688,148.7102508544922,55.07802371981073,17.588079314295967,81.34092352404294,37.10001531862768,29.019531250000632,0.9971751371398652,0.9977871077332054,0.05478035310683797,0.05938958370809863,0.48078730070342707,0.5625030751730423,haze
86.89248657226562,39.308502197265625,140.55104064941406,41.51921031450623,26.81760674848798,56.43304922864555,14.737837009803977,131.95208333333437,0.9980869127813179,0.9827826936464735,0.03317628181526572,0.034771227710302825,0.4899415928145106,0.53928693900368,haze
19.816741943359375,30.056549072265625,151.23439025878906,17.35262524127036,19.44958255158556,48.44175298415887,77.097349877451,38.08831188725505,0.9813399404714747,0.9908343588086643,0.0632629269214918,0.05786092680490879,0.7104887205857726,0.6879103722914975,haze
92.1220703125,16.683380126953125,132.01844787597656,53.10462779157552,15.024539526681151,33.57692317871762,102.86182598039426,116.39633884804311,0.954837963941922,0.9487126664409533,0.04021038747565456,0.03524531894953642,0.47362517346615085,0.4132852487079314,haze
103.40467834472656,9.833999633789062,148.70448303222656,43.61473763340626,10.159964076013202,55.05039551898745,72.74345894607808,50.868351715686124,0.9876483651310026,0.9913192630205103,0.14896651819264783,0.15009700264393747,0.6222941809571376,0.6262862761810263,haze
100.90092468261719,73.23652648925781,155.27560424804688,1.70052349316951,16.0686064411055,33.39960753525999,11.080300245098144,5.518244485294165,0.9946693146238851,0.9973464307838119,0.053146531382992815,0.05750223543303836,0.673977103162823,0.7245263493858843,haze
28.3817138671875,47.90179443359375,150.24452209472656,47.525646641713884,23.592837429634866,20.95603210479089,7.0958180147059995,1.5829197303921727,0.9923275051234384,0.9982818281288302,0.06802158856603861,0.07544791268930512,0.661020228657576,0.7346370645565626,haze
91.58651733398438,25.728912353515625,125.03182983398438,45.138559170937924,14.115601703048137,63.81711406744138,1.1978094362745182,1.8608915441176566,0.9998493053715515,0.9997652126343897,0.06812016394791881,0.05969357784074685,0.8105072582510229,0.6726573828201916,haze
15.00689697265625,62.6337890625,151.6835479736328,20.88446776174901,21.738206121241188,29.32279585114786,99.48696384804009,99.63157169117724,0.9253335722938719,0.9240226547629837,0.14876733691083452,0.1411607766830053,0.8683759170739647,0.8089037400886077,haze
37.47010803222656,5.4972991943359375,132.7760772705078,46.421889699652134,9.623158878322942,46.2562807400596,83.82604166666684,71.83509497548953,0.9807434469121958,0.9832543659428934,0.052284913711796374,0.049581359212879886,0.5946126363070573,0.5818560329582814,haze
33.19500732421875,12.938278198242188,135.3631591796875,23.26357137563707,14.242663899884958,38.3765512579639,48.194531250000644,19.687821691176918,0.9840958466088917,0.993468362506361,0.04764020976614596,0.04813515805091286,0.6007647450744802,0.5969958839497874,haze
53.44061279296875,7.8654632568359375,189.81591796875,36.85431525275548,6.085517262167387,34.18819966201774,46.25727634803977,43.37238051470649,0.981219743853453,0.9823937347137819,0.051136199923770456,0.06212783857859207,0.418681979038334,0.4962087909598177,haze
60.819000244140625,9.190902709960938,160.2303924560547,52.97465643070902,7.287354745554531,33.01537226306455,7.025061274509873,6.075689338235324,0.996847646393919,0.9972736192286967,0.07233049953288295,0.0703895765308032,0.616034995974806,0.5724677061907122,haze
51.6046142578125,8.360946655273438,112.18537902832031,59.290796939790745,3.8364720996283297,11.7980305403278,4.597288602941196,3.892968750000021,0.9833321085335809,0.9859090841203407,0.06789239362360958,0.06838196259645313,0.4842376337158262,0.48675741467419376,haze
74.59727478027344,26.293487548828125,221.29713439941406,26.98699973699601,31.780842630748506,18.289619354008032,66.2506740196076,16.92349877450996,0.9631066241284789,0.9905691912425936,0.07938870363173511,0.06952932881710784,0.6125665370214964,0.5832978253658533,haze
79.44282531738281,17.102203369140625,172.696044921875,64.17122535395997,7.9029137772441285,41.4808406890394,14.857031250000102,7.158425245098104,0.9953986399654142,0.9977742505932793,0.05170489155044048,0.053056830775471464,0.5762911552582025,0.5807125719024511,haze
40.22320556640625,11.946517944335938,139.22869873046875,44.686671100569974,12.77370480977163,37.687069262101865,42.38477328431367,27.05185355392209,0.9857620856035905,0.9908611856693738,0.07661604590004709,0.06623014025957678,0.6464472998156809,0.5857589129686366,haze
88.22602844238281,28.716033935546875,112.58160400390625,52.290865431300396,23.499994607978536,61.418511665144955,609.5187500000835,542.1644761030127,0.9126023889521314,0.922138020617863,0.033306342332237775,0.03114201610008785,0.4606140246987557,0.4577518257462088,haze
32.419891357421875,7.6040191650390625,174.66139221191406,11.971175498273443,4.093416205812415,15.400001582640819,1.9119025735294166,1.1165287990196089,0.9961368293638369,0.9977332108175402,0.09798734062915253,0.10132181575552049,0.7792898971324526,0.7914618782569681,haze
35.90766906738281,14.050888061523438,127.76243591308594,25.916779275622638,9.773810076327658,19.571125842602708,34.02423406862766,24.088710171568756,0.9567293352479179,0.9692079158024814,0.05321384486418792,0.053584027836456646,0.3836831355336137,0.3946872291690463,haze
21.69183349609375,102.96002197265625,122.94670104980469,3.041351838167766,42.652031123207536,77.32263095770172,16.166697303921758,15.517662377451256,0.9984848954856392,0.9985436635664232,0.02714856472275123,0.027799183460084715,0.4195813701418368,0.42775875214543924,haze
54.78843688964844,11.81939697265625,184.44094848632812,45.99385588330473,19.057323669061553,56.37358649340727,135.36280637254745,71.56315870098072,0.9791480512752248,0.9890170736465405,0.036310283606498864,0.04178193758138374,0.3821902099876702,0.41730521820298455,haze
19.997802734375,8.15325927734375,119.40803527832031,48.04801219493804,24.5820795625054,40.741717797624766,184.1585937500088,60.817447916668065,0.9439293905975988,0.9813650246453466,0.05731435749801453,0.05223578848641843,0.6663841740022525,0.5801874417771419,haze
107.673583984375,18.852706909179688,139.5499725341797,28.273046038095075,21.86932445199457,28.521326040750292,237.96294424020033,225.43739276961043,0.8571585774220545,0.8649928729188507,0.055540475056178616,0.06777659158627296,0.4919558277993413,0.5317275869981334,haze
36.36639404296875,2.8014984130859375,133.36456298828125,54.018041090155954,3.077254132179537,18.38260658696397,1.802665441176477,0.8160692401960805,0.9973333419127113,0.9987856078165771,0.09161413462856655,0.09489859043850525,0.7617615720014416,0.7917118652278341,haze
25.512893676757812,11.329208374023438,134.45147705078125,23.440357607318177,13.30182019697032,38.01447175110535,85.4208333333341,27.14721200980449,0.9712837175810789,0.9908410703741419,0.07474518514452144,0.06956238567355566,0.6963286426262499,0.6491979924365141,haze
33.63291931152344,35.81134033203125,154.68202209472656,11.965076579540993,17.95397550369009,72.95089247352354,33.99200367647105,26.24440870098054,0.9966509673599308,0.9974046694236365,0.03955212948687542,0.038718116495669364,0.5728305248169464,0.570668085050687,haze
0.0,0.0,125.38592529296875,0.0,0.0,48.26076172941537,6.5981158088236755,3.893535539215753,0.9985839301096139,0.9991599832797595,0.0438283988348035,0.04054437300764508,0.6023542114114822,0.5837716734015,haze
35.222564697265625,14.933929443359375,158.572021484375,49.238425145956576,14.623339913590883,36.17078200515954,77.52475490196062,48.633517156863235,0.9693874374471042,0.9806991173846806,0.03473584993498338,0.040524675432652514,0.41346282060788137,0.4846325376178305,haze
27.787399291992188,57.71275329589844,143.01263427734375,28.98343654623749,33.29830420149411,60.64589905598424,48.21507352941174,177.12101715686492,0.9901384127057057,0.963569568219673,0.030005644771131497,0.02059740277375415,0.40386877516330194,0.2214039570924253,haze
16.603439331054688,54.2423095703125,180.91995239257812,2.7518159863551395,13.323746420932908,41.6835232958204,7.321660539215786,6.885294117647122,0.997951573673838,0.9980537922708868,0.05938529946088285,0.0574223934852836,0.6591958223859627,0.6517600818261747,haze
28.381515502929688,8.75714111328125,138.78536987304688,36.49565704174031,12.89116515082742,36.09231493457213,129.85413602941415,105.46214767157073,0.9506574337532331,0.9597743610793297,0.04209241763941359,0.04732570640697541,0.4517869298749283,0.49059652006031595,haze
3.75390625,2.365203857421875,167.32859802246094,20.84645952860892,10.853348998909672,23.93562222409674,37.437791053922126,32.92386642156912,0.9676794477583567,0.9715169665092617,0.2674866471596419,0.27148962972024504,0.7781471295016119,0.7936407162685482,haze
0.0,0.0,122.19296264648438,0.0,0.0,28.22799116812539,27.16436887254969,21.813219975490654,0.9829149459917936,0.9862583384230961,0.06725349991353877,0.06822382866939398,0.5851301184953048,0.5839409126192455,haze
63.52543640136719,3.6033172607421875,173.55345153808594,56.42991431372486,4.406887903368031,27.895106093335922,11.223713235294195,13.168091299019727,0.9923212359246649,0.9910048566418684,0.07782373550280204,0.07476963527063656,0.6153233459696386,0.5846336076304327,haze
98.44059753417969,12.244369506835938,221.96632385253906,11.866848524593554,10.551524888139495,32.89606422994113,7.444914215686365,3.6305606617647457,0.9969308609135941,0.9984870521978719,0.10258646455478533,0.09958144624567207,0.6933241596211835,0.6960402109326416,haze
17.923599243164062,43.73741149902344,180.88629150390625,14.27923287209666,21.788136029040558,38.611632497576636,260.33756127451596,114.73978247549192,0.8929472707707952,0.9523638763438584,0.055814318320352205,0.05950185772056931,0.6539556097684258,0.6629163445931582,haze
105.35346984863281,42.00749206542969,168.2869110107422,2.3271183034676297,8.249834760822162,19.19574899195012,1.6099264705882472,0.6528186274509817,0.9981081318204339,0.9992301785486166,0.06369461347204346,0.07462048650717512,0.6739353017542744,0.7690752017901683,haze
76.80319213867188,9.853271484375,152.84986877441406,57.676542199439176,9.051416864578405,36.1437183412567,9.740349264705902,8.335125612745218,0.9961013413947388,0.9966416049566821,0.06623172489437097,0.06480232255128522,0.6593009930259812,0.62867031612827,haze
29.95184326171875,7.87457275390625,145.14578247070312,26.325766660341156,4.339991397474894,27.12143924930345,14.2350643382354,10.647503063725512,0.9903818578810172,0.9927639913182309,0.04306072307186956,0.04472466697807206,0.4488443937246515,0.47383162353558195,haze
66.29876708984375,8.802734375,174.64488220214844,31.140313395227405,11.472090148986567,32.94031383063589,113.0960018382367,116.07814031862958,0.9483297368561467,0.946722747949225,0.0647034815197246,0.057133479031561844,0.5520167986362875,0.5143427990639148,haze
35.71534729003906,11.352020263671875,104.93470764160156,42.88599289146586,17.104879052423225,36.21621405351267,23.00136335784314,6.4603247549020235,0.9914716874591937,0.9975957157020038,0.06723680118632572,0.06890006918004248,0.6820430708784213,0.6872794018734489,haze
30.215927124023438,27.248733520507812,118.54412841796875,13.398885865805575,15.043826556139415,53.45840525336973,232.9687193627595,221.82078737746434,0.9558528671993313,0.9575678853235529,0.034000688340174466,0.03284280144372365,0.35098504506163763,0.34242402608665884,haze
80.20428466796875,8.5819091796875,133.4307098388672,28.363976855469968,4.92230949149207,50.47966263982944,8.688036151960612,9.203890931372564,0.9983209860879966,0.9982164418635368,0.04248719428443312,0.039699160677102774,0.5862062549334921,0.5797251117643082,haze
36.901641845703125,17.608779907226562,145.53338623046875,40.8194116197199,18.49560680623922,54.802983111044064,77.64794730392119,34.11171874999966,0.9865151281731341,0.994056142152619,0.045420594478521974,0.04890032807982442,0.6292547190808054,0.6465631597614395,haze
41.15971374511719,27.603805541992188,152.97923278808594,43.77558739690908,30.666459851274688,53.53501256020719,110.49722732843291,35.576179534314306,0.9812097913116443,0.993971269900145,0.02606837721504739,0.02920800129181022,0.39830075546153737,0.45765172431977524,haze
87.85446166992188,6.980010986328125,96.07501220703125,61.539818733775,9.740295129955216,38.485408096477165,78.03690257352937,54.824034926471086,0.9726075452275567,0.9806873253261836,0.04685955617928427,0.05383675008820812,0.5473300627612374,0.6495323010349849,haze
37.35325622558594,25.867034912109375,139.30162048339844,34.181880011179246,31.92166595428755,56.67434137486226,146.16662071079142,42.737193627451454,0.9785918337075519,0.9937232658330875,0.0326388890886021,0.031654022717810204,0.4487646536742682,0.4779069212656104,haze
73.94111633300781,6.38043212890625,186.361328125,61.11381665832015,5.415884357860472,45.11990923710074,6.390655637255037,6.738802083333392,0.9984257244643253,0.998331971020225,0.059397875718139474,0.058661782279674946,0.6473180207875956,0.6085618311269567,haze
94.90974426269531,11.4332275390625,168.8161163330078,59.069855942972836,9.746459164391336,35.931592801259036,94.91511948529468,51.31946997548995,0.9639891370224218,0.9804730378912268,0.03882736474213701,0.04609503671620127,0.41408318730823057,0.5030902588185486,haze
55.374969482421875,11.970016479492188,172.0234832763672,48.79952342002961,14.908989079029308,50.89242110859455,120.33923100490263,123.14931066176294,0.9779055077515277,0.9772429271901014,0.08720117475095603,0.08811677639877963,0.5659925022246736,0.5548450251466517,haze
136.58071899414062,21.006072998046875,130.7991943359375,57.55146423605151,8.729651268133566,39.960578069440814,17.998927696078727,12.42971813725498,0.9943538348741067,0.9960798897562853,0.04150857503261135,0.042521362912519595,0.5046102692805721,0.5173897726643565,haze
38.74778747558594,30.145416259765625,149.177490234375,56.71205708229613,31.500099831812122,65.10293591157426,90.86908700980713,224.3152420343264,0.9904078252939531,0.9763111128405063,0.13296467988276828,0.1295123665193737,0.45931263587862226,0.4499139655346762,haze
43.69657897949219,9.244094848632812,113.32139587402344,35.77784284427427,13.440491930897446,14.264394584457696,13.590579044117746,13.468229166666761,0.9698258203989161,0.9702718485969862,0.07337136590246693,0.07364072106264417,0.597762283652299,0.6010325814081201,haze
66.2000732421875,12.7152099609375,153.5948028564453,25.321871046882535,10.072384113667436,28.682365404065198,76.55003063725616,57.94992340686335,0.9527649363015837,0.9643035353681172,0.08833476723809826,0.09590017781328153,0.5802461836543914,0.6302896378112917,haze
23.34033203125,30.7318115234375,127.75056457519531,20.443763537214387,21.224472085823443,22.35354744465527,50.549754901960966,23.60012254901974,0.8647376047472035,0.9367007523336314,0.157748109818994,0.17172111304375554,0.6756678077278072,0.7400415565892425,haze
39.79689025878906,8.4215087890625,136.03257751464844,46.868679815823086,11.969690982466634,66.15578794720459,126.7285079656888,142.1195006127494,0.9856150983827592,0.9837615941650053,0.05884127978617771,0.051831755933647625,0.5321975519826757,0.4759178785519742,haze
37.915283203125,32.8106689453125,149.15968322753906,39.668665108891155,34.80325228089902,59.22954169621111,266.53555453433904,154.38953737746093,0.9654384517364046,0.9798911925043551,0.023165047036335356,0.023771555948216592,0.34231314419752196,0.3516437492171972,haze
93.14227294921875,59.70863342285156,169.1948699951172,12.79882406973691,26.714542270563587,36.5058259500769,92.60828737745034,60.76260723039155,0.96210620895775,0.9749421290394024,0.07564581908604363,0.07645549903394708,0.6532106592779899,0.6243235011419748,haze
65.71580505371094,18.491073608398438,117.98664855957031,52.20756565224134,14.211380289871956,38.494729474947476,31.808088235294882,27.947824754902438,0.9890817566040673,0.9903515884808397,0.02926262034498232,0.030083684168917657,0.37664920826317994,0.39344354754232513,haze
66.6326904296875,15.932632446289062,204.64706420898438,45.68425026316281,22.61707603742854,33.623413183533636,67.90857843137174,22.724417892157376,0.9771468979699977,0.9923536967412472,0.06200989568946528,0.052693775020551475,0.5909567325598949,0.5298788887931934,haze
100.75566101074219,74.08404541015625,155.26112365722656,2.0360385254885975,15.954651978889078,33.4844534691552,5.946400122549057,2.2276501225490346,0.9971381950625609,0.9989283478069176,0.047379589784576466,0.051318331358645754,0.6132302318188314,0.6661592309308316,haze
74.83824157714844,16.703659057617188,108.64753723144531,54.23867302688663,17.725440757257115,24.22686779982789,80.5514093137264,54.58500306372623,0.9183513862121926,0.9443183311996909,0.10473368609842,0.1121749659952635,0.6172901737084292,0.6550922459040619,haze
98.09555053710938,24.145187377929688,164.30694580078125,32.85713845703993,11.979068010724513,21.955783965929932,51.03624387254936,46.28524816176484,0.934718251884106,0.9405181171221527,0.0670000524700332,0.07081714654559872,0.46014315325362193,0.47696612153781326,haze
94.97077941894531,26.751510620117188,173.9135284423828,26.08741474441826,25.553880905295593,62.90164123306544,132.2032781862774,73.71469056372626,0.982257336963574,0.990087762705241,0.05896652891398109,0.05583515516451728,0.5122518306228491,0.5029482094838366,haze
36.37628173828125,74.33177185058594,77.61221313476562,5.516627603875604,13.774370982713956,27.088309872480828,2.0535845588235504,3.2690410539215984,0.9984713705751749,0.997548509731384,0.06777998365301004,0.06673251005740895,0.743048824727066,0.72448274948635,haze
14.564666748046875,34.01383972167969,191.98252868652344,12.310154999515143,19.726820251786233,20.182538345187485,11.379258578431399,47.005438112744876,0.9870227878717067,0.9390144962327305,0.29149831773629026,0.2957863457088006,0.8723590951343634,0.8685072389583652,haze
52.23643493652344,7.9549560546875,147.21640014648438,50.11787275457372,14.529184911998787,47.680803583324824,42.50940563725597,24.88082107843208,0.9902501583099335,0.994259158380043,0.033305930167029825,0.03357645184284068,0.47917776218443553,0.4949024139147714,haze
71.46572875976562,7.5502471923828125,125.77107238769531,44.37534437909573,6.831814086737972,13.506249231218318,5.068428308823554,5.583272058823587,0.9873959122086028,0.9861049507703087,0.07513807220745283,0.07953882332839413,0.6128881944416003,0.6467493541068068,haze
0.0,0.0,126.47624206542969,0.0,0.0,61.363696765884214,36.881924019608306,23.496920955882963,0.995107884304114,0.9968696420781098,0.030809785346279168,0.030556232863143285,0.5021898170550682,0.49485234238752057,haze
54.23725891113281,16.512557983398438,148.15277099609375,23.48037545119765,11.734910513836741,30.718829092715108,36.50064338235297,21.792907475490356,0.9808780126678787,0.9884738533412997,0.052631572688729665,0.05437250410605582,0.5188733294678132,0.5487269826542415,haze
131.1785125732422,11.598617553710938,129.91439819335938,58.87591442930777,7.059347759463162,38.61009778659548,8.649479166666833,4.429365808823625,0.9969876560170595,0.998458681979319,0.0489921810240177,0.05439859758909142,0.5869604801957661,0.6610692532971771,haze
0.0,0.0,130.4858856201172,0.0,0.0,79.56746866698343,51.70381433823459,46.50125612745026,0.9959207570335636,0.9963241097636358,0.03233282196907486,0.03215638242898436,0.42807543082072963,0.4371008313090435,haze
42.128387451171875,17.401657104492188,190.351318359375,44.72200402329537,15.996898436356538,40.50077220907596,20.023621323529724,4.046017156862808,0.9942304217459687,0.99883589852279,0.05099171761536649,0.056211148731096124,0.6574190055669379,0.7094693620199011,haze
55.831878662109375,7.2739715576171875,167.1327667236328,20.66162690894257,8.162138903806458,35.6380612271666,89.81303615196195,58.60932904411842,0.9643521582573212,0.976640292399666,0.05146419367884894,0.05120586517154309,0.5726510301628668,0.5958867757361404,haze
130.06138610839844,20.609786987304688,161.49301147460938,27.9081910401129,9.689922267280279,65.4202347181997,53.85948223039313,49.65081188725526,0.9932672333521446,0.9937762949793559,0.03273876330014512,0.033566080554256146,0.3920707603085847,0.4019562530867783,haze
31.167572021484375,6.6470489501953125,159.0863494873047,54.52828269763823,24.336641269815757,34.800285204069766,36.30600490196063,12.59715073529399,0.985935060305615,0.9950884015681597,0.0816055354453703,0.08733466503712935,0.642873233465778,0.7271412028933821,haze
53.31488037109375,9.261749267578125,129.7344970703125,48.11668235000654,7.368632994898066,27.8846331998894,8.923054534313861,4.7943014705882865,0.9939904557990564,0.9967484136903506,0.061082864170138036,0.0619149956860899,0.645829554266787,0.654284119893757,haze
70.80014038085938,17.493423461914062,122.17044067382812,45.04739769987912,15.296941416835075,46.78881826541434,12.237867647058701,6.349892769607827,0.9971622862423479,0.9985211307855066,0.04299449451144789,0.042445746794795854,0.6453299816412508,0.6443304422014171,haze
40.32627868652344,12.077835083007812,171.71713256835938,15.479081433293295,8.053130118938132,60.73633213884569,19.8872549019607,32.42944240196085,0.9973545125315761,0.9956603520324552,0.050430980606982916,0.045797113917331926,0.5473694383632234,0.48445516685000223,haze
87.01231384277344,10.251754760742188,136.38966369628906,64.51036036626284,21.424487305035044,37.94720488862214,24.840027573529717,53.8301011029409,0.9921456589226305,0.9828849275516094,0.052909797450081224,0.04780076139445928,0.5133919410300195,0.45498772553839806,haze
28.7193603515625,28.037139892578125,142.72390747070312,9.433734046887922,10.183481822287682,35.3658518215482,32.15395220588358,32.169852941177474,0.9858913400449913,0.9858925912372783,0.03883830982324026,0.03770646463353319,0.4642373779506771,0.45051241996155106,haze
85.66995239257812,73.00482177734375,158.51226806640625,67.36104846326975,22.049064189513253,59.97930731134892,23.837867647059134,13.870404411764826,0.9960064719602226,0.9976584134615984,0.02779010339385303,0.024962809177703923,0.45340416522219124,0.3824058459696506,haze
46.65895080566406,14.361083984375,176.5766143798828,48.007777570906455,18.629675487939004,36.0518919299797,102.15586703431515,37.798284313725745,0.9641430639194828,0.9866610785732496,0.021198213118447683,0.024764921974272214,0.25802194055304817,0.3089006596093558,haze
103.48835754394531,17.481796264648438,196.20858764648438,23.14649982292844,12.971312507415542,55.76571127438325,6.290104166666762,5.710661764705992,0.9989607210611706,0.9990498127779327,0.0740543622212184,0.07017854048376634,0.7318390588139676,0.6278411410453933,haze
74.16499328613281,17.467666625976562,126.43937683105469,41.96656138994706,14.125451267065303,48.05844930841031,7.102588848039271,3.4899969362745344,0.9984375899473638,0.9992293408564051,0.04759279745398336,0.045928400177270984,0.7066402027414678,0.6853217256769464,haze
109.756103515625,18.9022216796875,149.77420043945312,18.200352507559867,13.663472550003029,37.782438297558926,90.65654105392004,118.78163296568384,0.9656227480826247,0.9543720176793687,0.0954303992234264,0.09793608622982038,0.7325426537089478,0.7275216371771934,haze
121.50735473632812,50.62977600097656,63.39666748046875,69.75644607072252,41.65836722144494,54.78405235521343,88.02216605392866,13.847809436274881,0.9848359771113017,0.9976145597761181,0.06937625499446655,0.07481940855589225,0.5819987348650378,0.6284933175299083,haze
0.0,0.0,168.67083740234375,0.0,0.0,73.73803172142799,96.084375,89.7049785539219,0.9911656452312289,0.9917166429447479,0.09096260766182997,0.09429508885506517,0.3989296577148892,0.42411590169795643,haze
35.9329833984375,1.2226104736328125,196.6121826171875,53.63271259081843,2.34200890994367,14.532870810879503,1.9797487745098064,1.721001838235303,0.9954859521062613,0.9960698565448112,0.10769867113189699,0.1169593958943667,0.7285693895478534,0.7775940218954859,haze
15.948440551757812,58.73638916015625,182.32470703125,16.611241103637614,26.02226415001365,47.75578045184226,76.42178308823463,51.215456495097804,0.9722884364079497,0.9811819601685193,0.07847961064343534,0.07531090162865164,0.7261818368970978,0.712761717436767,haze
24.015579223632812,58.80975341796875,128.64234924316406,13.090975647223145,47.51989811266872,74.15970040186869,13.705330882352776,9.305254289215533,0.9987435404596468,0.9991451593226617,0.030789280825737272,0.03375483456075896,0.553283708651953,0.5908760294667614,haze
33.564971923828125,12.183563232421875,134.1568603515625,23.785107606119023,12.701619667829265,38.19234683792436,65.39434742647155,20.57720588235344,0.9780896536646257,0.9930804635298377,0.054266617736539624,0.05282264799339064,0.6604500232489403,0.6405333653291022,haze
33.44810485839844,11.400909423828125,152.13108825683594,35.674530720099966,12.828804475499833,47.070171618822094,40.864981617646905,26.584252450980397,0.9907863391549461,0.9939786448370511,0.06722772467743425,0.06453183861864822,0.6674928952583743,0.6427215228817689,haze
87.65724182128906,27.55303955078125,112.30094909667969,52.312527071751035,22.24935796759348,60.06877357590771,261.59759497551363,195.48221507354262,0.9605225103071157,0.9704483664624519,0.03197068746448192,0.02985667690191669,0.4444363347662789,0.44779935864047604,haze
82.51705932617188,6.376312255859375,163.3412628173828,53.675595606529775,7.92087274380734,50.55714592342877,56.01277573529358,25.781418504902216,0.989132356886211,0.9949741387345291,0.07939752410880586,0.07180488111767236,0.5832876099541151,0.5776788041738875,haze
38.940093994140625,10.931396484375,101.96389770507812,65.62601268854763,16.799956820565885,22.97738882170371,76.64391850490394,66.2009957107859,0.9293859741028185,0.9389006717174554,0.08156481548395232,0.08792730162219752,0.5600148737761901,0.6105417060806452,haze
100.02943420410156,62.5003662109375,142.93934631347656,42.9808687138835,79.90552053381514,89.6503713623794,231.65678615197103,177.9874846813806,0.9857991828581129,0.9890725099271058,0.03459354291016431,0.03263876327047172,0.4093594608445065,0.3921788848430317,haze
77.83480834960938,24.591567993164062,118.60574340820312,24.665206890616638,18.6135630473131,29.3459446350766,38.86095281862756,43.98866421568656,0.9804631950788751,0.9778101623840362,0.05503383260803392,0.053168146731115924,0.4657860342814664,0.47537856325808414,haze
68.7835693359375,10.396743774414062,153.1144256591797,56.946493653754544,21.79209291219351,65.90218768527373,189.11522671568963,139.81577818627596,0.9785703443577519,0.9840568155608403,0.034425705556291326,0.03156852286371129,0.5010600299006672,0.4751153819632111,haze
40.744720458984375,34.39463806152344,151.30812072753906,36.90894416675145,41.482715449792856,62.695376158231504,71.38700980392595,47.10401348039305,0.991313694208061,0.994237883949669,0.03660145055206972,0.0343230726830405,0.3284593239903755,0.33238944065159004,haze
88.24420166015625,16.327621459960938,118.55442810058594,60.74503306696762,12.264538068650262,37.689906885516415,20.49424019607894,4.451026348039258,0.9926277347316964,0.9983911482090764,0.0549004648042213,0.05253966643724065,0.6666834733718922,0.6736938170658419,haze
0.0,0.0,126.5908203125,0.0,0.0,61.47682949817273,1590.420772058968,1736.0835018384112,0.7897832729543051,0.7690712490210526,0.020812290568605084,0.018850241762197337,0.25153977713256626,0.22949051680547503,haze
77.457763671875,8.428970336914062,147.00228881835938,54.36098748173244,13.691952532855272,40.57421511276799,58.169730392157895,20.833930759804478,0.9815547059158114,0.993370683100193,0.027811173805206073,0.03221115258170567,0.37163793985592664,0.43353904752392164,haze
60.046661376953125,9.4971923828125,161.4856414794922,53.50592426184542,9.760066764633233,44.50274658104505,25.17634803921573,17.045787377451006,0.993662219022027,0.9956896722793425,0.050881394687809785,0.04987593250303678,0.5105508295205471,0.534653641005774,haze
132.78067016601562,25.609725952148438,126.76170349121094,32.53119450028435,17.801726697121797,45.218696265986914,109.66377144607839,47.298207720587754,0.9737172914603558,0.9886024955084757,0.023878244365030964,0.025273175096868494,0.31812371731205386,0.34659266904247643,haze
52.12388610839844,6.50384521484375,169.56419372558594,48.93776240661127,5.910804284074656,26.9276832871391,13.804289215686374,17.009252450980533,0.9906035066743383,0.9883395109471095,0.04939354065087253,0.05040408201089765,0.5046353147380289,0.5100679197985549,haze
55.99674987792969,104.20707702636719,201.61756896972656,50.49329056806268,24.489835150963387,59.25540666093671,27.461626838235848,11.412285539215713,0.995681304330069,0.9982022633766089,0.07074302290767256,0.06320310493233261,0.7131800347738442,0.6671736522592284,haze
31.167572021484375,6.6470489501953125,159.0863494873047,54.52828269763823,24.336641269815757,34.800285204069766,36.30600490196063,12.59715073529399,0.985935060305615,0.9950884015681597,0.0816055354453703,0.08733466503712935,0.642873233465778,0.7271412028933821,haze
15.694091796875,64.03788757324219,153.58067321777344,2.905948489966565,17.020876878482433,51.34247556130864,11.004028799019759,8.345205269607876,0.9978578208053378,0.9983669980326029,0.04716414838313801,0.04147657775277014,0.610013954141069,0.5532569288367404,haze
66.61468505859375,10.84832763671875,200.03231811523438,42.23238967856703,12.521093272722501,46.659125235547,73.51498161764593,33.64313725490152,0.9837782208351774,0.9925459573291517,0.04825480347073264,0.05539724130378608,0.48373563763327904,0.5557890619876866,haze
74.97300720214844,11.816070556640625,160.33969116210938,46.998913245073716,15.862632879322474,36.82270561065012,170.64301470588106,39.64646139705902,0.9413356577724544,0.9863651992890181,0.0703541032964206,0.06700784133376168,0.5152802837063053,0.49620163675981355,haze
18.084548950195312,125.84394836425781,176.73678588867188,9.190349953138547,59.7845304376448,57.313780267202276,205.82129289216545,149.56315870098618,0.9689190145766416,0.9773326188465784,0.03919012845026046,0.0379563503071225,0.4757388127516177,0.4361492759663632,haze
58.400115966796875,15.377685546875,204.13192749023438,39.11050646942769,15.030983791650806,43.59634032593854,96.00554534313952,21.705101102941484,0.9758640681648647,0.9945388714694359,0.19053598031553198,0.1939823291728677,0.5753711737887336,0.6696264306865943,haze
52.26506042480469,16.435043334960938,143.05772399902344,50.29479026364048,16.95155049188518,52.220553574904095,73.74796262255056,35.2426317401968,0.986244250650513,0.9934303694445684,0.03983735936416488,0.045408134028264144,0.6413770833178369,0.7101297831961246,haze
104.32502746582031,37.17494201660156,134.49891662597656,9.247886284203759,14.39984228777863,52.57397508741674,155.93786764706303,93.1546109068644,0.9709341567139392,0.9825641011158127,0.03586305637932403,0.031376185860860877,0.5551516359558445,0.47439425892459897,haze
42.73236083984375,2.5489654541015625,130.06402587890625,56.703950000824165,4.4300541174926975,20.982652073566534,21.81043198529455,24.05441176470652,0.9752000548958956,0.9726733546446361,0.05523327784875786,0.057390199695795396,0.5280400993922366,0.5490383423177523,haze
58.22209167480469,31.7061767578125,197.84100341796875,14.884036846617217,26.369008079406466,53.72157639742166,161.45805759804202,324.73212316177137,0.9712675870794031,0.9396956287441451,0.04723155291417908,0.04659540719295699,0.5035310120217533,0.48888476198948627,haze
95.95704650878906,17.778564453125,206.90567016601562,8.041810532653738,14.36335005132917,25.584750942478813,15.116881127451164,15.817187500000141,0.9915843723050067,0.9911731833339946,0.07116777459956182,0.07413983133835753,0.6653984440139372,0.6700357791268261,haze
88.23176574707031,32.288665771484375,167.89659118652344,9.508095522431411,10.619777712559252,31.64044420243269,62.110248161763835,38.79908088235243,0.9682614050450061,0.9801531011419053,0.06568201959464118,0.07457195166354808,0.5554855659408322,0.6046809342675246,haze
94.20867919921875,51.24497985839844,152.0604248046875,5.561668904171294,30.957805305872117,56.59732675848092,57.567631740195324,26.986887254902502,0.9905460369539062,0.9955596553428804,0.03385212700969145,0.03587010438490616,0.44661162277209726,0.4968003626397505,haze
61.52459716796875,20.461166381835938,130.02377319335938,20.870339006656444,22.582373210996344,56.42882909210833,60.63595281862636,90.07873774509824,0.9904668212610334,0.9857437187909149,0.03794104275397461,0.03750541400558691,0.5573909761895025,0.5308939795569758,haze
54.62860107421875,8.573257446289062,130.7832794189453,48.90882240235594,7.835225045308253,31.726577630002875,48.941819852941464,34.608884803921896,0.9754234248050205,0.9825226650228746,0.04732602746305755,0.04632010108347152,0.5771011979727194,0.5553515290662788,haze
61.56843566894531,6.2382354736328125,172.23114013671875,24.069860210710036,2.331332435439579,18.379020692892638,3.328492647058843,6.647549019607917,0.9950085831503662,0.989999610670465,0.0913580825988896,0.08888667667427123,0.751638842247774,0.7151851677399781,haze
37.61962890625,3.373199462890625,177.20848083496094,30.777892352706502,2.962828921409195,31.284237232869057,8.929488357843184,7.629181985294178,0.9955270820667056,0.9961613435119323,0.07293466463725809,0.0656946049142215,0.6658008628662598,0.6282547920115638,haze
108.85919189453125,54.079681396484375,155.84910583496094,10.985710310963906,22.51923003096585,48.2701160313345,3.827481617647107,3.366942401960801,0.9985933648564345,0.9987587216190034,0.06946999153506356,0.06889227795571304,0.6877275910088798,0.6505214042636456,haze
43.63258361816406,10.298507690429688,158.6558074951172,69.65782829605072,14.042790709739407,44.538218179059214,83.0731464460781,47.591850490195604,0.9787450360191228,0.9877272043201261,0.028554108530877628,0.03148980201297858,0.3276812727248042,0.37627678486346866,haze
90.33676147460938,15.686614990234375,134.1416473388672,34.9378253026034,12.468505060709381,65.8735965340678,15.050551470588484,58.076654411764785,0.9983132902389725,0.9934748734650843,0.029552959539862953,0.027173848338361437,0.4607135240626176,0.4057648147373575,haze
93.105224609375,14.789947509765625,156.2404022216797,44.808451981112796,10.490417771084868,53.72753145128631,50.04492953431432,25.275827205882855,0.9903694627445248,0.9951346914655776,0.031176127964537108,0.031129725698376676,0.45997545291254627,0.45940521762287156,haze
43.99955749511719,19.644912719726562,153.56065368652344,10.094638078893064,6.50574153429748,34.77692076447865,9.923927696078469,4.101348039215712,0.99595611338815,0.9983164497855984,0.062005511492078384,0.06787586763375822,0.6009197446902643,0.6535059573767529,haze
21.93499755859375,39.31752014160156,176.01832580566406,6.154959872352335,10.863583747258579,25.391464827068578,39.91416973039249,21.113281250000362,0.9684722411314562,0.9831284371940594,0.06462399247154646,0.07210901249436139,0.5235869511959659,0.5732471003919355,haze
76.89761352539062,41.00312805175781,127.02255249023438,65.70405150705288,33.43705514971989,50.682789864081755,266.07961090687843,111.85811887255535,0.9515049965142837,0.9795742011142311,0.027950043742604652,0.027023194236490956,0.3721422339679716,0.35693161830902015,haze
63.1212158203125,31.0240478515625,137.99407958984375,45.40892405275865,22.49900649546256,57.57412422801212,22.067202818627692,18.04212622549012,0.9962579620636425,0.9969219754795008,0.03540852605383719,0.03478861980447885,0.5140413987027688,0.49714689489740393,haze
75.92430114746094,47.3006591796875,80.25772094726562,44.9500433861974,56.97656434941939,76.29451676342995,74.25871629902151,45.42054227941201,0.990487329466321,0.9941744792943354,0.07283395790263489,0.0736382490496466,0.6530296065759982,0.5924425440772956,haze
38.09333801269531,19.481277465820312,139.00071716308594,41.089878852273195,16.041710381891313,33.48775815705034,94.12553615196204,103.68207720588326,0.955576033737464,0.9495292644992491,0.03992499400369809,0.03753361020137891,0.3631595725161177,0.3406906238831285,haze
13.73785400390625,57.01158142089844,141.080810546875,14.417323866611962,20.24295946705787,72.21239298156698,56.72999387254991,40.95507046568694,0.9939349494495946,0.9956208256698081,0.03290716443830025,0.03172162087353585,0.5709170644343254,0.5546621075682643,haze
75.04728698730469,8.6220703125,164.3614501953125,51.12015821405955,4.9828218055080775,29.307430902418904,3.0909160539216245,2.623590686274538,0.9982422423391675,0.9984983903071178,0.06602896369049022,0.05947148902487935,0.7488771720775232,0.7003598429596184,haze
26.969467163085938,20.829696655273438,161.70001220703125,49.25768021142794,10.454469507529346,56.28048168244524,119.9481924019683,78.05939031863079,0.9809647180764572,0.987591603441031,0.04164038017061433,0.03934337994064629,0.5426970456204333,0.5189542156838739,haze
75.86529541015625,13.958724975585938,133.01475524902344,53.8878284346655,23.27281246245066,58.7657673857655,224.99154411765397,157.46593137255215,0.9678450582919111,0.9774418527684283,0.04315043501343334,0.042774538653614275,0.5008453706934853,0.49081749904601096,haze
79.381103515625,3.7086944580078125,212.22756958007812,56.31579940002187,3.0812060392644876,24.32432320519752,51.477787990196205,27.809757965686394,0.958768009644193,0.9778044261091067,0.07900514276402333,0.07923289765775128,0.4900095151267308,0.5078228039646218,haze
45.08821105957031,6.7667694091796875,144.3779296875,50.686330617920696,14.262163329324409,19.62797433946859,134.07294730392215,89.61312806372581,0.8253086126157408,0.8826217466210657,0.09520658332821338,0.09096248770359867,0.6860339903238769,0.6849530371666824,haze
20.17608642578125,103.23469543457031,188.13070678710938,8.726490776694472,15.059833033838503,71.55551173209275,148.94275428921605,84.04394914215693,0.981258242581419,0.9893488211554877,0.06253296859245712,0.06008435147539921,0.5862544605612457,0.5869117371303552,haze
55.00361633300781,69.44862365722656,101.43577575683594,45.20777670590194,44.30538474668154,44.238909812063305,175.7990655637387,114.34834558824315,0.9443599469477321,0.9638265502926512,0.03542123976354783,0.03979330824287899,0.3874632318085122,0.44544201415888635,haze
83.85569763183594,20.712295532226562,165.16024780273438,29.491053458252704,18.024922530161533,35.91425137046704,3.1814338235294546,8.784344362745264,0.9985359277043943,0.9959595870308116,0.04871230436548848,0.04011357586944684,0.6415900829876416,0.5176241549165483,haze
0.0,0.0,159.7525634765625,0.0,0.0,53.42871500815576,42.391421568627955,15.702435661764868,0.9925726427988372,0.9972449925575211,0.046804615383960725,0.04277946066773372,0.4542017545951254,0.4239625336815832,haze
110.72679138183594,83.4027099609375,154.61837768554688,11.667261366244675,44.402926346631624,22.6629642616739,39.73010110294119,44.525291053921606,0.9810402106535503,0.9786565945055973,0.05398160750454065,0.05043899028089875,0.5354016934682532,0.5248151056157974,haze
45.08659362792969,14.262191772460938,155.92697143554688,27.21851723324784,15.264492344778116,34.085439363376246,11.671553308823484,8.662300857843155,0.994749612285676,0.9960786865260244,0.06775540615365445,0.06853519767860639,0.6187161038313368,0.6142498108690844,haze
33.53297424316406,26.917724609375,124.42520141601562,43.3082375005537,19.422429020867714,62.033378886610734,18.41709558823564,10.699295343137083,0.9975766278801412,0.9985855939661753,0.03627973154042368,0.03640873772559013,0.5846917423226812,0.5795017661243127,haze
106.84542846679688,22.576400756835938,116.67353820800781,31.12691487386682,19.805349109622945,31.97351894213547,42.95775122549031,38.73906249999984,0.97775299012947,0.9797125288366576,0.02928115667505613,0.029574957985905773,0.2568007003223632,0.2586383002587635,haze
120.79835510253906,39.337493896484375,58.82603454589844,57.845305074774444,30.46957663892596,26.32855666022766,124.63460477941732,69.25067401961023,0.8610368637058231,0.9223600184010167,0.09148532160732907,0.09768020239225124,0.694080582931454,0.7394947464717085,haze
97.74522399902344,24.476333618164062,127.33892822265625,32.7313834134918,13.875186564765833,46.40086309457622,62.19238664215721,36.69390318627475,0.9823364407891327,0.9895303505115602,0.0746753385218745,0.06445160358657243,0.8018255763608723,0.6898910258883196,haze
93.21302795410156,4.8597869873046875,129.82852172851562,68.29395898118786,9.862544513501446,17.56617863462348,54.55952818627453,33.81639093137297,0.9064240778316048,0.9418882717046766,0.0798676957762842,0.08997274523643645,0.6874520102280801,0.7615476194702356,haze
48.7213134765625,11.200820922851562,163.5340118408203,68.49110210788342,3.1702630117058677,43.71839123703936,9.811596200980501,4.22461703431377,0.9974321188977325,0.9988885028076617,0.06608855880303625,0.05952857258964632,0.7178932599420766,0.661248968020578,haze
86.72111511230469,9.392074584960938,159.17416381835938,47.17743027854727,11.256759744552848,42.458840595894486,87.02253370098245,14.260860906862819,0.9737628679164555,0.9956712959838219,0.020234596445673724,0.029793834494949205,0.2230166900361057,0.3990895473543879,haze
2.571624755859375,1.74761962890625,131.7021484375,17.163220507961057,14.734177008473754,58.85610716284832,283.2167126225655,194.15859375001122,0.9588209561759249,0.9716652655946577,0.03832213301152988,0.04009444067491814,0.4169685842759577,0.4511831967922801,haze
123.52430725097656,10.72222900390625,137.07058715820312,47.87399303340215,5.259654233739582,29.57958218927643,11.909712009804078,3.8624846813726026,0.9928681026674531,0.9976847563405465,0.04387208100736951,0.057402505837394265,0.4777995105837296,0.6369562603687456,haze
106.84278869628906,123.55775451660156,134.74362182617188,1.4959828407092257,64.08792457080168,40.48293902699302,14.521875000000014,7.98213848039233,0.997123251011937,0.998413662244399,0.06940342073840303,0.0762746157285644,0.5090220699950759,0.5621165867174833,haze
37.194671630859375,2.096282958984375,122.63444519042969,54.75386547630006,3.1252696527429578,16.21189539876377,7.399479166666739,2.5740349264706066,0.9855805977035144,0.9949483978673312,0.12602621769954464,0.12354738002094122,0.8088642739188608,0.7914632773598979,haze
48.60755920410156,10.073471069335938,73.94354248046875,54.019489277381155,12.724749067969512,39.49813589350971,14.392126225490372,9.30143995098042,0.9953090985233658,0.996958692918625,0.048224979552348377,0.04791210832564762,0.5835373571458172,0.5910390937452286,haze
115.00074768066406,45.223114013671875,192.07113647460938,8.87343268800258,24.91129331427873,50.61594494300263,17.754151348039176,9.436305147058956,0.9963357284755132,0.9980382841760781,0.04427448262064259,0.04153467799553808,0.5117567301175937,0.46730183834114075,haze
86.48672485351562,14.533035278320312,165.3568878173828,36.55478401877322,8.947707511175281,55.32607996570818,18.66121323529431,86.92876838235244,0.996613806053484,0.9841960969405054,0.05477491151885452,0.05159074934946048,0.6776232917558861,0.6048309502190539,haze
29.518218994140625,18.152877807617188,72.86579895019531,31.629485945917903,24.708426441970012,32.607557687218794,61.52492340686337,29.97031250000056,0.9683760795075287,0.9845407888019403,0.06052959426550672,0.05614305905183154,0.6829819524775997,0.6194441401392907,haze
0.0,0.0,135.7808074951172,0.0,0.0,56.193564666203784,173.9114123774612,73.30062806372995,0.9724190329585738,0.9883919840213808,0.016180151137063312,0.01919828031866744,0.2355134094029358,0.2978152952764096,haze
71.84353637695312,7.892578125,159.54151916503906,64.9826793918295,15.387622521018809,44.86005410314894,10.450275735294179,11.082797181372628,0.9974923896118061,0.997334314167002,0.050869303132414556,0.05507047314318638,0.5963382946196647,0.6577973987888378,haze
35.209686279296875,48.34382629394531,147.2093505859375,29.434129653369812,51.21931298937555,67.83048703319395,71.9361366421576,61.381587009803404,0.9918780360447128,0.9930375274415683,0.058533877642979175,0.05866209329636736,0.6273792083796854,0.6709102696608622,haze
45.705657958984375,10.8619384765625,103.38417053222656,51.42898494905226,6.5852526187577265,8.085843842405708,5.762101715686284,2.4724724264705884,0.9572600680464045,0.9816290391735669,0.10673644989599129,0.11252216643993056,0.6155558279515446,0.6542601295697118,haze
21.87103271484375,17.068496704101562,155.48080444335938,16.686145727406146,10.329141046531625,61.924092968551996,10.542233455882178,7.81776960784321,0.9985057481944939,0.9988869831885278,0.04701573761836516,0.04291904630266428,0.6589806996259405,0.6147355487907045,haze
72.77049255371094,11.797042846679688,165.04957580566406,49.66120861549217,16.68887310509429,30.724331180554973,108.13425245098276,31.17484681372639,0.9370149380858693,0.9818578797602209,0.03867443332943964,0.04421959361497217,0.40073833729034225,0.4615088646460689,haze
21.659591674804688,61.24012756347656,193.720703125,1.4808594815085123,8.005910704555323,36.06845276359275,34.00027573529402,34.020879289216005,0.9860847276771076,0.986032316957208,0.05584765164856295,0.056326594178772324,0.493890879870173,0.5341283827552111,haze
60.91304016113281,19.076263427734375,129.60667419433594,34.040919064774236,31.610298167638533,35.79951307950353,120.06948529412011,55.0214613970595,0.9543609705485879,0.9792827536258226,0.04777613206004985,0.047068467741415404,0.5914360652553364,0.5887483763432112,haze
22.6533203125,22.837600708007812,184.38853454589844,38.56563718576272,49.612024809943215,71.3893743889653,40.50444240195962,53.27162990195921,0.9962388141021107,0.9950309722049047,0.08699895412387615,0.08375201337558574,0.6035582225768307,0.584030109450878,haze
94.76568603515625,14.545486450195312,170.2834014892578,46.57932429155737,22.10941516839189,40.27188470426946,156.32221200980223,61.338051470587196,0.9529262119861558,0.981427265484657,0.13618213193169942,0.12898974906993083,0.6268602991334993,0.6077428388049236,haze
111.66212463378906,10.054168701171875,108.9752197265625,61.043887678680306,7.207849188331789,22.89222802515357,14.535968137255024,14.985171568627562,0.9872490106938411,0.9868004204918484,0.1044873505952963,0.092363746468003,0.8550600084590813,0.7660672603981424,haze
38.61505126953125,4.7837066650390625,130.60536193847656,52.04188120342795,5.302223289103288,22.388212588869628,2.29673713235295,1.7226868872549124,0.9977708819209756,0.9983184275617959,0.06461875793592878,0.0649703922258558,0.634607167220549,0.636092599622947,haze
62.45576477050781,11.249282836914062,190.3387908935547,42.8995802926951,11.037358371465057,55.13664870946645,7.564874387255028,5.976072303921656,0.9987409484028316,0.9990021672483126,0.06828801087318447,0.06979279386780386,0.6492108592601581,0.6359833451244817,haze
101.69624328613281,39.54866027832031,165.37559509277344,1.3880007008984794,3.211903990730913,11.05869635708824,2.0431985294117685,1.0895373774509818,0.9908625007221283,0.9950909006987183,0.10146726902942954,0.11376891168054112,0.6359093141449501,0.7179900653920194,haze
18.92181396484375,35.0369873046875,126.83572387695312,16.013255052716787,27.993009060401103,62.743908517719916,60.89790134803967,52.06125919117698,0.9925827236829535,0.993628552641569,0.034080391627287474,0.03417700792244272,0.5025897309835187,0.5019254333119958,haze
98.68034362792969,34.24786376953125,155.0120391845703,36.88335952787631,26.46552660008341,67.1727485964973,133.8281862745104,72.79523590686247,0.983358554221143,0.9909252778958346,0.11199771931957296,0.10632787152100587,0.7105747566707462,0.7033130412459779,haze
65.26078796386719,13.3541259765625,163.18136596679688,50.134979529039,15.05440443324141,44.4295364363459,52.96916360294096,41.753477328431316,0.986334655743783,0.989169106712349,0.05625332373525177,0.053351619274015494,0.6668827998912102,0.5761015811714753,haze
113.77175903320312,10.385009765625,168.33230590820312,15.852266134781823,4.932861364374536,15.474609765443143,11.280545343137337,9.884283088235374,0.9773898877722786,0.9800636306973479,0.06321922662870096,0.06997651970221552,0.5603672319200323,0.611579563545586,haze
61.52459716796875,20.461166381835938,130.02377319335938,20.870339006656444,22.582373210996344,56.42882909210833,60.63595281862636,90.07873774509824,0.9904668212610334,0.9857437187909149,0.03794104275397461,0.03750541400558691,0.5573909761895025,0.5308939795569758,haze
68.07545471191406,26.482940673828125,119.96421813964844,52.87826519006892,44.30378186337324,45.28574356375676,53.6959712009804,19.461749387255157,0.9873460613872653,0.9954167980083177,0.04529439937878727,0.0473476559253138,0.5412754401917808,0.5683318853472306,haze
87.77459716796875,25.940643310546875,155.71673583984375,6.856198044102352,14.69888246530088,35.353578905746836,67.95076593137193,48.177619485294464,0.9743552481569134,0.9817762271673987,0.07840627231250266,0.08070772137326998,0.5992287117170868,0.6354031610564048,haze
117.36650085449219,17.193023681640625,145.45950317382812,18.821228644929406,9.09600005254959,34.20923734281988,11.484849877450985,15.009727328431437,0.9941745413863736,0.9923418503015985,0.1329335278277747,0.12939637081819486,0.7805825663711787,0.7386853421229267,haze
46.24493408203125,6.640777587890625,150.87838745117188,49.47810053783966,19.727176346410765,31.460511841968984,80.50344669117611,33.90493259803969,0.9586657444309654,0.9824837870533887,0.07250230879448355,0.0737483217855594,0.6862255139729159,0.6700352415395106,haze
0.0,0.0,169.2647247314453,0.0,0.0,38.8124815794939,82.62098651960764,22.928707107843806,0.9725879726325986,0.9923763250495594,0.038502455144281814,0.0454037502267177,0.48488172818444514,0.5839291740318381,haze
31.335403442382812,24.257171630859375,173.01593017578125,15.175368748884715,17.788103336799022,55.424056236053616,42.00914522058781,23.135202205882592,0.9933855718420933,0.9963358848224472,0.03406263619745511,0.03266788262617821,0.4871196208516255,0.4751222469788037,haze
41.543060302734375,55.74687194824219,137.98532104492188,41.44819707574576,34.738645574919055,55.96822162305515,17.843336397058938,33.10634191176537,0.9963834899982495,0.9932591468625199,0.03719310063283724,0.032686589538914686,0.466322493080425,0.40230182209606324,haze
91.24697875976562,17.52911376953125,106.93968200683594,45.19054750192207,9.562471637301986,25.442221782212467,17.96548713235301,13.05825674019618,0.9848813381839672,0.9889490918021798,0.08271538044722515,0.06977298576330265,0.6037725506119611,0.5783271840354335,haze
43.617919921875,5.6885528564453125,167.1517791748047,57.15506101542698,13.541416668814652,23.36629785211044,138.33255208333358,87.52553615196042,0.8755969354322006,0.921422433268874,0.06442700021685069,0.06485869959002907,0.5619966264993818,0.5954163042297645,haze
51.50419616699219,17.058578491210938,178.98550415039062,19.221322572221343,17.156226927660267,43.20023551964012,81.40366115196085,32.811749387255254,0.9784797772692676,0.9913279889908735,0.036009100065360754,0.04345811183428028,0.4242096548215274,0.5371424720166244,haze
101.24818420410156,86.04948425292969,125.46171569824219,14.061449767597038,30.43378465541653,27.94459609327258,131.90076593137388,83.63072916666691,0.9136802559931679,0.944619431129386,0.05716839624680178,0.06214341887095109,0.5813396575093577,0.6236081304653488,haze
117.81809997558594,5.5130157470703125,188.38055419921875,43.5066843390866,4.948404594587477,26.64890558690868,17.47251838235308,17.798452818627535,0.9880575688076115,0.9877786004043108,0.07334639527424917,0.07611089454499576,0.5871572320934216,0.6206360193542394,haze
73.61514282226562,10.501296997070312,159.93252563476562,38.18215712855752,6.566026175230665,26.683350324026474,11.902083333333339,4.701102941176495,0.9914362623545931,0.9966112337787042,0.06632526720548135,0.07356779644927935,0.672937354448434,0.7328610165109507,haze
88.03945922851562,18.289657592773438,172.9049530029297,19.79512834763551,6.905667164139783,37.50596407493638,76.7407322303916,110.48955269607747,0.9709764315344298,0.9565856727409613,0.12546517038448043,0.1290373737469666,0.7683998523745488,0.7572527670622372,haze
18.26763916015625,68.74281311035156,164.37814331054688,1.2749679808593164,13.26078047754051,37.19337139599946,11.226945465686333,8.016712622549045,0.9956509737001794,0.9968735656232569,0.0571850774537547,0.055447504608937354,0.6760885894842588,0.6662742492040525,haze
105.61627197265625,42.181182861328125,168.04266357421875,2.111002004069898,7.75334108722824,19.908846349643962,1.5804993872549127,0.6103553921568653,0.9982292251822944,0.9993136522475581,0.06931661148552681,0.08072956634523612,0.7135286119239792,0.8014600902823618,haze
80.59646606445312,15.452011108398438,135.0801239013672,41.51772915797693,14.018527754587021,38.09498495690062,33.973682598039815,16.903293504902223,0.9889714593324876,0.9944835782359239,0.05676404784229242,0.05768475945676179,0.6120103244620639,0.6259870162027562,haze
45.95036315917969,3.8754730224609375,142.802001953125,62.16548167584401,12.398494564677662,34.481319241111095,30.333471200980867,62.79620098039288,0.9873206526299299,0.9732906600572662,0.05388813253699606,0.048667351737620636,0.621724299369817,0.5560946295113303,haze
24.892120361328125,19.689910888671875,158.41937255859375,38.32432829902503,13.186726114617759,68.46320440299189,40.11178002450944,46.83733149509734,0.9953259061202007,0.9945163097357284,0.04067273724681724,0.04406496580184497,0.5681831005498058,0.5779088219942206,haze
85.41653442382812,35.51374816894531,163.22955322265625,36.41620233537261,24.314666922262887,58.03497583199222,296.45951286765603,157.61868872548985,0.9536919495001627,0.9750588441616301,0.037760969748962356,0.037745963743117596,0.34732676839178767,0.3724001697166317,haze
97.62242126464844,18.966018676757812,120.86448669433594,22.183831333949115,12.104913066309601,33.74492590309707,22.00154718137272,9.553354779411805,0.9904063807492298,0.9958103591834434,0.03830906505675383,0.040066744957528544,0.4738530529041984,0.5141371556480266,haze
14.885543823242188,46.90461730957031,162.99249267578125,7.206706742586453,7.807927140992421,59.385777998225606,80.42092524510151,23.304947916667263,0.9872171026930905,0.9962794123471737,0.05196024689447866,0.04495317586578802,0.6969887499045613,0.6287273789871664,haze
18.61480712890625,205.7493438720703,142.56008911132812,1.580859863218963,41.151685683771,59.539628287085606,190.5491574754961,110.29298406863073,0.9647003294801382,0.979541179902303,0.05375886846902279,0.05318387981734566,0.5389290143359814,0.5470166090840117,haze
15.494003295898438,57.766754150390625,164.45118713378906,3.417264756283879,17.306506766293566,51.827070974164876,23.89512867647074,13.79208026960794,0.995554405791695,0.9974220263459552,0.05438250934622368,0.050043946649531046,0.6454268359121864,0.6135795037934857,haze
36.09410095214844,48.319610595703125,114.14950561523438,48.128166539148204,21.748163057637015,41.599473088665526,18.859865196078676,6.2366268382352965,0.9939781576740141,0.9980149005268387,0.04888285151602335,0.0519044967089828,0.6132331318711638,0.6791319174886619,haze
103.522705078125,96.29522705078125,211.01327514648438,2.25604187858802,15.377204028451585,31.608949820901223,25.802374387255266,22.68999693627475,0.9866602063193491,0.9882481170558861,0.06828473768753393,0.07258088302154445,0.5716981092384786,0.5703873666904598,haze
84.06782531738281,15.265121459960938,134.77626037597656,26.436074802652513,7.959983415666085,50.02186721316763,8.164721200980404,8.776731004901896,0.9984199156719767,0.9982969267741221,0.047382012866743824,0.044534128407229465,0.6004700533209282,0.5855744463199193,haze
50.841888427734375,11.532180786132812,77.30609130859375,47.8389494932878,13.471873125889019,21.74975087984717,75.1829350490206,45.444316789216494,0.8958248387435164,0.9368966139962643,0.06531973664095908,0.06541718023899815,0.5921694810483422,0.5902562827668217,haze
51.17512512207031,19.894775390625,156.05470275878906,39.33015704505501,17.692755735496856,62.43887769192778,120.12038909314005,27.81216299019665,0.9837790947828795,0.9962279425538346,0.04573106262309937,0.04601078088375511,0.5902575263338792,0.5925089242863598,haze
24.957916259765625,15.867813110351562,173.36924743652344,7.1078358707449425,15.394922199591608,20.96989593104699,46.3127144607853,23.910830269608613,0.9521812356426462,0.9752231980561691,0.050263409335936086,0.05711252009909328,0.45124375311606685,0.5215441692372601,haze
103.5704345703125,11.778182983398438,157.5784454345703,39.407216652207744,12.031529297456746,55.87909162412738,67.30425857843117,42.29390318627476,0.9887936386385043,0.9929766353074745,0.045772307468581436,0.051369745537452334,0.47094776548413014,0.587947254225871,haze
22.3424072265625,32.46540832519531,126.29066467285156,4.6166428101077575,6.214314113432729,29.615071529202694,3.905392156862774,2.9533854166666993,0.9974471208077026,0.998059676456482,0.05302558325823053,0.057282343663165605,0.6106160007712799,0.6539985345133033,haze
87.4293212890625,22.326828002929688,177.6807861328125,43.879885429888404,17.02159034363764,27.49330197579741,5.328170955882379,3.2739583333333666,0.9954892192495421,0.9972160280984697,0.05653307136125819,0.0571907564492059,0.5479629655981623,0.551452147797706,haze
21.194198608398438,85.6641845703125,131.4322052001953,5.6788054818157665,47.125660757439874,57.80750807044305,52.33786764705965,57.22542892156935,0.9923852359829981,0.9916343316285242,0.027772177278678752,0.030089847687445357,0.4679671577721895,0.5168755337301052,haze
110.24212646484375,16.94512939453125,174.6193084716797,15.451482795376096,7.93924405408029,59.988330866891246,342.3967677696145,237.7826746323547,0.9473248834499212,0.963392896276913,0.032043386852086964,0.040194801372309095,0.3879343237279959,0.45673628266901845,haze
55.374969482421875,11.970016479492188,172.0234832763672,48.79952342002961,14.908989079029308,50.89242110859455,120.33923100490263,123.14931066176294,0.9779055077515277,0.9772429271901014,0.08720117475095603,0.08811677639877963,0.5659925022246736,0.5548450251466517,haze
55.07289123535156,6.2566070556640625,209.8252716064453,55.914746212178244,6.3925964915630615,31.7477786715749,13.816283700980515,6.038495710784368,0.9932559050910431,0.9970398635271974,0.0647628080453631,0.06606084780425893,0.5653986766806355,0.6283620361091593,haze
25.02056884765625,13.3314208984375,127.99481201171875,21.778517791080557,5.737321942242588,46.029742077291345,65.26079963235452,42.60464154411833,0.9839540989658174,0.9895592089364297,0.03278156567691206,0.03464056709598218,0.34776917125466394,0.37351728582755406,haze
89.85191345214844,25.308547973632812,132.9676513671875,58.61398658617036,21.920844765494966,38.15438509213999,34.15761335784326,15.455943627450985,0.9872446251727436,0.9942172334276426,0.06430047017656967,0.06265305518587408,0.6894460142731695,0.6851480158202246,haze
104.21002197265625,10.161529541015625,185.07508850097656,33.88581776935529,18.328000139556483,76.25530802172088,12.18665747549018,8.856173406862796,0.9989443370053104,0.9992294843588422,0.1096637370590077,0.11253806694015626,0.6506407916889231,0.6567099060908115,haze
61.53607177734375,20.55950927734375,140.5331268310547,53.873840847256034,30.63253452681536,57.97232975196768,253.81799938725538,161.7939491421602,0.9613496052223025,0.9754059189837144,0.018049617672389284,0.01777174373890075,0.25033424363765694,0.25683430693516224,haze
94.99786376953125,25.607818603515625,155.45233154296875,49.22036110038746,20.1298974389014,36.2946592923517,15.15407475490216,8.865180759804035,0.9931644905913984,0.9960065837993087,0.06207110300468475,0.06058457508816251,0.6691785429523859,0.6842989178509993,haze
121.26164245605469,83.95994567871094,138.37957763671875,26.012816165703732,29.56190328368397,55.52497310532442,16.643734681372976,8.258026960784425,0.9969360021482074,0.9984752195924768,0.03794642320776428,0.04359479389129768,0.531938605015779,0.5947887765552261,haze
52.7982177734375,14.035369873046875,127.91860961914062,32.82718924174169,10.504682686644117,37.85103921684789,51.192754289216154,124.62037377451146,0.9822989854641466,0.9561953048357612,0.0471696707501431,0.044613326889859355,0.5621257408116602,0.5399319783467338,haze
56.21453857421875,11.410079956054688,108.48020935058594,36.353119675128774,12.043696700183435,29.544916214985417,29.538771446078265,18.57748161764696,0.9831895277426401,0.9893967749330348,0.06395795077008806,0.06844899287450908,0.5846439650432976,0.5504716468815649,haze
43.45103454589844,13.37420654296875,135.26478576660156,47.67665144603762,19.664672001636575,65.3352959727768,148.85065870098325,135.66548713235716,0.9827819228829512,0.9841984600687852,0.04763741436170278,0.04156259812672668,0.4481959707832397,0.4127145667968856,haze
94.05741882324219,49.9736328125,99.04788208007812,33.85082751953707,41.52132381539336,51.220492432245514,237.77634803922228,97.66243872549155,0.95548957651355,0.9816598120198704,0.0397334974005478,0.039559033341375505,0.5822785520213104,0.5687215492503662,haze
54.62860107421875,8.573257446289062,130.7832794189453,48.90882240235594,7.835225045308253,31.726577630002875,48.941819852941464,34.608884803921896,0.9754234248050205,0.9825226650228746,0.04732602746305755,0.04632010108347152,0.5771011979727194,0.5553515290662788,haze
69.04922485351562,8.1177978515625,96.87263488769531,59.785738445668414,7.629847852743265,36.62436795434053,4.491421568627465,4.34485294117648,0.998317183023011,0.9983622088165687,0.05022294069037352,0.046356790147838965,0.6656742689576116,0.6154754676946481,haze
109.76205444335938,40.04203796386719,120.30813598632812,59.32280954039172,53.900887016033955,48.0911479048252,102.57238051470439,106.41758578431228,0.9771842663487214,0.9762133109788723,0.04534403643906703,0.04707069496560089,0.46051978384173764,0.4704317213821584,haze
19.200119018554688,4.559844970703125,139.71522521972656,33.846426748233405,9.318067108267092,42.257055336502276,74.25474877451126,18.22968750000029,0.9795101027978335,0.9949644107944623,0.03384279362133178,0.03805506573232991,0.2891401562984483,0.4074650766451492,haze
67.90872192382812,19.2034912109375,152.3976593017578,33.58497750070657,24.023708789503182,19.671605687558802,139.98710171568686,94.88707107843202,0.841446570334531,0.8920395888093142,0.06754994512507083,0.0765223309358607,0.40333503132242704,0.4829591041288343,haze
20.828582763671875,36.543121337890625,140.69598388671875,13.579084839788274,16.795103530814135,39.43567234317102,197.78360906863088,111.48305759804178,0.9342483319868299,0.9626363311616623,0.03652913094524995,0.029471598082965792,0.46901833830931267,0.38370763619929416,haze
44.35675048828125,7.21441650390625,116.62081909179688,57.58557013506524,13.338603769286518,27.416865237053358,31.10128676470662,82.99886642156882,0.980572925754306,0.948169391934841,0.09695365286446157,0.10684220812684035,0.6597510043136974,0.6108100257083372,haze
81.45307922363281,9.887191772460938,159.71116638183594,58.58484251546503,9.47856292067021,39.54483262912403,16.857720588235395,7.590211397058903,0.9945628929254152,0.9975537243727854,0.06141817945572384,0.06076576775171655,0.6383328797224719,0.6344290699616825,haze
83.72789001464844,17.17620849609375,149.34573364257812,23.928720949068946,16.626758978830573,49.93641103647185,30.47979473039293,33.63327205882337,0.9940843371690206,0.9934396768881438,0.03474494511465179,0.037769571000379275,0.46909365063755404,0.5001321077276177,haze
31.996932983398438,7.4606170654296875,174.63973999023438,11.933144544231682,4.144993922701245,15.392204402804278,1.9350490196078467,1.1320006127451019,0.9960910533443273,0.9977023610751976,0.09764330219817134,0.10088645040937354,0.7769793933039978,0.7894206855091274,haze
36.88836669921875,8.082077026367188,187.04974365234375,45.79642041652485,11.571165399752196,48.78609313354644,61.449647671568776,25.80520833333401,0.9878884831332662,0.9948999313990772,0.10869379738944532,0.10072948365711228,0.5780248635242422,0.575791551493077,haze
74.92599487304688,9.842666625976562,139.97705078125,40.24892847284121,8.177247815098646,25.59448315195641,50.09590992647155,88.97872242647225,0.9593728320301605,0.9272610663044545,0.03339175304569973,0.033499053869743244,0.32625649624226294,0.31691222477461817,haze
78.28617858886719,19.572372436523438,120.88032531738281,33.01709367494478,17.55233296053219,60.5725387131728,164.3630361519635,140.34983149510003,0.9770997525207162,0.9803957317373045,0.06237006773244213,0.05613270815067664,0.600963441654122,0.544114709616428,haze
45.089019775390625,18.739059448242188,198.42872619628906,41.20683937314436,18.749135989054682,37.0332074163047,21.9201439950982,7.817248774509895,0.9933508272401502,0.9976110538115583,0.06595960043794012,0.06440112581867792,0.6906552111276076,0.708707738242491,haze
16.3077392578125,61.87054443359375,157.9028778076172,3.130150820108016,20.558934680848726,56.499669547304,20.01121323529443,19.143290441176674,0.9968215982202354,0.9969447251280527,0.03727364555759572,0.03746945981722353,0.506676811743667,0.49209002856054146,haze
35.978302001953125,29.594924926757812,167.70680236816406,43.33598699629414,26.485228678175183,56.865170908632834,82.19030330882438,43.52993259803871,0.9878262983456698,0.993530019681228,0.040870254497912976,0.04243470084201871,0.6128910447636494,0.6267803390947202,haze
69.55815124511719,58.624542236328125,150.94631958007812,37.97978121999426,35.11193897754182,65.65873797385058,220.407674632364,86.80824142157165,0.9759173815696425,0.9905066885072431,0.036657915586025644,0.036538153837599764,0.44020111875460577,0.43076262013868544,haze
37.90571594238281,17.315872192382812,168.52870178222656,56.16180754744252,22.461461994469055,23.826714869887123,14.649617034313776,51.1617953431367,0.9871756434671068,0.9516389377041713,0.2761698056796407,0.276262743160269,0.8013113905596917,0.7679006615655614,haze
71.85496520996094,30.415740966796875,191.17950439453125,21.04440787304459,37.559144586448106,63.36135462265352,90.14333639705723,57.91355698529264,0.9892540666309446,0.9930099949350573,0.07418186863128699,0.06859718830903794,0.6395786732930252,0.625510287647348,haze
106.5606689453125,8.332962036132812,147.5515594482422,48.64280626174189,7.051971890694313,33.1910832439452,3.5331495098039505,2.825413602941204,0.9982590996442509,0.9986003073348357,0.05497315436309776,0.05915627308987962,0.659875156242834,0.6908532456796755,haze
98.24246215820312,41.483489990234375,186.08038330078125,1.8911627443632681,9.707476989396145,26.96835183022904,49.86300551470564,12.740318627451037,0.9652611121419812,0.9910941941658291,0.10785607081900739,0.10375980512743951,0.6316293576076158,0.677196191022557,haze
60.14093017578125,19.269622802734375,116.85699462890625,52.28806424149831,28.636656078643526,59.97275557314424,106.23118872549263,55.2679074754907,0.9853370503065155,0.9923433364338287,0.04083289841440473,0.04122484857556684,0.5717949000954082,0.5625387250934291,haze
74.7744140625,5.7022857666015625,161.15234375,48.42136181155972,4.587894030025082,58.343289308614004,12.310386029411843,16.658042279411877,0.9981304895129937,0.9974639334718625,0.07205174434102557,0.06580273466384534,0.6960353402886621,0.615606980973767,haze
15.820541381835938,11.223846435546875,139.16744995117188,45.71236858766351,3.0124461386283254,8.431329489420103,2.4669883578431455,2.4407169117647105,0.9819518866061088,0.9820831971409504,0.20137583435922338,0.19214981695097888,0.9283058110247945,0.899197184200968,haze
68.43035888671875,9.708465576171875,180.40576171875,23.255237328423,7.54608030650504,18.642959429366865,38.079641544117806,22.73242953431408,0.9468674931830746,0.968209275681846,0.09907327189064419,0.10843737509299849,0.545994750906859,0.607889030916304,haze
96.57403564453125,8.624252319335938,163.23439025878906,48.35673344131057,16.341755773823568,32.871643250391344,113.68020833333391,75.69667585784309,0.9517893494460267,0.9678671624479769,0.12971513156354886,0.1271870107616408,0.609269591107854,0.6090824112269626,haze
65.71266174316406,16.9268798828125,134.06333923339844,40.135203958125565,21.028433164381344,40.06729950935759,73.17866115196075,123.42573529411956,0.9790411404433724,0.964516294000413,0.06713335393666804,0.059542810298453666,0.5805649431107462,0.5104433830840984,haze
0.0,0.0,123.77024841308594,0.0,0.0,61.114482529335284,194.55036764707035,43.02568933823614,0.9739663764774155,0.9942221790246385,0.029461416582655126,0.03186679359826146,0.37218550396370464,0.4328753328746502,haze
60.819000244140625,9.190902709960938,160.2303924560547,52.97465643070902,7.287354745554531,33.01537226306455,7.025061274509873,6.075689338235324,0.996847646393919,0.9972736192286967,0.07233049953288295,0.0703895765308032,0.616034995974806,0.5724677061907122,haze
41.873260498046875,5.870147705078125,130.9770965576172,54.017751432408666,16.41039054753174,55.426516522826674,73.41174938725588,28.879810049019998,0.9878903600534974,0.9952396120270975,0.08453746147494272,0.08534009827678947,0.6346444125943767,0.6798560345856134,haze
0.0,0.0,186.004150390625,0.0,0.0,62.24569023822647,116.99410232842968,30.362162990196225,0.9848585402571325,0.996076420720252,0.05635118526843273,0.050851590722742576,0.4671458311783034,0.45515668527701547,haze
96.58390808105469,29.147872924804688,218.60890197753906,20.40934343083294,18.230019682021705,48.764803749171655,69.59339767156757,130.69280024509632,0.9853243672448396,0.9715501711545733,0.10245783666861034,0.09631436898267008,0.7578232169552868,0.6823927125166043,haze
95.39715576171875,15.786605834960938,144.02630615234375,50.561568519465354,35.95526537000927,63.65596242976298,245.78334865195976,82.01190257353008,0.9688895521941576,0.9895561902085773,0.05153555907384264,0.05781856279809363,0.423464953730845,0.5059972247187403,haze
52.79991149902344,86.81919860839844,104.57723999023438,64.00989017832777,31.337503146538875,66.00484714755568,172.97627144609476,108.85813419118652,0.9765360385930408,0.9852274126933329,0.03370946549543771,0.03563454862248565,0.3272466922178859,0.35543933958416785,haze
64.30767822265625,26.0618896484375,122.35971069335938,52.55049306074786,56.930143277676095,51.60734794700589,148.71173406863267,167.47797181373008,0.9741872842759719,0.970746012081679,0.04642969845501743,0.04682708853400827,0.6162444451363582,0.615618616702429,haze
21.82623291015625,28.220932006835938,146.54759216308594,47.507814289060676,17.730025160663747,29.222683026165335,95.43739276960886,78.18575367647182,0.9442412842283885,0.954117925880615,0.05192793055524821,0.054844003427241605,0.4607813762182896,0.4910664017418254,haze
62.42366027832031,19.452743530273438,153.31298828125,59.46998006504077,23.130844003544343,76.83400083194687,49.43958333333315,78.5420189950992,0.9957636255816631,0.9932552052101119,0.04785509426649486,0.05065929273824932,0.5403711267506278,0.5360367114590927,haze
119.69625854492188,15.07659912109375,163.72726440429688,15.267917661946656,5.18092973946498,17.12979443070453,33.74643075980462,14.202052696078553,0.9435642096103609,0.9761829918937341,0.046871458059346956,0.05393493704220864,0.4376338596430191,0.512008938071864,haze
48.06108093261719,3.616943359375,148.65103149414062,48.53405297617823,4.773922953293166,23.396126597809868,28.21582414215713,20.196599264706194,0.9753537146589891,0.9822839015517543,0.07509012191394383,0.07831779484075385,0.4518271077755116,0.5157307384812011,haze
86.60453796386719,42.606353759765625,149.88961791992188,57.253443693231524,30.39011605712743,65.26598568606576,28.630361519608243,19.79276960784342,0.9961771488398955,0.9973587806660086,0.02818482586324296,0.025169570097428002,0.506597650353572,0.42642900004578027,haze
18.891571044921875,113.98287963867188,167.16346740722656,2.223056120133535,14.275115138432112,24.42597015036777,16.675352328431554,19.658593750000396,0.9852273817126991,0.982527337417979,0.08521589914469906,0.09395616990444622,0.7110558243299822,0.7200004074700482,haze
67.54954528808594,5.8626556396484375,163.54852294921875,58.17868839027962,11.257049903834567,46.3644655005145,144.59822303921698,119.2457107843147,0.9667917768672947,0.9720346692872645,0.0983345191882139,0.09477756495485552,0.626871268506748,0.6281865722930614,haze
25.920852661132812,51.47503662109375,149.03915405273438,43.354742232577536,26.977375062400863,21.038376222728328,6.803523284313844,1.979595588235314,0.99303269893768,0.9979651009549354,0.061847793063296665,0.06739086779259641,0.6125288212083679,0.67325562427555,haze
104.72801208496094,42.966217041015625,165.25302124023438,2.4202389112542724,9.768158424924149,21.91520593670258,1.823774509803932,14.408685661764762,0.9983706015685928,0.986626758939617,0.05742463594407459,0.06129724895933087,0.63269915306534,0.6684365000679588,haze
40.40061950683594,14.178237915039062,128.52565002441406,34.51424804479531,6.887618261982219,36.42524083930328,25.7063572303924,15.532199754902,0.9892345813895835,0.9934640897357278,0.07680291661076756,0.071675857843138,0.6531148376648158,0.619128177011272,haze
27.890029907226562,10.04608154296875,184.67620849609375,12.448270921581592,14.970940904290451,33.470266132347994,27.52499999999997,31.701838235294566,0.9887797305492692,0.9869947949648231,0.108176690442733,0.09711809922770778,0.7225488820320447,0.6720388108286792,haze
61.663330078125,49.66609191894531,179.69252014160156,24.692751776133967,30.55447827606467,52.37570604721522,113.01366421568376,57.05113357842967,0.9814957138909953,0.990642571559205,0.04181932127481065,0.04219195240167821,0.38516816093493556,0.39657176816965173,haze
19.967025756835938,31.432907104492188,97.17118835449219,7.219755813252876,33.40612278914059,56.0756875457792,138.1858455882445,63.634635416667805,0.9777882970551844,0.9897438421087151,0.024097340355498098,0.02826956304534765,0.28827183296391773,0.3756313901993043,haze
17.860687255859375,26.735916137695312,190.07373046875,2.906654443690053,5.587325686056674,38.934558392968555,4.724693627450994,2.2848345588235346,0.998360767311588,0.9991999232739551,0.05855255043442559,0.061297716959418595,0.6949595169624716,0.7043715583201772,haze
119.39028930664062,17.242828369140625,161.03488159179688,26.913256626891783,19.38233292328754,30.560736110639795,6.863511029411855,9.148529411764752,0.9958500773364526,0.9944501056006001,0.15037344371173042,0.14815588270816046,0.8251911505431823,0.7775058208875567,haze
41.73841857910156,12.256103515625,190.2687225341797,62.816901751000195,6.767006884930055,42.88285991857707,11.726639093137306,51.817830882352055,0.9968385973181395,0.9859464874221229,0.0821391246176222,0.07462680947992419,0.6227778842973406,0.5605120483021534,haze
66.20817565917969,44.30723571777344,171.53564453125,43.04533672874698,34.35880939930468,68.95321138516151,219.4427696078447,76.61040134803974,0.9797161159360432,0.9928981423617824,0.03843907615261948,0.04061478918661852,0.38310298092750333,0.4368741122687892,haze
0.0,0.0,190.04324340820312,0.0,0.0,35.01796184091847,168.10614276961252,117.2280790441214,0.9310628690744495,0.9520218143349892,0.021592041471419066,0.020467933494681036,0.2441280979085665,0.22315655207281437,haze
67.54612731933594,24.715667724609375,154.14256286621094,48.77722637108385,35.11818506829696,80.18443772117026,64.85557598039313,72.3441176470595,0.9950577935924311,0.9944843820225794,0.06395505404595801,0.06063070849010552,0.5020198430400847,0.5224373727866056,haze
86.82362365722656,5.9160003662109375,187.13418579101562,45.67667274453872,3.8080159457858422,18.30915087184818,2.339905024509812,2.198253676470593,0.9968671751006992,0.997039652831139,0.08829555074609576,0.08371583020943121,0.7152015956978178,0.6909734293097569,haze
88.81034851074219,6.9410400390625,167.46458435058594,58.80014973078238,4.907459946581645,55.8860734109866,41.480958946079184,30.257506127451336,0.9932504519434423,0.9950485477828874,0.04623753559818163,0.045412749934778916,0.5246667323746074,0.5036231215886395,haze
18.671234130859375,167.3608856201172,176.2657470703125,2.8239199859897917,23.38134082137561,30.253976040163067,30.47594975490242,11.858578431372559,0.9823199485912062,0.9931051595755211,0.06738147422895459,0.07538514391319862,0.6696981193729676,0.7315916567588858,haze
105.49691772460938,47.918426513671875,187.9740447998047,7.625999887794447,15.981082179002504,33.29878427163948,19.15984987745142,12.268918504902175,0.9909404739983123,0.9941962023593971,0.040816106990302026,0.0473892293763635,0.4816683657824511,0.5592573183240844,haze
24.514236450195312,21.083816528320312,138.0858154296875,9.93478085141657,26.56219283939188,50.77533640056887,62.29044117647018,46.421783088234854,0.9876853716109895,0.9907780415949695,0.062114380413436074,0.05744312803782838,0.6275214956124864,0.6527060265816514,haze
59.03880310058594,7.925689697265625,178.1548614501953,54.44263068090189,10.282760821762771,32.07915846311669,106.02642463235382,109.18298100490273,0.9508034331354819,0.9490923527002454,0.0740449876497291,0.07586641452632055,0.6187642433259585,0.6150136827334325,haze
24.658584594726562,6.6869964599609375,133.6713104248047,39.186426823778895,8.504887114696333,44.308526889100065,31.931924019608374,35.7299172794118,0.9919079939652801,0.9909077004712692,0.04826666394626664,0.051113510671087437,0.4978377106891163,0.5175424469459646,haze
16.838333129882812,66.96356201171875,147.5247802734375,4.641187458534179,29.74367038770409,61.4187636041039,41.45726102941206,36.29885110294136,0.994314903416887,0.9949992670150243,0.038606744810957334,0.03688226551403866,0.514804967274399,0.4825646515514756,haze
19.69775390625,5.902130126953125,170.66929626464844,44.999155860506846,24.333758010422986,19.28708778002894,15.77634803921571,49.4955269607836,0.9845293116909953,0.9466764152898566,0.3418159422545909,0.34423303601805444,0.8467193041760306,0.8404600266415799,haze
89.18182373046875,31.910598754882812,181.6229248046875,8.41096756822738,15.098770070343415,32.79681305586411,101.04348958333564,107.48615196078647,0.9548009656343451,0.9518260537529025,0.03012064830935501,0.03232131654471938,0.358851318950589,0.38763717280580157,haze
141.69223022460938,22.607635498046875,157.02444458007812,25.0911924080296,12.692943732854864,51.71868698657042,27.913265931373047,16.204886642156882,0.994931609292897,0.9970354245771956,0.039607637671840036,0.036431816994167955,0.630330833460707,0.5823476215117425,haze
16.774551391601562,163.21351623535156,144.7374725341797,13.950922364296192,48.638381845279376,36.65770570170873,109.28304227941972,58.98697916667017,0.9561864257522211,0.976325379742436,0.029426152319260258,0.031438509470772404,0.369707241576745,0.3944309280261442,haze
83.38893127441406,79.10836791992188,124.98915100097656,14.005948318437548,54.48507071176652,65.11355757241148,11.511458333333476,8.344424019607846,0.998574503286321,0.998963609234345,0.035365162405357226,0.04039864055795386,0.5284202935496184,0.6151358411664927,haze
75.39762878417969,4.5488128662109375,182.47804260253906,71.49782566328525,4.9405274163543025,21.60191935852706,18.11954656862782,26.309941789216055,0.9817195271924819,0.9732717262595818,0.06793150658964145,0.060226033715946446,0.5648049417108174,0.4743710905373677,haze
23.606307983398438,12.746902465820312,87.05194091796875,27.777504249191246,17.016919353964305,45.87492735531997,117.7348958333395,59.01499693627575,0.9720729925683022,0.9859475437958087,0.047526186705829844,0.04385988418515394,0.5821212508608224,0.5642047239938982,haze
105.02146911621094,24.543914794921875,217.28579711914062,6.530213538416838,6.195134688224308,28.496870175540554,2.5826593137255047,5.769776348039276,0.9982455811712345,0.9960779926625576,0.1049685699622238,0.09466951176626519,0.7776015096173906,0.6859506286387576,haze
40.693267822265625,12.144668579101562,171.1785430908203,27.332509986071905,10.48575417443652,28.974136886655216,15.30015318627453,13.11181066176475,0.9912861142864291,0.9924611170433593,0.04692876958218747,0.0430280462400118,0.5661631173242,0.5202080686569188,haze
90.16265869140625,4.6903533935546875,188.49761962890625,50.2510008539914,4.186420069423467,13.968606698364697,8.943765318627545,4.225291053921612,0.9719323471400769,0.9865835552340785,0.07855932084077893,0.08059960940512456,0.5270074574243903,0.5664249987606569,haze
62.98921203613281,39.98272705078125,129.9488067626953,37.51044600864267,22.77914689333633,35.74739401258406,38.24699754902046,28.44431678921628,0.9836462949054903,0.9878972472917839,0.04456263237957108,0.04326371883626529,0.5447693341012726,0.5242338924234654,haze
109.94833374023438,28.997604370117188,173.01019287109375,13.88796367158645,12.788716864916376,49.73113183407308,23.192325367647147,44.70359987745075,0.9944055143993475,0.9891104768202438,0.0842246904466127,0.07458262472388921,0.7685424519854909,0.6417412264146446,haze
76.33805847167969,37.42863464355469,170.70249938964844,44.04114469521032,26.00760135284447,22.178418390142422,45.57241115196162,20.09237132353001,0.971032557347624,0.9871838931759952,0.04660906694185049,0.05038531885008745,0.43508524515480873,0.4736063359584843,haze
69.65133666992188,8.597793579101562,131.13674926757812,44.540071947377584,7.968396937023446,31.986952613971244,102.99557291667152,96.2139246323563,0.9482599328876115,0.951356704977554,0.06080655891899065,0.05019188900836894,0.6460066629751972,0.5586675548209781,haze
34.08050537109375,20.182373046875,146.4164581298828,16.43623527211695,14.960534772108804,62.47765574809463,21.7789522058825,15.706219362745287,0.9972390252590743,0.9980011808327204,0.060058311668523316,0.05701394860062739,0.5964013202474784,0.551199441863817,haze
102.52386474609375,63.08528137207031,158.1709442138672,14.202405546109416,29.378242829859566,55.32125911512301,132.70098039216032,102.57961090686592,0.9771624293358511,0.9823585453485838,0.050513737867381725,0.05636758377570033,0.4175291467627539,0.4922682547324023,haze
26.84747314453125,66.59722900390625,139.83644104003906,13.238627230163262,14.1106048186097,70.09876801625889,23.832398897059367,11.819041053921659,0.997004516033741,0.9985101171010919,0.05477909690946297,0.05545276170751368,0.475803766186509,0.5616557619976029,haze
61.86219787597656,15.73419189453125,132.3879852294922,33.11720097905195,15.828928798886162,28.841565533067364,208.86179534314138,165.65376838235827,0.8771235769937734,0.9024162865381696,0.024462394788753297,0.026007544596554886,0.25684394556847656,0.27884901194789363,haze
44.09930419921875,24.808197021484375,144.7908935546875,46.43252027108636,30.620583485690656,51.225150345435765,119.70229779412455,54.574264705883486,0.9791988830580705,0.990466497202107,0.03145735815062828,0.02938289047786156,0.44590747773176853,0.43851456479267936,haze
45.976531982421875,5.368499755859375,202.28497314453125,43.73675439595392,3.298903244630188,20.812197146685907,19.953507965686633,26.07253370098079,0.9778391783670201,0.9710195263338142,0.08912559914028861,0.08069428091065516,0.6230919155900239,0.5640007374989325,haze
0.0,0.0,210.20851135253906,0.0,0.0,47.96785926690549,58.45877757352826,57.4992953431357,0.9872803426892622,0.9874148580537588,0.11868496299534514,0.1210660226290759,0.6647222670084889,0.6910989243480267,haze
14.290740966796875,62.449005126953125,131.35784912109375,2.310744891988516,7.661124858219936,22.12478128009584,18.139889705882617,6.720496323529497,0.9779013152427972,0.9918476709903873,0.08454785695661411,0.09199213895369411,0.650671915254277,0.6773767255622448,haze
51.08375549316406,11.602066040039062,188.65089416503906,29.295231012753714,13.383345682389367,54.324429525807936,52.10867034313664,37.21996017156833,0.9914348894897487,0.9938441928629053,0.049718117526077035,0.050849495645859215,0.6035003333708521,0.563335128914407,haze
76.06483459472656,12.207183837890625,166.59490966796875,55.05415279483258,20.344875362592575,25.34481855536048,51.73007046568651,24.119561887255205,0.9652821218145281,0.9837604827956535,0.056699114753741786,0.05976943784828157,0.521341059268029,0.5555018521595361,haze
0.0,0.0,166.3488311767578,0.0,0.0,65.3209423243509,57.90220588235305,9.284880514705948,0.9932020975589992,0.9989107773305222,0.15030525900932779,0.1513389946758456,0.5535193177407987,0.6198871681889125,haze
58.8704833984375,18.916427612304688,133.3917236328125,43.62247469142284,19.194905206727974,19.13663051068624,8.226087622549068,5.73268995098041,0.9918137062455081,0.9942754879327274,0.08979970957895131,0.09633471382100663,0.6207905020489624,0.6323713074052975,haze
17.76409912109375,130.63658142089844,140.8313446044922,15.433037103000721,42.24235175790883,30.68196204582734,29.58825061274679,42.13655024510039,0.9803199805263095,0.9719329212510036,0.06688407287117698,0.06952926469238957,0.6390584789907986,0.6597232477528339,haze
30.181625366210938,5.84722900390625,134.67999267578125,52.1706941493234,13.71750224384388,10.089852677354987,37.34433210784387,26.15712316176532,0.783658792064299,0.8486903819267787,0.17500348634757282,0.18757611681428338,0.6183889949642868,0.6874974327960814,haze
81.32939147949219,24.58917236328125,179.9727020263672,54.79554455683058,26.383436797628747,64.67165087438008,75.60320159313628,73.83671874999865,0.9917327304138388,0.9918796089713827,0.06420618999662811,0.06488875298151003,0.595587492926933,0.5841919738533623,haze
101.0772705078125,24.523406982421875,147.68226623535156,38.17798066602553,20.066547342040717,37.37569094216475,74.03462009803962,53.62689950980416,0.9741523991131283,0.9811755553049647,0.073412243407594,0.06883856861635784,0.47393952629347635,0.46396026039418303,haze
77.30567932128906,18.500595092773438,133.23699951171875,44.97638664820578,14.111571271040708,52.305019329427246,63.213939950980325,31.554748774510088,0.9887914628808181,0.9943912029967198,0.05789775102071035,0.046211093084110845,0.5402387532969206,0.5131499460343812,haze
73.61514282226562,10.501296997070312,159.93252563476562,38.18215712855752,6.566026175230665,26.683350324026474,11.902083333333339,4.701102941176495,0.9914362623545931,0.9966112337787042,0.06632526720548135,0.07356779644927935,0.672937354448434,0.7328610165109507,haze
19.491683959960938,13.27362060546875,160.3103485107422,9.962606682876567,4.8511464371318755,32.916367603208826,26.25419730392218,21.51124387254957,0.987650654488572,0.98986327006702,0.06060389574569784,0.06040085949617995,0.7591209473763113,0.740915276699957,haze
30.195358276367188,2.47967529296875,150.16505432128906,47.74782406755146,3.7760264788245452,13.605582363533971,3.311703431372557,1.7995404411764757,0.9908567051905759,0.9950235731409152,0.1198335617613538,0.11141709583795656,0.7134742739510115,0.7080905175011178,haze
82.228271484375,5.6442108154296875,155.21873474121094,73.30096298548965,11.665856583745146,52.07230301391093,75.99267769607775,109.22140012254938,0.9861016094968661,0.9799732530098586,0.05368427906658823,0.05412037583734759,0.5516820590158543,0.5453487592843158,haze
22.160003662109375,32.496185302734375,190.25650024414062,46.82656289780675,5.326107123285239,51.12005281360507,4.804794730392227,5.398697916666744,0.9989853066804623,0.9988564936027859,0.08460540277747854,0.07530787214545227,0.7527137459659516,0.6331423527444504,haze
0.0,0.0,181.60061645507812,0.0,0.0,63.55937993287863,24.32290134803952,22.836580882352848,0.9969878126653804,0.997147233507235,0.037232230485435815,0.037097443048495465,0.4401422728156933,0.43429507510607984,haze
62.30265808105469,6.2594146728515625,176.0952606201172,48.54057483223679,6.6280426421958945,53.351812794562214,98.60559129901915,54.77009803921511,0.9828226376204023,0.9904067439274824,0.04461626048649171,0.04120785383645758,0.5273976096907318,0.4988700833306311,haze
0.0,0.0,93.19082641601562,0.0,0.0,47.253952510937154,189.9804993872639,98.53962928921757,0.9574764071089521,0.9779380119516848,0.049116141019353125,0.0461971658151824,0.5440512240166178,0.523806593094332,haze
25.08465576171875,29.94158935546875,145.0328369140625,41.081813471404516,18.511292348125707,67.05071620287964,64.29080882353107,47.58593749999984,0.9929923657035361,0.9947982414670357,0.033561745856623436,0.03277671914819851,0.4444984266079412,0.45486674789754283,haze
65.5364990234375,3.8581085205078125,173.63827514648438,56.16286663552463,4.710855797015451,27.88749844351389,12.143412990196172,14.037377450980582,0.9916870585077306,0.990406821482127,0.07941661368354407,0.07581858440911166,0.6241370992725316,0.591384928746669,haze
110.82109069824219,14.513687133789062,192.15513610839844,35.00179379655267,10.936662720910908,42.09248591097704,14.325076593137332,8.410355392156932,0.995270293951299,0.9972034032325305,0.06840855927851631,0.06718274637721726,0.705391704386826,0.713799363754245,haze
0.0,0.0,181.97882080078125,0.0,0.0,66.21037064230883,49.527496936274694,35.71686580882332,0.9943571246748548,0.9959055003510263,0.07559460713871015,0.07951562498760634,0.4526126164910552,0.44761672148570525,haze
62.694976806640625,19.331985473632812,104.61668395996094,26.676498421442933,12.392009099703435,39.408939079045375,2.1424172794117955,2.8833792892157226,0.9993060014879204,0.9990598201271409,0.06362385419512051,0.05832553169600841,0.7533852672048142,0.6650787855304386,haze
69.88151550292969,10.488784790039062,109.66209411621094,56.128314147549666,12.59201712257251,37.14069116014077,74.8420496323539,48.601746323529724,0.971317961256533,0.981293366681354,0.060427561368866144,0.06064031870484636,0.6304897643081893,0.6211348932040696,haze
0.0,0.0,178.25985717773438,0.0,0.0,70.80959337749542,39.49751838235253,85.96937806372566,0.9960598205968542,0.9913810558034749,0.1219125793329255,0.11648936455211419,0.469377151483616,0.44726490201889985,haze
39.86439514160156,8.570343017578125,113.66961669921875,49.73487752670949,3.581453399344305,10.843687058514847,1.4712469362745144,0.6569546568627458,0.9936872445595665,0.9971852018510089,0.11958252440487056,0.1288819126566083,0.7750829208887935,0.8206586778189102,haze
97.45669555664062,23.2962646484375,163.744384765625,49.465394703395276,14.087591398407211,45.79120084595353,98.50853247549192,114.08988970588283,0.9770178986343487,0.9732208604414232,0.02255868013734989,0.022642954937065696,0.2844155716421951,0.279009215184902,haze
24.662811279296875,23.661087036132812,124.29331970214844,12.900083416602486,11.659616039202737,32.966871918553686,17.66128982843152,11.78115808823533,0.9907456299440669,0.9937847048737903,0.09051722908603661,0.07648504627809266,0.7887160133134732,0.7234498806360976,haze
19.951446533203125,29.012222290039062,156.6097869873047,33.5929481878487,16.952129151494407,47.910719823591506,19.592723651961172,9.382613357843255,0.9958172615971604,0.9979764834355983,0.03802888062441577,0.043569626256957414,0.39447655623327815,0.49346942836671726,haze
16.340911865234375,30.246078491210938,148.29293823242188,5.521684861481813,18.636544966575816,67.83114170025412,160.8858915441244,55.30165441176557,0.9821664242112288,0.9938483531797833,0.03245725988673993,0.03329293025464738,0.551531695758259,0.5455291378557093,haze
0.0,0.0,117.27879333496094,0.0,0.0,59.97212552978726,52.17697610294121,26.195971200980697,0.9927497674348456,0.9963435698831992,0.02590776878548978,0.02512939009707449,0.38434942138386063,0.3992229343258015,haze
55.34483337402344,20.608306884765625,183.60165405273438,75.97577764201178,12.192392621286562,42.51408795053779,0.8584558823529452,1.2166819852941257,0.9997805543053184,0.999687461978387,0.07040242441472087,0.06474719754322253,0.7604315131015995,0.6934277036257358,haze
79.42947387695312,7.6374664306640625,171.71099853515625,60.20362557532249,11.861815231979799,50.901876609436535,111.76914828431902,109.6983609068682,0.9782421228793986,0.9785744616997196,0.04752681252930232,0.04368621035913875,0.5383149883198812,0.4663216046639921,haze
110.43606567382812,61.6993408203125,151.3507080078125,2.582666794813202,6.5075402895540835,52.400594909894245,56.081740196080325,30.877941176471403,0.9862661299798059,0.9924255842384948,0.03597713125715407,0.03400539147927309,0.48596012361920055,0.452513531526473,haze
16.01641845703125,19.049179077148438,158.24539184570312,12.494438663826097,8.184098559753153,21.1042904829178,6.23867953431377,5.862500000000039,0.991300266512554,0.991794682741424,0.09340509001719523,0.08986264359912334,0.6803830004215629,0.6718230892380139,haze
43.49745178222656,25.530242919921875,149.62770080566406,50.86266484032202,33.07918643733593,43.3818954170393,92.36861213235494,62.73923100490243,0.9761279491172304,0.983687938459342,0.03626552646427988,0.037474588625400714,0.3723158633919823,0.4099604707420893,haze
92.03474426269531,3.8559112548828125,200.48814392089844,57.15814487990821,3.097191627503191,36.058287754426786,0.8521599264705915,0.9616881127451011,0.9996640126840954,0.9996184726064373,0.0704632485724983,0.05857275871909899,0.7917640646199872,0.680117818233653,haze
58.50166320800781,24.847244262695312,122.46827697753906,47.9069526068355,12.800163030965301,59.101141414539605,4.620465686274586,2.795741421568658,0.9992378883146534,0.9995358400481227,0.03949850683809031,0.03724007326153164,0.6257567506891004,0.5779453214342802,haze
49.96086120605469,13.639846801757812,176.4849395751953,45.43240476628099,25.807891154655657,63.05900875719078,120.46734068627391,80.0292279411755,0.985217865274498,0.9901549652156257,0.05020842736875508,0.054760609377743276,0.47543014806260325,0.5324063219155705,haze
64.24008178710938,8.960220336914062,170.14999389648438,49.77678914603295,12.606225461494093,24.577423938566415,76.79131433823527,45.615196078431225,0.932728188481902,0.9597926378547165,0.06916394731256469,0.06657036906899914,0.6401120278885881,0.6211131443447264,haze
98.54489135742188,19.277328491210938,193.3297576904297,5.970178792536865,5.772106042915183,46.36019300895453,8.913250612745232,6.938112745098194,0.997870418423006,0.9983353165694389,0.06167993554812077,0.06625173993492242,0.6255576788779257,0.6638625541871335,haze
149.1512451171875,38.845977783203125,156.9934539794922,43.292552474623655,13.998640430235152,39.689084804679155,246.36997549020646,64.43699448529635,0.9173577963620158,0.9785318645613038,0.02675462860342448,0.032941147406215815,0.23564119118732407,0.3267070861247153,haze
71.35771179199219,10.570587158203125,216.45924377441406,32.15233429699233,7.855715886650222,36.21923430522294,35.58731617647037,19.441084558823466,0.9884535702821419,0.993625676627762,0.11886527738428414,0.11392678120427505,0.689442488677055,0.7266193111973154,haze
18.837112426757812,32.408447265625,166.5137939453125,8.200293573060767,11.139179020867644,37.746219173903214,43.68037683823618,31.34731924019694,0.981198166575871,0.986481978518564,0.04644538246938837,0.049355303042188395,0.4949813932927854,0.5319613770857936,haze
78.16490173339844,15.826446533203125,112.13096618652344,52.95200159642444,15.739819340944452,20.641603356865648,57.008655024510304,36.04466911764799,0.9266356280811735,0.9534471398861246,0.11180525268297221,0.11938822542238063,0.6137788031926789,0.655471016208304,haze
23.44140625,24.13714599609375,137.5400390625,10.194314935631327,29.753459654062276,51.04791177444653,63.65284926470536,46.79727328431336,0.9874467401910635,0.9907278810797866,0.04631830006462144,0.045907079376805195,0.5377092892002995,0.5727353281606001,haze
59.78575134277344,14.456039428710938,155.72523498535156,49.213703972268775,11.73706599210116,44.741538381577826,7.0268075980394205,1.0663602941176569,0.9982690035227498,0.999738298185919,0.04442081578626406,0.05547827308753227,0.6535188660861717,0.7922847734839075,haze
42.37712097167969,18.156417846679688,136.64218139648438,41.08725561636166,34.13985168796982,45.229642245150714,69.84967830882383,38.27247242647062,0.9830282087421661,0.9906625883511565,0.05283535844677575,0.055024776343982826,0.5011612041315997,0.519357339321014,haze
127.85871887207031,53.58512878417969,74.94712829589844,63.6764248851306,44.743549426127416,58.271548732779486,116.93760723040278,11.760753676470843,0.9823647977671193,0.998227300746993,0.0570144774837475,0.06552809015450009,0.4950934324511604,0.608225373029424,haze
108.56930541992188,101.34492492675781,185.7484893798828,2.07805603292042,44.960800725389035,51.32753509793021,79.70994178921605,62.763020833333286,0.9799757656219682,0.9841814989639883,0.0447441479528515,0.03154428264621838,0.5553492920726821,0.3889735736310081,haze
17.7080078125,129.7949676513672,165.2339324951172,1.1804273697816354,24.719753697082268,29.230227467964376,29.037653186275058,26.00839460784345,0.9818167717415415,0.983609007369421,0.05462631247896796,0.04756433083499088,0.5090448047226268,0.4734504207312185,haze
68.77084350585938,17.212066650390625,214.4863739013672,37.696766594317175,19.201226885733963,56.09751600887998,22.59019607843124,18.90494791666629,0.9965807884820107,0.9971379979547621,0.2474806102562792,0.24583713289248976,0.6854466702357932,0.6517546798607847,haze
15.686294555664062,56.84051513671875,155.4689483642578,15.108480984494848,22.80303777709322,55.31565178083411,16.884650735294162,16.083333333333474,0.9972496486894608,0.9973754337549197,0.03891310399653025,0.038223257035241126,0.5920045072591034,0.5582251204879137,haze
132.73959350585938,13.108871459960938,127.662841796875,46.731025297151824,10.340167816197184,30.67612823733098,81.90340073529599,38.921783088236275,0.9563384078949597,0.9792478608035294,0.07046125372354706,0.0650054777525299,0.5761929859619641,0.55648973340127,haze
97.13841247558594,16.84765625,154.87257385253906,34.56498622908558,14.709093688388455,49.75282024486807,236.3960171568627,162.39011948529318,0.9496648713626962,0.9653966848024014,0.029980001993943264,0.030811914062870347,0.2859860293885895,0.30558823941702856,haze
62.644439697265625,9.1263427734375,144.27110290527344,57.84065413671353,12.65568447439011,61.70870743982135,90.56853553921646,51.08690257352962,0.9881931124705184,0.9933017258541331,0.04386882751573438,0.04182254764221107,0.5647343704452986,0.5048044591679923,haze
106.29753112792969,101.18954467773438,189.22547912597656,4.052864626175935,13.094519967766528,25.311394137854887,16.645297181372662,6.245955882353024,0.984849710690151,0.9943163229994613,0.09017734772132499,0.09503442638888372,0.7325155152593594,0.7578082873466898,haze
19.388534545898438,33.510498046875,139.93228149414062,8.618315160996417,22.345050489819315,22.814549841441888,15.11648284313755,5.467141544117724,0.9829548429214717,0.9938234646838982,0.08009342934451956,0.08944206621912093,0.5931492435958964,0.6765409699121173,haze
16.687301635742188,35.88909912109375,168.45762634277344,13.354109018109774,28.928109864810153,29.958009026218182,61.40104166666815,47.47780330882431,0.916822343713787,0.9358626475161801,0.10404091945100886,0.10718618661646537,0.6954408470425425,0.6964383096555944,haze
46.02642822265625,6.7333984375,143.12466430664062,57.79310963704713,14.388702462967606,14.24894067547303,76.07297794117666,41.552129289216026,0.7930938626248051,0.8868894819495804,0.12568364799718937,0.1285821603610699,0.7592725940120368,0.7654036058511345,haze
50.046905517578125,7.41851806640625,203.64779663085938,45.27092310823405,7.460942496802369,33.862636309734654,9.80396752450994,10.109512867647057,0.995903788291736,0.9957621555667582,0.06950736770532072,0.07227240928297353,0.6648168990388038,0.6767227246726457,haze
46.1324462890625,6.46490478515625,205.9903106689453,38.55583251810428,8.211262036623737,21.724096143693032,97.02547487745234,44.57481617647077,0.9116519585316168,0.9591042126474894,0.1273453351999585,0.11804558864056816,0.6265320486656024,0.6353632817805107,haze
37.34266662597656,3.76373291015625,116.11915588378906,48.30879696421078,7.585808403957593,19.089027437282788,242.79488357843488,166.13390012255076,0.6649764894828107,0.7701963318162688,0.08327283940482463,0.08607295899841813,0.6776094831346177,0.703625752096732,haze
16.048233032226562,71.48698425292969,181.73593139648438,11.172940655704357,32.07396753721949,46.665492420113814,97.94522058823487,54.36289828431297,0.9786872670556191,0.9881496622574659,0.07220654457765346,0.07421302386903375,0.6004786272379705,0.6168505638256826,haze
54.05024719238281,8.451751708984375,142.712890625,25.03834020993966,11.880483827663214,20.729306024693177,54.453278186274794,34.27994791666689,0.9352374310649042,0.9587898653143009,0.08224532988628823,0.08084992781608845,0.7869875871227717,0.7832574629487581,haze
105.77809143066406,71.93479919433594,129.64939880371094,3.0852891518189733,18.840145603984986,57.245652110991664,49.32827818627495,73.02409620098037,0.9904045292612387,0.9857346900335934,0.047625580718365534,0.04002316910841949,0.5571777438845257,0.4730852627100667,haze
28.093109130859375,2.525299072265625,183.54879760742188,43.158428974864485,4.056290428090748,15.706407046461482,8.746384803921615,2.7821231617647153,0.9826184658399467,0.9945320950360572,0.12498699397762325,0.1405198754232225,0.7006843539386435,0.7845122070561931,haze
0.0,0.0,180.13133239746094,0.0,0.0,74.6414638354948,103.67596507352931,54.922012867646465,0.9906898892927409,0.9950704344616124,0.1675399338283163,0.16577194376674811,0.567472772477744,0.5563192239541791,haze
49.66911315917969,11.96893310546875,156.41122436523438,32.7496910299288,9.252677528146167,44.356937397140705,19.1630667892159,10.848943014705963,0.9951374897206159,0.9972293201181011,0.0338996951060882,0.032828454812534366,0.4911584583444462,0.4916996051516723,haze
14.707931518554688,72.36415100097656,145.36183166503906,7.849030333672054,19.331252011362537,47.670829110530825,86.47984068627478,52.794561887254936,0.9781902524245399,0.9867600318525918,0.06029319817212819,0.0630962558994031,0.5253030801427897,0.5307741890490395,haze
85.44267272949219,24.963729858398438,144.71803283691406,47.13351640666643,26.6038604877347,28.603505563648724,145.05560661764835,93.77257965686279,0.930683237075899,0.9547917309525391,0.045138731774488156,0.04704409350070181,0.405281362847067,0.4503919005970532,haze
24.226470947265625,60.180206298828125,150.4030303955078,23.89916942165167,36.212405529929676,37.25818554504091,24.524846813725993,14.538648897058929,0.9927350665839768,0.9956679047129405,0.05958095321943303,0.05937322050687204,0.7144341249305652,0.691734428922418,haze
76.67242431640625,20.376388549804688,160.15994262695312,53.594167045403914,26.851835442757494,58.22026507813403,84.80670955882428,20.575413602941218,0.9869326349977698,0.996855814292518,0.03868661056898444,0.04900777636589989,0.5000535304436988,0.6306140026396145,haze
102.0234375,44.58528137207031,165.67324829101562,71.91364238063052,22.70929181747528,32.209667668706054,11.575628063725587,8.743504901960948,0.9931290880574215,0.9947908641751902,0.05312938493074227,0.053852598310237684,0.5991141385344227,0.6015170323006857,haze
0.0,0.0,183.8697967529297,0.0,0.0,77.29597660225711,76.22939644607949,29.691636029412244,0.9936182211960597,0.9975083623574165,0.3628557960755728,0.3642989067304252,0.5837763655948176,0.5859315646817856,haze
106.98220825195312,59.23817443847656,154.60513305664062,5.532708106416858,9.050086911613326,51.79652526766707,18.481678921568857,15.905821078431453,0.9955435130823449,0.9961516534131293,0.04774080535726062,0.045856537074667685,0.6315475754076009,0.6160663960665734,haze
93.78346252441406,78.81094360351562,136.50442504882812,51.533019525250324,72.48943736945326,57.291963044490004,4.92486213235311,8.264414828431548,0.9993544761019226,0.9989164850658727,0.034370560792905,0.030241234540751585,0.5838733378942701,0.45890645003201036,haze
55.97401428222656,25.949203491210938,141.29843139648438,35.6464857654038,15.597259504966916,56.72627835050055,57.19748774509902,34.66115196078507,0.9909407144585088,0.9944950642799992,0.02955757648300069,0.029386623832255647,0.5048886245471417,0.4990700057253449,haze
89.22879028320312,22.60479736328125,136.28057861328125,20.175553044485376,8.46445911147066,43.5800137829873,3.0119178921569043,2.0404871323529608,0.9991129488586644,0.9993962016938516,0.05403328540610936,0.057849343886955236,0.6913999862652338,0.7245695602481308,haze
73.35249328613281,9.055877685546875,190.5726776123047,50.22399776973595,12.752132088456637,19.11813723493506,98.58152573529432,53.2114123774514,0.8866571899853328,0.9390526866874528,0.06614696324097,0.06691602383613558,0.5625571570215439,0.5707967310403971,haze
46.24510192871094,6.8377838134765625,205.49012756347656,37.75173358654751,8.405611470616675,21.40543010395698,76.94667585784374,33.68209252451016,0.9284262813929532,0.9684269133301626,0.11082732970510417,0.1130988741888462,0.612909826482125,0.6507471574104705,haze
55.42240905761719,12.61224365234375,126.06663513183594,32.764448039441376,9.075255651056878,34.70468236555647,7.916360294117728,9.796629901960863,0.9967142664996751,0.9959217022617225,0.04962290555510651,0.04648198526802776,0.6085339873725555,0.5759280513239592,haze
59.14015197753906,6.1173553466796875,146.7421417236328,55.03314898258861,14.553450583610674,42.43953603596741,122.55260416666779,99.09137561274585,0.9658943083918141,0.9721463063181056,0.08740381617752621,0.08096386759949642,0.8058735885520304,0.7374741878342977,haze
36.89898681640625,11.0802001953125,133.07159423828125,23.301183427455854,5.551297296029659,12.451420542758287,4.601639093137288,3.4040287990196356,0.984981550669213,0.98887964548656,0.13427483276865243,0.1477104138775543,0.7673978859368251,0.8482539694645816,haze
28.126556396484375,41.2965087890625,128.00250244140625,37.157894748894414,23.076226093359303,66.36238367206363,14.24928002451006,5.970986519607994,0.9982146063642564,0.9992498777454383,0.030419573641573303,0.03298010839787853,0.5243924262941198,0.5778721843750363,haze
18.03021240234375,27.812515258789062,162.6356201171875,14.021161124566579,24.70390060915025,46.6036538534943,143.13276654412095,164.35667892157025,0.970088661708837,0.9653346204549377,0.05344823223715403,0.05021455892063645,0.6518405996221489,0.5850154914091551,haze
28.359970092773438,34.3359375,171.0757293701172,10.158816491784561,23.811998897696647,36.46987573976136,59.65787377450968,26.78442095588283,0.9805192930949017,0.9912147304823989,0.03788277211234528,0.04061313961780605,0.4836118245993958,0.5207702574111505,haze
62.01969909667969,42.947265625,153.95106506347656,17.701376741160672,28.764233523918307,35.32001442483596,31.607475490197015,18.8195312500004,0.9873765223628173,0.9924920874034489,0.0684566297352615,0.06850367478112472,0.5436960247185327,0.5859408928718269,haze
92.8314208984375,34.902313232421875,195.40855407714844,19.595751904624894,23.70933202494068,36.35369814872355,99.82532169117741,69.17241115196124,0.9679323742677457,0.9776331070046212,0.08987058166904659,0.09527275917890038,0.47050236476256885,0.5055237852681277,haze
35.24809265136719,32.814300537109375,178.23809814453125,44.39197196579494,30.809568696718905,65.40913514857768,40.238878676471195,6.97742034313745,0.9955229890037209,0.9992237435100249,0.16616544336652936,0.1681871387615756,0.5608479394093,0.6166204691970234,haze
54.34959411621094,11.274566650390625,180.51937866210938,41.179976789960484,11.046457465155664,49.09465714873095,17.513250612745267,17.075291053921507,0.9964699305684046,0.9965433694229927,0.05602706370530537,0.05520601997659987,0.6025219851276904,0.5833199388084289,haze
34.232330322265625,52.89039611816406,135.08790588378906,2.507503809714145,7.8513523324996335,34.37187764898972,9.130867034313809,4.107643995098078,0.9960377128484594,0.9982078131304272,0.046461417261427565,0.04979375757016905,0.5525843300701302,0.6233795925611445,haze
105.33232116699219,42.26261901855469,166.25668334960938,3.0029114323735704,9.296857819108054,21.116507570579607,21.815088848039277,7.257552083333382,0.9787051093019808,0.9928962565568785,0.05811688299106595,0.06728962602353582,0.6447334253752102,0.7352948125967531,haze
22.739013671875,11.08367919921875,151.67593383789062,33.10424018043068,8.44411190521478,33.042939768939256,32.22916666666733,21.08659620098066,0.9861426442387484,0.9908990303672148,0.0679521450238723,0.07156159322568678,0.5977965658861663,0.6278169146545814,haze
85.99180603027344,29.16241455078125,218.00242614746094,5.43590387156104,10.445834921959063,21.8693849567442,24.549494485294236,20.60919117647093,0.9778704208717387,0.9812528435020234,0.09547712355523877,0.09064985828804777,0.6434167701659395,0.6467648259056439,haze
40.26127624511719,2.9633331298828125,119.78187561035156,64.0487941663402,5.5352167448715255,26.865275457146087,59.66043198529577,28.400061274510723,0.959358090450168,0.9806068229863308,0.060326430475131046,0.06650820668737491,0.5602488217587647,0.5989926270556144,haze
39.31697082519531,24.947494506835938,139.67599487304688,36.3611515208303,27.892619175633158,59.509438937698455,27.339414828431774,61.68103553921697,0.9962377285158286,0.9914467609695513,0.0357476673094658,0.035079347478622194,0.5943604928498624,0.5727394104387817,haze
0.0,0.0,135.57931518554688,0.0,0.0,57.01705325757824,146.12473958333655,74.36674325980484,0.9774633733488486,0.9885322908610271,0.037692889073755606,0.03761958154223415,0.42117561535950016,0.4211810969222116,haze
30.695449829101562,13.59063720703125,175.1952667236328,13.16408016686676,6.525069517725822,26.942692209747353,31.201608455882976,15.013465073529508,0.979836381818879,0.990289331428435,0.06590415803894724,0.07277146015325742,0.5153217581162378,0.5336191090980017,haze
55.27899169921875,14.038726806640625,180.4835662841797,49.92561619695283,13.16162214917784,63.33516635193686,42.226072303921526,24.446078431372747,0.9947242655111215,0.9969316825173056,0.040881660015376395,0.043117956784911225,0.500465069221984,0.5075728139228387,haze
18.358322143554688,44.1256103515625,151.76023864746094,2.076121424241893,6.952018845898,52.39122928713795,4.601807598039266,4.4221966911764925,0.9990569906502617,0.9990872918559729,0.04464178686429894,0.03721557998523847,0.6530556944107369,0.5661757813616732,haze
0.0,0.0,124.71818542480469,0.0,0.0,57.63015269468397,58.19313725490298,21.702542892157492,0.9912400946685864,0.9967245054864515,0.03959459394622444,0.041579515595587556,0.5216155587482701,0.5371568925024451,haze
97.412109375,5.060516357421875,140.39389038085938,70.1339636257022,11.15221444767319,34.15421910814823,64.59217218137208,44.78616727941202,0.9726859777971838,0.9809847044422776,0.07855310455099997,0.06934541559664419,0.690734247120151,0.6452258589264654,haze
74.57731628417969,6.118621826171875,119.26766967773438,66.35960013997314,7.401474670621771,41.67478564385424,7.016789215686364,4.739031862745129,0.9979831420299996,0.9986309194817639,0.06117713137692228,0.05997478388863326,0.7021680805318742,0.6881007050718173,haze
60.97969055175781,16.6966552734375,133.88706970214844,51.8676711408196,23.699831208488618,29.857500309817578,70.11029411764835,56.773207720588786,0.9606623927828859,0.9680184298973953,0.04937229749431446,0.05302225745264062,0.42636458809398786,0.4688691248293771,haze
85.30621337890625,73.6912841796875,148.41908264160156,18.35115379007886,68.28132777427854,64.00076685627803,491.9815104167044,426.17728247551946,0.9451358835983571,0.95248890962995,0.02262378988983238,0.021159788166437876,0.2565057016222547,0.23128482467266698,rain
81.10618591308594,40.60328674316406,129.63873291015625,50.03977819127244,49.80198504494621,64.41839933858692,538.6682291667208,427.2653186274913,0.9341921134877514,0.9479518953174242,0.011036366781797927,0.011517932246398107,0.12383483745349007,0.13484501220192277,rain
82.29798889160156,47.419403076171875,110.57241821289062,35.65518046720283,49.97001729929387,59.89508602806639,533.876669730446,358.96994485297466,0.921340483686629,0.947522775718019,0.013687071472213241,0.014156285022679892,0.14944561766458422,0.15581461730179166,rain
75.38568115234375,37.61299133300781,109.95413208007812,55.792553662995026,42.505453195067105,70.87632834948383,441.67555147063507,557.4835324755752,0.955629919423278,0.9440364621562413,0.015192016599189131,0.014464451232073957,0.16697044919731427,0.1488440870378894,rain
104.34829711914062,135.19981384277344,70.24929809570312,15.659671381262829,48.89471715895504,43.95504353505367,772.1131740197283,613.9087622550081,0.7959119751603843,0.8374867709496296,0.013598459567187257,0.014463627878919872,0.06707633837613956,0.07487269985891658,rain
63.23822021484375,27.3375244140625,181.9222412109375,50.76607659517841,30.01668541324385,55.62858213278428,350.06554840685794,207.43206188725168,0.9442877869960359,0.9670121675629682,0.019373464564079405,0.018717005884812656,0.201123983776157,0.19654125021183358,rain
70.32135009765625,12.249893188476562,119.12762451171875,52.63396464370451,17.023031676863596,44.71709311408617,281.2590992647279,339.9905177696535,0.9291905730637776,0.9145881791744473,0.013839924235234292,0.014300351017905617,0.10979041834701217,0.10974983539831107,rain
98.60421752929688,22.855865478515625,164.67657470703125,37.37565692730501,26.514338376553113,55.442015272325925,613.4697303921973,302.39405637255976,0.8887098888736098,0.9447641619906597,0.013161509392950275,0.013963006648892738,0.1260555672053308,0.1456240501772238,rain
68.70547485351562,18.276809692382812,189.2241668701172,37.17027180110695,23.089718980750355,51.07342117632978,235.39416360293873,132.73716299019623,0.9586755019548342,0.9767362735385483,0.05613420577925502,0.056820763287883116,0.4066084706926005,0.4391165524139541,rain
61.46778869628906,28.00030517578125,149.3483428955078,47.61713975367047,23.558542903892082,41.945266423838554,205.1562806372582,147.64394914215944,0.9133526818574647,0.9375253817031837,0.04003871945944375,0.04024037092248402,0.3167963745615736,0.32101740383060684,rain
97.43072509765625,78.32240295410156,193.38931274414062,14.655836408463873,57.334608293475256,55.840951818022575,243.88766850490512,139.4591299019635,0.967105155628725,0.9812273023246371,0.02611407941575455,0.025845028307611234,0.21140385392168112,0.22668349490009002,rain
60.30696105957031,41.76708984375,121.57272338867188,50.030082177488254,58.62525882745148,43.56712150857703,264.9537224264806,126.7970128676512,0.9176591830813369,0.9607346678592736,0.01888218287262673,0.022195871842077535,0.2056310561630962,0.2698553298893745,rain
92.24496459960938,97.78311157226562,149.64926147460938,12.278638932487238,22.69960733750922,44.19298089755665,151.88074448529593,64.93388480392254,0.9526489886602858,0.9797927143776632,0.03156328748242093,0.031065160499641822,0.3602560291775165,0.3743472000340915,rain
80.55354309082031,24.441009521484375,104.78945922851562,38.79440581063107,34.68108883399331,51.47308786531252,243.03056066177993,141.46689644608912,0.9544286535712381,0.9735006421648259,0.015642932778069444,0.017953506527774107,0.18741232207554606,0.2273056114511548,rain
65.63809204101562,23.172561645507812,127.85807800292969,43.61359949836109,24.202375229328112,31.41231017195536,127.77826286765064,79.6361672794147,0.9342267452452886,0.9591382495571371,0.03200264758663346,0.034952893624005686,0.2816588951860002,0.31802401873906144,rain
37.8082275390625,39.185699462890625,127.57301330566406,32.45604275570784,18.779041651743565,63.314682361623596,213.86919424021013,130.4560814951084,0.9707190579893711,0.9821148839912786,0.03501598664137342,0.03296015665467327,0.3544534784361974,0.33862995008781377,rain
79.02696228027344,50.13691711425781,104.34988403320312,41.2728761728734,35.93912157574863,73.29014504491259,214.09537377453506,225.15928308826543,0.9792714836581512,0.9781463911249372,0.024517251472661063,0.025231393071068968,0.23768459291935778,0.24421041189977663,rain
50.17689514160156,39.03892517089844,106.02789306640625,49.15382688797385,41.77346411061449,46.813047114879964,226.9250459558944,232.68814338237257,0.9438809866920028,0.9424560653982581,0.013765297659362796,0.014389235324573231,0.14479597198255553,0.15921268151636694,rain
32.838775634765625,63.29084777832031,98.04644775390625,32.659386181119395,47.90991931863064,65.03031245253645,687.0231158089543,563.93431372561,0.9195052155043877,0.9338192518301947,0.019944320547063507,0.022196239224793374,0.13084778279665502,0.15409549299130781,rain
39.644256591796875,6.2139129638671875,149.59915161132812,58.724184014597036,17.27963857650703,33.395188921146485,94.05035232843304,74.95696997549186,0.9553095408652191,0.964520470496338,0.02998204874451319,0.03154086792505777,0.2780954746330672,0.2979867807343095,rain
60.41542053222656,47.22666931152344,141.84413146972656,56.37620027889337,50.843072618151815,78.9517264143412,392.17556678924535,289.75004595590474,0.9703657113326336,0.9781088634378617,0.020444580747474177,0.017470174328729205,0.198260096482309,0.18062309020782605,rain
45.5931396484375,58.702362060546875,90.71339416503906,23.76402735026886,39.985982780013806,61.54892151800823,93.95629595588733,144.84845281863923,0.9873016350965791,0.9804443123637149,0.023280007482831787,0.024479027667471644,0.2297826042760447,0.20869561874521148,rain
54.11993408203125,44.97392272949219,133.17652893066406,39.40446281875592,38.84002946319105,67.59055078328632,346.08939950982955,428.9585477941571,0.9598251807295655,0.9501464408606997,0.014173058697611067,0.013069877718118251,0.18629745572914633,0.16507712681673933,rain
118.58656311035156,19.8148193359375,128.39060974121094,71.37533744852227,26.42909591169452,48.358739801278595,415.3501531863076,232.89157475491592,0.9128743030901728,0.9508538162717514,0.01743204612913929,0.019603923331005482,0.21837989385513876,0.2631554852750673,rain
30.41644287109375,64.14501953125,113.61578369140625,34.945767580218664,44.83884169403252,49.08045200425004,204.59033394608855,245.80116421570327,0.9513881642846755,0.9416300089788765,0.016465714674828814,0.015711166229232503,0.17073707915268999,0.1622622091405552,rain
94.12564086914062,34.06132507324219,118.78448486328125,59.31105282182183,48.36396991601444,51.35659320171454,309.93952205884824,279.31227022061057,0.9274421797685433,0.9345690232110357,0.014726679438818356,0.014217584469070465,0.16177636666481127,0.15018472645392783,rain
38.5982666015625,14.553115844726562,166.40843200683594,35.26482175263799,21.02990885387646,82.6650109535886,304.08933823531504,307.79208026962993,0.9780563472215724,0.9777869655595414,0.04288702481552844,0.044522422602555366,0.3595819366241966,0.3815604917828184,rain
92.40985107421875,51.66062927246094,122.60054016113281,52.086541479992334,51.73791142392845,60.16266751747779,245.26933210785575,232.77002144609332,0.9614581476602609,0.9634784693117525,0.014920854273668713,0.014190829548384102,0.20382190833971275,0.19116039304399438,rain
73.90614318847656,47.02781677246094,146.23133850097656,59.473197694419596,56.72921631679394,76.3537871552047,372.3451439951237,350.45350796571967,0.9686839492966012,0.970467267264965,0.014424832532911776,0.013596664783987533,0.17469928362686887,0.1622075053870812,rain
60.54505920410156,16.619110107421875,120.16407775878906,33.68753191948512,12.092851772969562,32.55200463653867,240.08428308824912,130.61936274510555,0.8873088579481125,0.9385942138956086,0.017205952317683657,0.01902685764031931,0.15653818091408572,0.18495291781870465,rain
40.993438720703125,61.11775207519531,137.5806121826172,35.18062808836422,51.508834867285735,77.5237561763847,219.07152267157284,216.13149509804597,0.9804303799530609,0.9806745477783307,0.018878317491226353,0.017592848411680344,0.24927658465332733,0.2339130533014615,rain
106.51066589355469,63.54478454589844,125.02481079101562,16.91336628210425,22.95564456492833,46.53084692153364,152.91397058824427,132.13717830883132,0.9485343155005929,0.9554692019916201,0.030293285862678848,0.030675489316298005,0.353601726743537,0.35557242846837966,rain
106.70611572265625,121.39045715332031,158.89010620117188,40.55098233592478,52.68054045981475,41.20334766913964,223.2752604166835,67.79247855392576,0.9388375716959292,0.9813207947527007,0.01919802057841772,0.024778319095196726,0.1660532713322364,0.24872293200081483,rain
49.318603515625,55.63609313964844,133.3665008544922,27.285617211174703,41.8440519721077,63.17917476529011,351.055759803947,431.3356004902401,0.9545909030374761,0.9442226384624777,0.01475181835129166,0.012056859502752088,0.19616872630167456,0.13903282074787274,rain
76.715576171875,46.62908935546875,115.76246643066406,55.356261701196075,49.037965337424005,53.844457806902085,508.004365808878,229.81135110296097,0.9059535564965171,0.9575158615377604,0.01510124947593013,0.018624943898138995,0.17821766587041277,0.2497778853988675,rain
52.995635986328125,59.210906982421875,100.61805725097656,49.98681630876139,54.2897723046187,61.618404209214795,514.2187806373005,573.3136182598635,0.9311819147431158,0.9229835707137589,0.033702317264043165,0.029447378898539604,0.32154134629971265,0.2521718530780421,rain
52.77337646484375,75.39584350585938,185.55299377441406,46.78236976966324,74.544002470063,49.892392438644094,280.05765931373566,182.67977941176423,0.9437204277810702,0.9632481120249796,0.03000361722761807,0.02848921663278388,0.2456274196758914,0.27495524298882784,rain
113.09576416015625,31.769577026367188,126.5587158203125,63.063600315034186,22.942507789604733,48.37410639629372,114.56783088235873,70.30958946078637,0.975228530858047,0.9847982577624486,0.02882222653370772,0.03141696254495768,0.3340853414135308,0.3949554894352739,rain
52.79130554199219,24.2772216796875,147.1217498779297,48.36933502003541,32.61917458311999,46.73800808230282,220.39512867648673,224.2837622549216,0.9377675194209926,0.9367986329537492,0.017067742207570187,0.01847219098590492,0.16856994444441908,0.19620381303584655,rain
93.86233520507812,60.55287170410156,132.0524139404297,15.220776176271213,23.73313314503124,65.66411396652163,274.65312500001943,122.13855698529868,0.9643347590226533,0.9841442407714126,0.01670594827617623,0.01971829589107534,0.18938852148619903,0.23676722209850046,rain
99.20063781738281,21.110504150390625,129.56483459472656,53.30261937636156,25.06638212247032,55.9311858830816,277.08069852943805,218.80497855394148,0.9537461436836786,0.9635283392370668,0.016480568676674148,0.018273549529214686,0.2066218237064426,0.22870138720724184,rain
65.36241149902344,91.94490051269531,157.9830322265625,47.68466675899201,58.45730833281822,55.345236209442994,341.599157475512,208.95811887255493,0.9534920551902505,0.9716205144847058,0.017133249654601133,0.015940071596314366,0.20362140302014117,0.19314260300860425,rain
109.0064697265625,29.921066284179688,159.46255493164062,46.944652557019516,34.77577947644154,69.91925515668544,234.71427696079337,46.01420036764716,0.9775668821941806,0.9956259816914261,0.014861299136459937,0.019420778626248077,0.18164647289145033,0.27256197071336796,rain
47.45417785644531,25.070480346679688,124.05690002441406,47.60936576898405,32.57281540479354,46.06394508110517,235.00782781863828,152.98967524510326,0.9382408754470996,0.9597492596675834,0.03006990771785138,0.0266710281765236,0.3386936950993468,0.2959058168357328,rain
77.96035766601562,39.745147705078125,112.14131164550781,49.52331132919924,42.85831252687771,58.8372103906284,332.87994791669473,214.04316789217194,0.9430655889014873,0.9633328619406992,0.012340806449852396,0.013846153913345448,0.1321617319945636,0.1626133603267633,rain
69.9632568359375,21.9586181640625,176.61239624023438,53.40820273536937,19.685356007878944,57.48554772430464,136.06665134804746,89.19923406863035,0.9807991357851145,0.9873795476161037,0.048151860662643035,0.049753240607151056,0.28286420148008945,0.29819503239070905,rain
35.685638427734375,51.30097961425781,147.56068420410156,30.916160057173805,26.59433873590621,52.36595882906689,148.37129289215895,230.13370098039937,0.9715898380109603,0.9558744469315107,0.02790659787998551,0.023632670694909003,0.2911636033330704,0.2233997248368306,rain
102.40782165527344,126.1763916015625,78.99481201171875,19.045895668742872,40.942100937384254,32.735762257132194,15.311121323529768,6.611213235294286,0.9920159047426516,0.9965579526477637,0.052308961075319606,0.05769947450822428,0.49670987921285253,0.5580262842649278,rain
45.934478759765625,45.75982666015625,140.09434509277344,48.59958683227522,38.937683334605914,50.365330325371076,302.5344209559031,283.5651960784489,0.9414507959557229,0.9453050231914186,0.013991082024186533,0.012959857587643809,0.16155931758548633,0.14123155721700306,rain
37.01727294921875,32.337799072265625,202.08140563964844,48.561902440466774,49.50648283522584,61.53675831745174,431.0821537990288,370.94387254902426,0.9533003304065865,0.959842134514223,0.2702390112093684,0.26843033193601723,0.4307015321766995,0.4280116031311392,rain
37.08058166503906,31.2789306640625,195.18690490722656,49.31368935093909,31.86127661730844,56.34431134485337,283.5117187500015,215.77881433823237,0.9570924587496321,0.9673219772725217,0.07576179962846921,0.07218189270427558,0.41682546882008437,0.39772611537017777,rain
105.13252258300781,94.49192810058594,105.84527587890625,12.221309800052534,42.448546326524124,75.54759778381664,283.24249387257674,188.77909007354214,0.9729077996413031,0.981944409155416,0.019027017970090154,0.0199414406662083,0.19651698315228078,0.21395139457935117,rain
85.82514953613281,38.859893798828125,148.185791015625,33.33064926777131,33.981550157574745,67.29576939254102,606.4496017157688,423.09339767162567,0.9340948200353517,0.9539692627462246,0.03945714924295268,0.04073493223420961,0.16973254705697846,0.2061039009279646,rain
78.21382141113281,41.8516845703125,140.9664306640625,31.79747550122212,29.0846454536776,67.10565010620087,264.92861519608374,261.87973345589,0.9652215742412968,0.9656321543546924,0.013378863360187114,0.01337967454359996,0.15423706127824388,0.1529737263241653,rain
55.32240295410156,69.30319213867188,115.76411437988281,37.77087329471664,47.262624448308955,76.43043680757224,328.8242953431615,497.5967064951922,0.9692928056017611,0.9534561228295404,0.012846968532858546,0.012814588100898338,0.14510284128294115,0.11711617213453263,rain
112.21746826171875,40.41856384277344,125.14923095703125,51.330635260500635,36.572688086935166,48.98882034149773,273.8468750000195,179.8463388480508,0.9335824088350585,0.9563307951501007,0.016765886091785094,0.017028258209618116,0.177662419601577,0.1819736362955455,rain
65.88720703125,104.22364807128906,184.8262939453125,16.877617632976243,47.78176526171423,31.31766223018549,296.8565870098318,173.06266850491397,0.8514078040782416,0.9130557679744677,0.019957796628608124,0.023662638751204182,0.2147285694591049,0.2753208911455669,rain
64.87734985351562,24.29168701171875,83.69589233398438,49.548615618650445,27.77341994963734,68.67128118679645,354.00719975495355,250.43866421572176,0.9605487010696301,0.9719435048203935,0.030285118243403977,0.033249252912117826,0.291951488142207,0.32846309710278393,rain
60.00102233886719,40.385711669921875,132.1884765625,37.84272361395524,35.23657143505765,48.78285275257217,552.0131740196553,450.45036764709647,0.8880258210913886,0.9085463724474006,0.011631988714612455,0.01181492775853298,0.10366949939464257,0.1145351139749932,rain
74.97111511230469,38.07249450683594,164.61692810058594,49.39621903639968,45.4305726245523,56.04684232720469,252.10963541666175,206.06927083333832,0.9626995392557168,0.969572866899525,0.017997490252559367,0.014585493389470733,0.19344327798303995,0.14783280224382067,rain
101.13723754882812,18.069473266601562,164.34902954101562,43.6740827241133,27.4318615763555,50.806775180182186,339.0113051470612,252.08492647059037,0.935097744862177,0.9519979947013413,0.0390372656742995,0.03026648930299441,0.31516910387307223,0.23895227396714674,rain
61.17201232910156,43.21781921386719,121.25462341308594,51.54225986288616,58.2815277345932,66.1099538835779,634.8101715687202,494.33325674028384,0.9292209179544516,0.9448757449224399,0.010848881889173038,0.01147549250270807,0.10789330745618109,0.12046633190552902,rain
32.73381042480469,43.1595458984375,88.83076477050781,25.263253636390164,29.762767402017648,48.97161198798491,474.193259803986,544.7191636030174,0.8871776464673229,0.8705034241590407,0.015718994422558117,0.016119316437202887,0.15315635025379268,0.15690699386212187,rain
63.09552001953125,59.38777160644531,121.26408386230469,39.149548720111305,64.51641808971979,75.10485513900532,477.20412071084087,604.8845741422572,0.9594070674517946,0.9485415198562316,0.013937017407069192,0.014362914523419147,0.1452295984893323,0.1471107943841053,rain
110.42024230957031,29.46636962890625,166.30686950683594,39.31040148090227,31.8081550262802,63.96934866619069,126.21443014706192,57.8441789215695,0.9833425132314714,0.9923793787868017,0.018690552335575577,0.020791220863283475,0.21769823749010564,0.2616604660834243,rain
36.30340576171875,29.344284057617188,161.23751831054688,34.619614182637754,43.399669642234066,30.74794726210849,213.55470281862995,105.25215992647242,0.8989622757633751,0.9502081135538061,0.037636623806327214,0.042520943493357805,0.28773439544869894,0.3441572217427862,rain
80.10391235351562,45.596282958984375,130.9835205078125,43.52582044304696,32.967174608421054,40.90286661975474,188.83253676471494,111.62426470588683,0.9362424533874246,0.9622200757190832,0.01865652863825411,0.020670247153801728,0.2070404475005845,0.2370865110290785,rain
54.027069091796875,22.335601806640625,140.005615234375,49.48014664282554,26.17347090920866,63.488925470777865,245.98420649510098,138.9145833333358,0.9693692981816903,0.9826588974998535,0.03155806982217069,0.02745228184625673,0.4430382258152244,0.3955269315474251,rain
98.22502136230469,114.36357116699219,83.62542724609375,2.4822693082607103,18.603451623825308,39.370868960354905,85.41651348039393,71.74908088235466,0.9611656812773766,0.9673613709869824,0.022006697223693344,0.02470040206844236,0.23382059277893438,0.28847037732553416,rain
66.580322265625,11.99151611328125,149.67013549804688,52.43400904875996,31.861068800705283,42.26095041682105,438.21438419120216,374.21464460786314,0.8796432400043273,0.8972619360273524,0.014739337838425043,0.015455090700205103,0.1460305711393177,0.1705369540029025,rain
82.56658935546875,43.23002624511719,114.45924377441406,35.73262794890801,47.836243299506336,56.95818403083294,457.50441176474715,468.95824142161365,0.9255796307730556,0.9236445206690181,0.013842094346082915,0.012562311276561917,0.1433623229455418,0.12407857959894127,rain
54.18473815917969,44.06211853027344,152.0494842529297,41.29811247331337,41.598014467880944,44.985720343562576,170.00196078431998,184.6829503676598,0.9577877152126224,0.9539793743315244,0.0165511655512422,0.015396401830111652,0.16320326095356077,0.15060481803786044,rain
43.535919189453125,21.264968872070312,148.85487365722656,19.3790276836125,18.781406726877208,37.44301674437877,183.01737132353261,221.12009803921967,0.9356472137816765,0.921782000400371,0.020333226180212206,0.019013659717493976,0.2234086908152003,0.19798788441627646,rain
0.0,0.0,148.11141967773438,0.0,0.0,83.94681594867693,169.3731924019673,233.7428002451086,0.9880025518680224,0.983407416301924,0.06271074701101058,0.06361039344399572,0.29769229368320554,0.27388627319121117,rain
69.09353637695312,61.875640869140625,90.26608276367188,45.16677311391983,43.659766125314036,49.28341610809045,282.3000153186624,289.2318167892531,0.9274118050116752,0.9257009137774672,0.015906663147323034,0.01753630947661035,0.16026178611890632,0.19058496686639995,rain
59.753875732421875,64.91885375976562,135.73532104492188,45.95894416299542,54.14751157730389,68.06216247069628,191.3897977941198,122.70481004902234,0.9792972557230082,0.9867155504741061,0.039078196937471,0.03409512684262484,0.36516121239662724,0.328973828855119,rain
43.98634338378906,82.93876647949219,101.95573425292969,45.26523780788577,52.7277231438221,53.56749803832197,112.83638174020437,161.5074448529545,0.9745700318535848,0.9635417546257077,0.028734742049216964,0.02251520116836156,0.3100871697391108,0.2249832128625854,rain
53.8660888671875,47.050201416015625,134.19088745117188,36.64196609267349,47.939895643605475,51.134107603618986,385.87902879905516,395.33794424023233,0.9171398870801658,0.9148085956890052,0.017166423965097908,0.01548839748959024,0.1929276337227897,0.16921833841833284,rain
73.7623291015625,30.734970092773438,129.3700714111328,46.43095243570828,22.913417119125494,52.70686806589537,151.30350796569863,107.00891544118491,0.9719771651224512,0.9802047772881752,0.024953853692002415,0.029923743833016755,0.24788333783896774,0.2998369332727055,rain
91.61256408691406,15.613067626953125,122.31410217285156,53.96271239326333,18.612412742429385,40.353727178817955,101.61858149510441,63.26351102941364,0.967989719557744,0.9799922813541655,0.02474138308803078,0.02786838536108325,0.21888100328286503,0.25141891831593915,rain
44.58880615234375,36.57682800292969,155.06175231933594,38.963791916448805,35.93159028578861,74.75032304556085,360.31585477943537,251.69485294118923,0.9682009237279345,0.977809077138649,0.014779709147589642,0.01461523905684223,0.1439310106048859,0.158848312079222,rain
85.74583435058594,23.536148071289062,107.58702087402344,52.98495433408027,23.25396837891811,45.94806653957168,366.22666973042647,297.20672487748215,0.9053545378884361,0.9234359376641819,0.013244023211339039,0.01401764902427798,0.12709794129341137,0.138727823067673,rain
27.626876831054688,57.47779846191406,91.27230834960938,14.735287855279402,37.77451800434848,67.62140349918687,226.04122242648526,184.48714767158046,0.9754284599962277,0.9798752294006724,0.036003601183515616,0.035576787539581475,0.3018707676261164,0.2969699093094723,rain
86.69155883789062,29.94635009765625,153.8152618408203,48.50691585514412,44.85628012670206,50.5740849976609,710.173360906891,626.3109681372877,0.8734925700159084,0.8883900706913771,0.015512736932638367,0.014843418013651083,0.16004962060016098,0.15083650854425354,rain
89.89633178710938,21.9632568359375,116.3988037109375,56.4006405297778,16.61632777331873,25.999372288744514,118.93497242647672,73.8483302696106,0.8927090970331808,0.9333769405452557,0.029599552417905097,0.03605738410467805,0.19601025439652234,0.27415731083367884,rain
74.07786560058594,30.1424560546875,162.23126220703125,63.437949512031196,22.065811221797365,40.07332508682372,145.4390165441217,148.75001531863197,0.9556994497059583,0.9543837819929395,0.03859555774297503,0.03368660392723059,0.2507154621066426,0.2297727918741178,rain
81.66326904296875,35.88041687011719,137.24166870117188,30.346306208416845,47.18032266190528,25.26298157551038,248.51430759804364,155.56988357843463,0.8626992388744975,0.9143408922418815,0.12989689813219252,0.12571067841758585,0.7047888770153735,0.6950956993086732,rain
51.894744873046875,56.88969421386719,129.85385131835938,44.745019381971616,47.79727909523679,53.770077694838314,567.4236213235845,446.1559895833837,0.8866476748338333,0.9108812650240009,0.011515930378153252,0.011251237269901508,0.11308898791353023,0.10762641770847954,rain
43.16761779785156,67.36021423339844,130.80645751953125,42.4650939703374,68.86323786694562,67.7176584118993,238.13884803923048,188.17143075981716,0.9547809333601845,0.9642980967367947,0.01565597824803426,0.016850598122426945,0.18927684262172972,0.19689658425211062,rain
83.2589111328125,31.028472900390625,80.50544738769531,55.47752389838969,23.29422839462545,39.506576194491004,68.21188725490435,46.02239583333563,0.978734506807089,0.985687800576369,0.037661257603160705,0.040450608801887646,0.43834551277850564,0.4717224278810073,rain
77.79966735839844,48.32362365722656,116.21005249023438,49.2827929744351,39.19788244052549,61.46487297145141,196.25585171569676,199.81559436275654,0.9718175979710585,0.9712967527950571,0.015349987049314071,0.014690344087638479,0.19861793668304983,0.18175697901083449,rain
99.49261474609375,27.966705322265625,136.2129364013672,24.468779442012487,13.388275888229836,69.46528532118768,149.65094975491496,132.1466605392261,0.9827233113915627,0.9847094670273391,0.038169330602734565,0.033009370941160986,0.4282428539679565,0.3817409458968283,rain
28.919647216796875,54.08406066894531,111.30805969238281,28.206670933122368,43.422904597030396,66.54726016472792,352.44460784317437,300.7773743872905,0.9615153369730242,0.9671218912203463,0.08179304419197841,0.0812156594070496,0.249688262857283,0.24664179272187967,rain
84.51826477050781,37.04106140136719,134.81907653808594,57.58508561973102,40.57438375154653,59.76060638019387,665.4356617647835,697.5641697304567,0.9048852491569258,0.9001307183973309,0.011589338957094925,0.012393091503129448,0.13761994510194914,0.15285332946908153,rain
63.29554748535156,13.4283447265625,171.1693572998047,61.16113967062647,21.853140412601626,33.23612682140326,81.06024816176564,53.83907781862893,0.96205306037824,0.974785414653484,0.0542328243100248,0.05397765698503123,0.46841060383956196,0.45724018048408765,rain
83.28926086425781,42.10496520996094,129.1690673828125,47.09809953322603,39.97362620525039,50.86290501343406,543.2657628676927,300.2915441176713,0.8849752104936651,0.9365138120171529,0.011931391681556434,0.012814395823771167,0.12038183099393915,0.14423689349952817,rain
47.28031921386719,52.99717712402344,115.34109497070312,39.85261376125984,33.29686731896797,42.532705340781305,170.78454350491356,266.08788296570674,0.9523600976372704,0.9260397948235879,0.021278279343591864,0.018313523227637376,0.19342224325834242,0.14808766577086574,rain
103.17959594726562,75.40182495117188,123.37594604492188,36.83052513502227,64.37994452787095,89.77119807015062,86.89431678922115,173.7431066176582,0.9943566586646896,0.9886824514806758,0.04144409431136449,0.037891189341844815,0.4073601763669573,0.33063391730899727,rain
32.81474304199219,56.717559814453125,146.31475830078125,26.123661805049974,31.97675863079031,36.984248992645234,235.59436274511106,416.56539522062377,0.9087635615322065,0.8374437364199782,0.023156270320252217,0.015397758241252108,0.2595159253560574,0.14713015463350596,rain
48.045623779296875,94.48992919921875,174.56849670410156,29.825860144568182,59.88169378761671,59.66767229855459,829.166758578467,539.9328584559225,0.8834297548765774,0.9241796578253725,0.01859974725102428,0.018243359835476904,0.15108034051881603,0.14845562895155098,rain
63.75779724121094,38.30072021484375,107.03727722167969,37.67355357179563,30.607033305476385,51.14854488622408,452.93474264711676,282.8963235294484,0.9112723682876571,0.9445368258462846,0.013558067074934645,0.0153678551843052,0.133251449400095,0.15606592831928973,rain
32.44609069824219,63.35194396972656,101.83377075195312,37.880424194385135,59.760514667692135,51.832662725448905,320.92671568630124,320.37054227944003,0.940492970109542,0.9405982133796845,0.013270839147311923,0.012819060019170355,0.14300161334373304,0.13034721187121806,rain
54.605224609375,32.7176513671875,127.98283386230469,50.931038157024496,52.50284901776256,62.009423024445994,540.255759803968,933.1457873775446,0.933484142983296,0.885213285035506,0.014894586712896531,0.011826972489628228,0.19982382811363958,0.13867539628496336,rain
48.557586669921875,22.228683471679688,175.78184509277344,46.310808556916484,31.391538289160337,36.5190538895281,99.25301776960757,121.12273284313669,0.9682102903660504,0.9612350092977751,0.033040180757073344,0.034193674578429284,0.31613510053699506,0.3288262822090618,rain
44.34648132324219,34.50257873535156,160.3177947998047,46.784382046270885,45.36411452256652,74.41891227303542,330.91708026961646,241.9862132353116,0.9717099470747654,0.9793191440562159,0.02027296638697809,0.017203879167587845,0.18897996575775985,0.15608837330431408,rain
94.32908630371094,33.28594970703125,152.69607543945312,18.294349438275987,14.968894395226368,51.31817267458353,74.32267156862842,47.71758578431386,0.9832580406634538,0.9891824224362058,0.05095777858726781,0.040622744309919245,0.6151843140331751,0.49116280088797537,rain
75.322265625,20.624786376953125,137.3685302734375,61.77172713338013,27.030458435678433,63.51302597609946,232.90670955883888,218.26893382354285,0.971356076924791,0.9730213829315206,0.013215510501183901,0.014050096119758208,0.166579789446815,0.19015743018814196,rain
62.82025146484375,58.49790954589844,115.89610290527344,46.988211360620646,46.39800959849751,73.88733504945952,1135.3076593140058,868.0908700982026,0.8732474296008584,0.9032697327619654,0.011653448874295709,0.013472991924884905,0.10503585324691408,0.14031122334526244,rain
56.93074035644531,30.7276611328125,143.43003845214844,50.04517835479946,39.00057225827667,55.439507755541484,326.1159926470832,166.19074754902624,0.9468059741471344,0.9729411790854764,0.014265339702805642,0.016299062799405736,0.17309093787253862,0.22166917081587995,rain
54.01702880859375,31.943069458007812,167.84213256835938,39.78189803098153,19.09390447212243,50.217945515034565,44.163204656863456,37.340027573529945,0.9903360900167227,0.991821834688638,0.0451493604572448,0.044127294611678004,0.4522759926536529,0.42530367313077566,rain
51.20916748046875,37.3892822265625,115.11083984375,48.588056830287414,42.67208215372682,52.58474966092436,323.59889705884757,222.76338848040447,0.9413680170717725,0.9594349836489939,0.014260132427042972,0.01400497503505975,0.17564499005748768,0.17323824998191234,rain
77.12408447265625,20.7891845703125,171.07582092285156,33.67701049899047,28.00141232171791,51.225041000749606,186.10202205882342,270.6821231617697,0.9650432325441594,0.9491563533712127,0.02358330930144863,0.021120257264700393,0.1923088008741863,0.16670718051805244,rain
98.41862487792969,29.037750244140625,128.9375,33.266750166851686,33.993171142070096,64.91358414833078,226.5351102941315,182.6550091911863,0.9721981797133467,0.9776531315574568,0.016900834163455884,0.017993102261074312,0.18058858270539807,0.19101764259518783,rain
64.07038879394531,12.759918212890625,150.88931274414062,51.05935331236066,14.06072609968426,43.58816662319746,121.14742647059171,197.32688419118003,0.9673515947311762,0.9466006656016754,0.023257659678969318,0.019999593094819544,0.2602509071971914,0.20914513264285997,rain
63.3734130859375,62.472564697265625,88.02392578125,45.25871906643446,50.67898005122715,57.89359816562494,339.70220588239823,234.16037071081078,0.9489379405569893,0.9647587826438259,0.01536366311903789,0.0164272799675867,0.14563564544679103,0.16272467739682853,rain
65.65879821777344,17.77264404296875,156.7393035888672,37.717466649421866,22.227554622876152,51.39009752316873,252.9453890931477,186.5088388480467,0.9534592127663054,0.9657124707866622,0.01182389175494516,0.012851666554682391,0.12099330043091884,0.15154880422272757,rain
67.19743347167969,74.18479919433594,131.2423553466797,25.955615499480604,67.03689662635013,51.57367505412121,117.08760723040224,171.89457720589246,0.9730162411468907,0.9601404191483024,0.025929395929146212,0.025359785331143747,0.27317473151998034,0.24712676436411196,rain
51.22845458984375,28.524200439453125,162.71218872070312,53.5551470134771,24.909462407183785,49.253171759180994,33.230407475490665,48.55655637254985,0.9931027269546994,0.9899167649027996,0.05100089994117844,0.04694409190830098,0.4444420381190234,0.38627796231397205,rain
25.589630126953125,153.84481811523438,78.04255676269531,28.08742376778343,63.25344583528805,58.474650873322105,402.43457414222996,439.6520833334272,0.9315322736870554,0.9251726924534925,0.02340783768326628,0.02313723887745582,0.2176688389302182,0.21672061667393325,rain
68.54891967773438,32.47151184082031,108.8310546875,49.81268274727195,30.191551757994255,53.62337599031389,126.062484681381,101.38897058824098,0.9782124184870592,0.9825065742314592,0.019358157449742994,0.018662002375470443,0.24343558898995488,0.22428518618023632,rain
95.24284362792969,88.82191467285156,145.45217895507812,16.772676129515414,55.616037748827,72.94526733031968,916.3457261030404,523.5132965686897,0.9195180411068397,0.9540391108869037,0.015328160330384644,0.01719470384293653,0.13879262056408823,0.17022040078190767,rain
67.06163024902344,17.930709838867188,135.1774444580078,35.149318777550754,18.413488383910053,66.36654620726412,527.6322916667324,215.0771905637432,0.9395467338937538,0.9753724734440249,0.028848178556945835,0.031166068489375375,0.3238918335125085,0.36002102799295965,rain
109.66633605957031,17.190444946289062,187.53216552734375,51.748074374375626,24.87192169208088,65.13387751429221,129.21793811274463,66.28825061274546,0.9845619627898853,0.9921267420366435,0.06621416601539984,0.06759658148649052,0.5058261046259361,0.5136608301830677,rain
38.496826171875,54.5166015625,109.651123046875,39.639779176961866,41.85753482591367,62.90572936794378,700.593857230478,699.1072303922957,0.9064688153125611,0.9068575550919692,0.012231892845155391,0.012122392711923663,0.11204887732121936,0.10229317782471048,rain
86.29371643066406,23.139114379882812,112.13250732421875,30.87760716660402,31.815554415727696,45.357185890729774,225.2802696078576,211.13665747550255,0.9448099170224589,0.9480646660959424,0.015539043078938278,0.014805506923639753,0.16696034194859116,0.15238848634307586,rain
92.40582275390625,96.28854370117188,151.3262176513672,13.512309213277517,20.571234386465598,47.10557431691661,101.81475183823555,47.31465992647095,0.9711120292788589,0.9865942501900571,0.03462035391357426,0.03225422405201482,0.3900820568601536,0.378199004743977,rain
77.32151794433594,34.27008056640625,155.42259216308594,41.442807103415234,23.875200544056163,38.917917448832334,154.61954656862852,183.89008884804008,0.9480754515991954,0.938731775695183,0.020854090433468232,0.020145384210845472,0.2188748219777181,0.21374609196504835,rain
72.52561950683594,24.595489501953125,99.0279541015625,61.39485956410951,27.595278512080895,42.55186274145263,109.35482536765186,150.67951899510334,0.9696487952657233,0.958220284092708,0.017133787221864854,0.017013903064284398,0.189371582544371,0.1894389934825703,rain
41.33049011230469,151.62966918945312,88.49099731445312,60.45547270691325,56.46871920493192,47.52825066562481,163.23249080883585,171.89918811275737,0.9134454541085603,0.9092520968816834,0.02689204355395511,0.028154049506915493,0.2590389344036971,0.27838547915251705,rain
86.79196166992188,53.0726318359375,115.14459228515625,53.25516131900987,27.53124065350299,37.99977510154947,158.60177696079563,137.97558210785382,0.9414650267470318,0.9491568814263166,0.03853213701001077,0.04351857060975489,0.3919435781066313,0.4512009505170753,rain
114.83944702148438,12.858642578125,159.5137481689453,53.76220290109213,7.927819269650993,24.54360867931763,78.87176776960914,89.31939338235453,0.9330805782221295,0.9243549901923164,0.04732320358237452,0.045811202506215995,0.3278178110549126,0.3284608777687101,rain
46.59104919433594,40.12541198730469,155.47979736328125,47.60936165270235,36.76025916714392,63.34365066367976,357.0750765931542,271.96547181374325,0.9544994735608736,0.9652786425979426,0.02665850082028274,0.0263767526761743,0.2770549426755787,0.27934862811504574,rain
60.57810974121094,42.25691223144531,131.29739379882812,52.66014077049108,56.61910385440794,58.45389843902145,421.689736519644,545.9562193628049,0.9395859017635262,0.921597262926737,0.01178129435358691,0.011134461093300595,0.13653537879899935,0.12492956607623922,rain
105.55775451660156,121.83290100097656,62.90132141113281,10.270874649997845,64.19957527886028,34.32650317575848,139.63291973040182,84.41076899510239,0.9389815246531814,0.9631032021433795,0.023256895379659488,0.026844116845215364,0.20435980824049624,0.2471010304481915,rain
72.37528991699219,37.63020324707031,154.78915405273438,43.31885753736427,21.82505562920672,46.3579521872811,320.89123774512217,485.2225643382872,0.9230096374888853,0.883687555709061,0.014374268983826198,0.012961124995177169,0.16737613123752318,0.14594092604192582,rain
80.49948120117188,40.51171875,131.20909118652344,43.514023895863204,38.44603186719024,66.7440008916249,91.95335477941643,91.35554534314161,0.9878038485592358,0.9878580864922523,0.017931325348280742,0.01804160737218194,0.2617578394272431,0.26185203052780326,rain
54.36317443847656,48.58558654785156,188.99916076660156,43.69489119238703,39.632794009229066,37.648446204525136,175.2241881127472,222.82366727941485,0.942353683244922,0.9263419932504301,0.040763656309840524,0.03980284988698364,0.3231200760037621,0.31065623240826207,rain
74.26728820800781,17.307327270507812,130.7500762939453,44.59139833724758,21.840157491879296,44.39577279452389,184.43757659314295,165.93943014706159,0.9519464392640852,0.9568700753421497,0.029771619442280284,0.02372193454030452,0.3010226818704398,0.23190621264160868,rain
48.977203369140625,24.011123657226562,161.28269958496094,35.688900241262814,15.867926463577644,29.183461055569943,72.8481004901971,71.41553308823609,0.9540809008781611,0.955294273648571,0.03551384010240932,0.035097962528863005,0.3036011540954792,0.29997778467946357,rain
56.2581787109375,68.23202514648438,152.8166961669922,37.704803617357975,47.897189634957726,32.7574633697219,90.18650428921795,64.6312653186285,0.9575165657723428,0.9695572785867265,0.023025670404488954,0.026811267693513167,0.26116780770175463,0.3295337204617415,rain
41.70890808105469,53.57914733886719,153.24533081054688,24.389809152987212,39.544112181316144,54.02372355808609,611.628952205941,423.56888786769025,0.9010339612607706,0.9316163459536401,0.04930936259093468,0.04949969434898223,0.2281771370732841,0.2156935520628291,rain
72.28523254394531,74.24972534179688,59.094482421875,55.77315422202167,58.05487739714394,46.9892635605889,129.64973958334323,224.40225183825746,0.9665266203241427,0.9419861044937134,0.05935602850873551,0.05528156679698664,0.49671845910333645,0.4200397361325092,rain
27.823959350585938,43.29920959472656,109.36322021484375,23.12736475023343,32.893298445537695,61.081529246724806,378.2949754902369,238.2641544117834,0.9477405523860453,0.9670231869265328,0.014184060553216348,0.014692951576062574,0.1648768779088251,0.18091326494294596,rain
41.12861633300781,62.5020751953125,97.16154479980469,36.730558875075765,33.2439041212206,54.05415267098219,420.3199754902576,334.37372855396825,0.9098125276724097,0.9284993961469119,0.014000848385431822,0.014798900157336734,0.11429123094522649,0.12588307539389298,rain
55.18394470214844,58.69236755371094,127.88255310058594,49.41668927470677,63.85698705123339,66.90942170166623,621.9114123775036,477.4227941176979,0.9318498015396419,0.947639778979283,0.018406167554908676,0.019160862902847072,0.15293298539315917,0.1607267575050242,rain
72.34771728515625,21.595138549804688,130.52471923828125,38.215998322014265,21.7993239030698,48.63441449966149,182.39606311275284,232.75839460785798,0.960007847339835,0.9488798878716082,0.016876657767850703,0.015385264071421021,0.20453752134971087,0.18424731620365276,rain
78.97227478027344,22.208694458007812,123.94039916992188,56.7385606199119,31.178208229867135,68.78516403622989,389.84905024513716,518.4977634804563,0.9593327181959064,0.9457341919146081,0.02687627102136043,0.02519540767369538,0.2732409426116137,0.26226534704823606,rain
16.7674560546875,184.73207092285156,163.3431396484375,10.454882394920734,66.60013222819704,54.38935939219895,169.93661151962087,111.72333026961493,0.9752715952405662,0.9837784051718156,0.018261728286995328,0.019111063702567366,0.20007472157855752,0.20440294501572956,rain
37.32167053222656,33.257049560546875,120.91082763671875,29.09473542600322,33.08949161453798,57.789321377162636,544.5259957108572,587.1799019608524,0.9220627049259701,0.9160183346791995,0.017154913612588526,0.016603297018677386,0.2209094270684242,0.21158078606379996,rain
54.90513610839844,62.514556884765625,148.17312622070312,50.373727670688645,49.06753185543588,71.66882918756517,127.31122855393048,87.0799325980439,0.9876864693121421,0.9915680763842515,0.018495962878943235,0.021160813959123257,0.21975824051948578,0.25515678585342627,rain
105.92526245117188,16.409149169921875,195.5837860107422,35.615387258353195,29.727947639931916,56.68486121866237,319.5935508578375,217.08143382352367,0.9564276875491886,0.970345312569175,0.0321691577672489,0.02843790862582559,0.2932504095105849,0.2662708213323392,rain
88.694580078125,26.61688232421875,133.84481811523438,59.38796485647887,30.109678224777312,38.46560515778877,291.99523590686954,123.45807291667005,0.8927598355687683,0.954406766226235,0.018115298713566232,0.021478816158542805,0.16947979261532994,0.23052144451446516,rain
99.99545288085938,40.34315490722656,130.82284545898438,33.84979698874391,60.000916256494165,47.00312652509226,266.5300704656879,140.6477634803942,0.9470221008395932,0.9720921014526286,0.017759780074724698,0.018911873937148584,0.21833540075585972,0.2540742233536497,rain
47.30970764160156,38.50151062011719,153.12405395507812,39.07478925124578,42.27903911629181,59.59142625845282,538.429534313772,259.76838235295503,0.9265816074013167,0.964549208325154,0.018355116669051926,0.01761848946196556,0.2119830267263503,0.2086381810212537,rain
52.56074523925781,47.84498596191406,111.55088806152344,42.97206630902766,44.4463174111714,60.64458173411682,212.48368566177817,126.75090379903,0.9708265167579495,0.9825779313223152,0.019552867338112373,0.023233366383129665,0.25812642627314997,0.3338959384741513,rain
46.646759033203125,48.451629638671875,97.85305786132812,35.68071696455289,44.786152420566594,50.37730185837037,119.59356617647923,107.8074908088317,0.9689576567802513,0.9720464305169905,0.01859378508464656,0.022865500523662947,0.16626364725441287,0.22468792638953633,rain
75.57020568847656,24.691329956054688,126.92118835449219,54.04137770737266,38.214267553553306,53.93859309644214,243.50652573530886,314.4648590686544,0.9584488970162416,0.9462418090914761,0.0165338417558396,0.01493480154008645,0.2052045755202243,0.17685241830598394,rain
99.95561218261719,37.55238342285156,110.78805541992188,45.45512203749262,24.832001499224326,33.884761536098445,59.35874693627503,38.27840073529435,0.973390817809203,0.9829385750609042,0.031066556034855013,0.03171416887725843,0.36285109060876597,0.38825843759481693,rain
95.31204223632812,24.1719970703125,164.64552307128906,63.05912824511113,34.26964261980352,61.57458366925092,305.45232843137455,453.4513480392258,0.9585775188354582,0.9383571539921374,0.021105163572563874,0.017272834231480537,0.22363468061259126,0.15852658883552107,rain
70.81416320800781,48.57463073730469,122.65998840332031,55.33931940696416,64.78207804493042,45.849975832466434,252.82714460784996,76.1187806372573,0.9259222743623907,0.9777821335845182,0.019231571319209745,0.024262031744793168,0.2042246950933944,0.3041645008557036,rain
0.0,0.0,129.94613647460938,0.0,0.0,63.96772904534504,407.28045343140684,686.4350183824415,0.9501315470102469,0.9159184954807351,0.01206326593040071,0.010548646449943116,0.15417519139797448,0.12613438837325136,rain
32.41778564453125,98.33775329589844,81.96199035644531,44.98082596421281,74.98945226436416,61.199527334492046,267.27403492649773,173.16173406864155,0.9477202659216797,0.9660874580262875,0.018020338765622947,0.020314492710124022,0.17023515799633504,0.21131888753650518,rain
81.4256591796875,42.100982666015625,137.28912353515625,49.97256721372954,38.51334054788567,38.460684320380544,182.54174325980918,71.64408700980545,0.9340424230729818,0.9743165822309576,0.022025613489683012,0.027713139296816663,0.23287272565962694,0.3344901477321289,rain
60.28929138183594,34.47789001464844,90.53071594238281,53.47640133123366,30.870968441968778,55.998559956265076,216.84335171570945,137.79947916667814,0.9619126460797974,0.9757769109051898,0.024684707395817268,0.02646539951685731,0.2405872523010232,0.26026882570161114,rain
96.20072937011719,77.33364868164062,132.73495483398438,2.928985345899804,32.745556813974616,50.58674772599604,69.06629901960918,164.63926164215977,0.9852068834805828,0.9646312063770149,0.020800682450047486,0.016098806131685826,0.25243364819302105,0.17936992526523296,rain
50.16986083984375,76.03640747070312,94.24723815917969,34.55137261654978,67.3683801495813,63.537676709933024,327.4053921568952,303.3376531863237,0.96006451564301,0.9630085918141128,0.013391937153307968,0.014964307622350315,0.14835672218161522,0.1514805924883428,rain
98.64804077148438,130.24522399902344,81.76141357421875,3.7877005212360784,41.37754164068276,39.57600786202136,56.63783700980479,42.54094669117699,0.9755323576323531,0.9815850924273375,0.026193285198472034,0.028885994632722255,0.2870499898585704,0.3345872037145484,rain
20.467544555664062,104.32319641113281,87.52374267578125,28.562534448720886,53.02224917642868,59.33845748645042,425.7456954657657,360.82245710791096,0.9189190947551444,0.9312796275938235,0.017761289598219793,0.018969248797681,0.1553805689952703,0.16861616309384558,rain
90.33015441894531,54.31620788574219,126.00312805175781,43.02776902891375,48.87473466399909,50.440730351803,448.29595588239636,358.30203737748474,0.9010118433664354,0.9210293891319369,0.014397334068524741,0.015426877023016731,0.14839056336631132,0.17535678776668776,rain
87.75314331054688,26.235122680664062,137.0843048095703,23.286520334823944,20.835257152040118,32.67973074045163,177.26053921569167,115.89174325980699,0.9197401035822824,0.9476060814058859,0.025906308217895566,0.026668659122573008,0.3099863124883392,0.3243594016822162,rain
70.36033630371094,25.162368774414062,113.01617431640625,13.476048256825822,9.950548529813883,29.546793625332228,201.16734068628597,173.23357843138112,0.8861833071238088,0.9014795770014336,0.017160647533125666,0.01847398208393508,0.10235926962795064,0.11565396740986274,rain
7.8940887451171875,6.8069000244140625,119.03225708007812,32.13975853715452,25.20677226054412,40.98871435053423,170.94459252451367,144.44371936274882,0.9473920141166379,0.9555819309548867,0.17355204880710515,0.1687517983577914,0.613559519154794,0.5987142833834022,rain
74.06246948242188,33.02470397949219,119.67039489746094,40.4848295927451,27.02631170013421,48.89020697081607,140.73141850491433,117.72444852942293,0.9686857180051562,0.9738044804113675,0.02152893984500975,0.02542113879173456,0.19290957269307324,0.23868153689274785,rain
77.90594482421875,18.334609985351562,145.90516662597656,57.314971470369755,27.179338118451618,68.10345595527491,493.8002144608212,467.08821997553696,0.9480147092393503,0.9508057178612668,0.014472183597709071,0.012423151864481098,0.17129825820174363,0.13849895996699113,rain
85.06602478027344,23.669418334960938,68.08601379394531,43.28050740259686,29.587731965748876,36.7555293152665,152.24715073530263,178.43504901961748,0.9385037812439989,0.9276863692692169,0.026635007709851763,0.019891357191102344,0.26650806625916934,0.17168194940009363,rain
72.43357849121094,35.17448425292969,164.48175048828125,58.87301766749281,21.317685665090305,58.46407554104815,131.32251838235706,174.98610600490537,0.9801448796199537,0.9736090012014527,0.026562943918453777,0.02724619541914026,0.30204460199655825,0.33007030375259844,rain
50.80712890625,25.588607788085938,115.45684814453125,47.90111625969472,30.63414928665904,49.18974405198498,413.0689491421849,649.6827052696633,0.9170977130584381,0.8698025423708293,0.015083606136356112,0.013452807812657983,0.15661299944737087,0.13709801176025854,rain
36.59617614746094,58.46842956542969,100.93107604980469,31.4148726409809,45.16543832921109,71.4022162417267,541.1756893383081,411.768443627509,0.9473854749475528,0.9599353390174413,0.020641684229840883,0.02087632193392959,0.22843009052779942,0.22036100248135881,rain
62.694427490234375,16.929428100585938,122.85252380371094,35.41510790084897,12.32031906715826,34.14087207669526,252.5901807598201,171.15471813726214,0.8918579150766822,0.9259149609642137,0.01652339970577233,0.01906264550424718,0.14974805674283642,0.19246025752672477,rain
102.964599609375,32.25215148925781,113.51039123535156,18.16531576283538,21.945969626208655,71.58283060642194,257.08359375002,122.83252144608936,0.974168294596817,0.987607113370978,0.031164423282211657,0.030463115705315142,0.32738081658249735,0.327542042473796,rain
76.61885070800781,69.79893493652344,147.53933715820312,30.00455447194621,50.968055379362134,73.57764206646365,1460.524601715941,1565.4736366425102,0.8668231870419171,0.8574430294577872,0.01013072731875224,0.010223608809631605,0.08269415369188747,0.09175139105480143,rain
78.54859924316406,28.570236206054688,127.80923461914062,30.111638495425467,18.9967731758346,69.93019056820454,210.8136488970722,172.9020526960878,0.9787734614364153,0.9825545593454426,0.08043378338785533,0.08049635116521076,0.24427749785449498,0.27358135943525463,rain
58.19874572753906,27.701858520507812,148.44529724121094,52.04956338527442,31.23469733079997,46.19264316700946,368.92712928924556,382.20531556376005,0.9118868082561901,0.9085792532795842,0.013441469299277383,0.011848886542523357,0.14593407069362635,0.1164918031438502,rain
54.97532653808594,95.65351867675781,138.525146484375,40.555927815681706,68.69943158094675,67.75475973700709,591.4344669118066,290.94437806374543,0.9244810261385403,0.9628698763699849,0.01492488770523998,0.017484832625559155,0.1621675799498692,0.21261107531605938,rain
81.86672973632812,23.075302124023438,96.06565856933594,50.083645247359776,22.62857799046133,40.580431620787635,107.49857536765164,92.16767769608104,0.9647558607615029,0.969771661748989,0.020879336980977683,0.021115012374126572,0.25124443478565567,0.24197116046013978,rain
92.30854797363281,98.6356201171875,150.82974243164062,12.440264892839773,21.338587967151458,44.475983431557374,121.05131740196255,51.00883884803986,0.9621107991784409,0.9840556897296215,0.0332880066155365,0.03219207280892193,0.37372219467399154,0.3738931282337708,rain
56.9193115234375,43.178955078125,108.0186767578125,28.12372211705638,40.57568017618067,62.109141255904554,364.8124846814153,367.72568933828205,0.9478370000118802,0.947457987576432,0.01633047953566472,0.0193790324682276,0.14868464806156023,0.177236723699657,rain
112.96977233886719,23.378738403320312,182.88658142089844,53.69791505754912,25.879654274003887,69.79780717260282,253.34064031863528,213.21006433823615,0.9760670956174416,0.9797387554010899,0.028954418488439493,0.028824164180170714,0.2663611828038141,0.25159666310100376,rain
97.75906372070312,34.19599914550781,163.7374267578125,42.39840935947037,36.721647448634386,44.899842361759426,320.30237438726596,270.41403186275136,0.9116105689028055,0.9255067358987672,0.019519613387579706,0.01701220653047338,0.18199628788720626,0.16064584244607913,rain
34.712371826171875,25.563583374023438,149.94386291503906,27.541531972868295,40.16909924988518,55.768548108452336,147.9171415441208,153.10387561274572,0.9779339470829402,0.9772708786253147,0.07792311748613265,0.06733449111011727,0.520339823788926,0.4514077260657628,rain
62.222412109375,28.627548217773438,91.0283203125,37.99891181614317,26.741654514791545,40.06230259934472,240.19689031864414,274.49869791669545,0.9230079773229274,0.9120207224744283,0.01591768669440217,0.015227694259303091,0.1416547646271651,0.13223965491823095,rain
67.60981750488281,47.96809387207031,93.48478698730469,36.43921724456868,36.82568129278414,54.46118473360346,274.61305147061336,344.2225337010305,0.9502099811194957,0.9375880337217465,0.021854962897803386,0.020040664252214034,0.2228021866821263,0.1957801004448256,rain
47.505615234375,73.29096984863281,117.43511962890625,44.44572686913978,67.74971807734613,76.428793098942,592.5367953432376,420.6340073530153,0.9462673217939536,0.9618699317981818,0.045760836348094115,0.048190818214628506,0.17155959931389653,0.187944512997721,rain
75.593994140625,17.84521484375,118.92518615722656,45.761623051958885,16.82095197497654,40.94560246550236,201.7732996323657,214.7360906862933,0.9371168792156794,0.9329024124402271,0.01750255586794885,0.01871201224683564,0.15290055763275334,0.17515040606273172,rain
76.0008544921875,64.19017028808594,174.20565795898438,27.637705633922348,52.10684713633198,61.55752256979532,360.48990502452057,253.24776348039208,0.9529625419919433,0.9669272517118426,0.020142978684377866,0.021392862239861022,0.1698105831659312,0.1888349902659609,rain
45.69718933105469,13.829452514648438,122.21611022949219,39.87840705542129,18.815702264715497,53.96298591383609,234.86766237746264,143.70076593137753,0.96023889337723,0.9756891599543676,0.019945997099234343,0.021032852037208713,0.27568278709361577,0.27941588642772885,rain
62.88121032714844,67.93544006347656,112.34104919433594,48.24832327857921,71.30974719679935,66.03310352582791,161.8839920343232,82.76516544118172,0.981460776369337,0.9905319324285462,0.021541762322907426,0.027533889500972443,0.23188452839769735,0.3223927901733874,rain
66.94941711425781,50.654693603515625,133.0368194580078,49.3557535356306,54.04947567613949,64.0965906048397,537.3978094363292,357.93815870100485,0.9363304725269895,0.9575774680035049,0.015234373074584133,0.014943452593492938,0.1929752938074439,0.1857476552015914,rain
43.3590087890625,48.35552978515625,101.5718994140625,27.076284864154548,45.21307150212039,49.50739875907714,391.517647058864,689.5754289216815,0.918399334758638,0.8560292195432105,0.017187110886073987,0.017166242840242114,0.18312433973840989,0.16775424044522874,rain
64.99281311035156,24.019729614257812,167.81939697265625,57.29791035661213,34.920981770247884,57.77447313327716,350.88852634804033,211.20431985294516,0.9506626419136319,0.9703899950569862,0.019020899814935665,0.017434983839679664,0.20011093599477403,0.1923414061953496,rain
59.16009521484375,25.63665771484375,168.64378356933594,44.824636313585756,41.11845816083626,55.772134278933386,633.8303921569136,858.3917585784998,0.9104765261625157,0.8785067976002646,0.02746618795292906,0.021546277112401133,0.25960270719214323,0.1955358160137736,rain
50.9326171875,35.10997009277344,125.34478759765625,43.38256601750997,30.127477886318488,55.537633172622684,443.3389246323852,337.77333026963504,0.924057056666813,0.9422656372270775,0.013744309290288387,0.013478168161297604,0.17651771582162556,0.1675324724960032,rain
68.59384155273438,53.46748352050781,146.71234130859375,31.358331971681523,46.26190176046557,82.35253294767065,795.3692555148046,611.4718290442199,0.9401864547870323,0.9540242985550645,0.01965878619404142,0.0195568093765246,0.16412703248885574,0.16016994474444615,rain
101.94374084472656,16.32421875,132.64523315429688,18.333541321121466,9.94027498475072,43.66128730229324,28.096078431373495,10.725995710784499,0.9923326589577318,0.9970822936544999,0.03436223381319248,0.03839676384396973,0.417104495493274,0.5166566081821283,rain
49.932342529296875,75.40768432617188,81.24769592285156,43.48462203606008,51.66905294525655,48.97725665858687,393.9239583333731,257.3019454657054,0.8887890134693228,0.9274617587351097,0.028281132010985654,0.03426782439054941,0.2457400569856504,0.32702987085534563,rain
31.836517333984375,56.48716735839844,131.2046356201172,37.13599095814333,54.78247907448116,49.73448002433824,89.34388786764778,123.34613970588435,0.9817772277382733,0.974777924835218,0.02865160181316048,0.02302420791376925,0.26796181233024974,0.1992764998288312,rain
88.4219970703125,18.73529052734375,147.93336486816406,37.26430021906218,30.11313197708443,48.04074338485164,233.06297487745647,180.8884497549067,0.9513082407920097,0.9623214708792607,0.016088646918621875,0.016349360881916217,0.17957025553880282,0.18345029152230138,rain
47.97314453125,37.21417236328125,138.24969482421875,39.9609941528754,40.011783366619916,58.12040997421586,220.139721200994,292.6935049019896,0.9683603727775865,0.958021479446475,0.01373574864611448,0.013727251041420812,0.1694938383930486,0.1777550593688125,rain
98.92242431640625,17.172714233398438,141.2347412109375,28.482645099377006,32.617184236431385,39.01691651698754,252.08728553922805,282.0037071078594,0.9177987803375894,0.9067397397895953,0.019728596180134138,0.016602781143079285,0.21790855124417838,0.16667692190784555,rain
69.18125915527344,42.60829162597656,148.86984252929688,15.385525121938779,26.844649085894886,41.63600792238021,257.06227022059824,298.85490196080696,0.9242822986898869,0.9120862615937022,0.016545727443013688,0.01684933081461595,0.18853048050597146,0.19207248355633488,rain
39.731964111328125,23.403060913085938,81.56379699707031,46.28697445211074,32.74210178467888,54.908557582696574,149.82882965687222,73.0088082107888,0.9737480411044789,0.9872038216194244,0.020421523041061714,0.023137639487192642,0.2319237963231902,0.2818362916978035,rain
85.96208190917969,18.671539306640625,135.31109619140625,44.440560541325056,18.055175797936787,65.10406583765169,259.29829963236944,195.52284007353944,0.966131887292228,0.9743911096305604,0.015756587843060332,0.01745929097398064,0.18806616720485742,0.2249749468614889,rain
63.23822021484375,27.3375244140625,181.9222412109375,50.76607659517841,30.01668541324385,55.62858213278428,350.06554840685794,207.43206188725168,0.9442877869960359,0.9670121675629682,0.019373464564079405,0.018717005884812656,0.201123983776157,0.19654125021183358,rain
92.71334838867188,23.345062255859375,198.61907958984375,21.35695273148341,24.18279360922994,65.99950439993933,313.1889399509757,190.57968749999932,0.9655880288436138,0.9790521911082449,0.04791975673772186,0.04270889926166033,0.3564433386164206,0.32013932108302035,rain
25.507003784179688,45.52055358886719,163.1457061767578,29.25490295145346,36.73939128820344,58.422898782134354,498.1751531863147,194.04837622549618,0.9226506631481075,0.9698524365979356,0.01271378711598407,0.01503322130958497,0.13194993000209596,0.18013287824676674,rain
77.90594482421875,18.334609985351562,145.90516662597656,57.314971470369755,27.179338118451618,68.10345595527491,493.8002144608212,467.08821997553696,0.9480147092393503,0.9508057178612668,0.014472183597709071,0.012423151864481098,0.17129825820174363,0.13849895996699113,rain
47.08692932128906,87.84843444824219,95.25148010253906,40.87003620838788,50.476426996197596,58.54638767535724,544.0747549020593,352.87216605398055,0.8840733175416757,0.9247742987729006,0.01981806835392288,0.020673212798947634,0.1798563795678309,0.18920037193353406,rain
73.48329162597656,11.970428466796875,174.93089294433594,51.33538459773175,18.143295710409436,49.53524388936351,401.3780637255177,424.2806066176816,0.9191842014475939,0.9145982145629588,0.013000226990388025,0.01257410198095377,0.11411295452581682,0.11431191037418045,rain
113.37992858886719,49.102783203125,155.36219787597656,13.871163139427189,34.27572749313234,36.2542527452654,215.00122549019795,221.1955575980415,0.9269265751650199,0.9247000713596437,0.02098474726844208,0.020283789052012415,0.20650831679082388,0.18447161395021808,rain
39.44029235839844,31.183303833007812,108.04544067382812,23.04054281522444,32.28405028047785,61.87517196818468,126.83587622549771,91.28439031862975,0.9837968655306583,0.988304216848097,0.025345042937546233,0.02402455560191693,0.366299287402753,0.3351336584832298,rain
68.50051879882812,39.17970275878906,111.59022521972656,53.035612411028865,40.813146545169815,75.3033325692218,537.0977634804832,318.7905484069204,0.9522907105219139,0.9717048889949353,0.03720070249499528,0.03806852754740839,0.1726119278947829,0.18323713562594443,rain
17.341262817382812,93.93879699707031,149.3863067626953,17.40371402130506,38.22906629686026,46.19660116659924,99.47472426470506,82.54689031862623,0.9695025758642385,0.9746520231628583,0.05216418671957223,0.05215721920970895,0.44974064510900946,0.441676915079457,rain
69.02586364746094,34.036651611328125,150.68099975585938,52.4228048598833,37.19738288673381,64.63021162327443,736.4153186275169,310.8157322304228,0.9129278690464405,0.9633761654938925,0.01909941373878942,0.021149868680868097,0.14034682395164846,0.1658093319638933,rain
87.87852478027344,23.80047607421875,159.454345703125,42.37694766733553,23.296472524774476,61.728298238170225,311.6505667892333,377.9941329657205,0.9556276142838839,0.9461760256217588,0.017096295128667012,0.015568398779237581,0.1856743871809771,0.16633357947918498,rain
40.56468200683594,37.54878234863281,169.0069122314453,34.984294705659636,32.75325474596894,62.16962239455068,171.81220894607893,149.84764093137528,0.9790604056634263,0.98174541480706,0.01720360295603517,0.01665562810835742,0.17337013365201118,0.16671774822200724,rain
104.32505798339844,48.003448486328125,139.13674926757812,28.33876723322029,60.31306837954764,49.65607460763082,257.33239889707335,172.74768688726328,0.9589975728983268,0.9724396838731568,0.017619871252179006,0.018651333233401842,0.20824938517253164,0.24766604766993439,rain
39.42359924316406,91.83645629882812,132.99972534179688,32.14094912534882,69.26657877079069,71.69439903473567,751.0324908088974,440.3979932598401,0.9308479692147903,0.9595076518663076,0.09582169612625234,0.09511339053307513,0.2122897805614528,0.20759568615782148,rain
24.55731201171875,91.40277099609375,148.48883056640625,30.219184939852628,53.65162612381645,56.61201322386776,317.8719515931681,223.34471507354522,0.9356238822762573,0.9548373685838233,0.01476910731642899,0.01549949898752299,0.16131380268789694,0.1808371947046906,rain
75.27360534667969,36.66902160644531,149.8076171875,50.007839196036564,38.65818407976495,78.83403839524564,324.5787377451167,282.1585631127578,0.9728646589137168,0.9763817388236085,0.021443846172341793,0.023281335472907422,0.2455409378263178,0.2733096254556005,rain
101.29324340820312,59.98014831542969,130.65170288085938,64.15548706471316,69.67024874635078,57.47957557096234,294.63690257355205,501.71276041671746,0.9474278487308687,0.9104342408557153,0.013873924515447278,0.01152565629826933,0.1813926006179431,0.13037999121441837,rain
41.89996337890625,22.253570556640625,131.36509704589844,43.488799687285535,23.630937478720465,49.171531374629545,259.3126225490417,145.32674632353996,0.9426840382654373,0.9678922356730225,0.017226673501969034,0.01954497787452581,0.20455498973717598,0.2326412161159254,rain
68.50395202636719,30.408721923828125,134.673828125,57.88858814953031,38.47504715737239,57.21062461374695,230.2526041666805,112.31668198530046,0.9622324859137577,0.981550602144891,0.01812967810283599,0.01945594141389951,0.23447784182419418,0.2635904240401132,rain
74.94657897949219,44.99951171875,120.23342895507812,52.662257975854644,57.144629111021366,73.64122517051395,807.0885416667601,414.62434129908155,0.9254695889912784,0.9617663614342022,0.017709052207616486,0.020597698982222072,0.1608287855764288,0.18510128543503782,rain
61.29304504394531,29.552688598632812,84.28837585449219,38.4497949939379,25.465740471833165,36.71712616604019,212.85096507354532,168.44221813726801,0.9203373652819731,0.9370765913998718,0.02207878721996847,0.023066900407215714,0.2238671671938535,0.24179965863799266,rain
34.80836486816406,84.05401611328125,124.8231201171875,37.04452068350436,65.66211036645932,74.9701767292154,459.4525122549482,393.6768382353328,0.956720100751676,0.9629302521973494,0.01801015270466403,0.01880656169508792,0.20404169174699913,0.2099540847617466,rain
47.152984619140625,87.93539428710938,142.20237731933594,38.01456497062048,46.91442652781651,57.72196522656611,332.4092218137553,294.3018688725767,0.8982351033491611,0.9104594113910349,0.025025881372386934,0.02011851394792465,0.24158823194508186,0.2008834518412763,rain
102.46238708496094,55.98982238769531,153.15089416503906,56.29783438170072,28.98263772261841,50.20201359811625,223.6820006127566,120.4921875000031,0.9582665791723399,0.9775909186817592,0.015136931789819242,0.01603987212776183,0.19479253468836866,0.21261894905937473,rain
75.99272155761719,86.17843627929688,160.31822204589844,25.357428878804186,48.75232012053227,62.87454720721041,444.7076286765036,250.5871476715752,0.9393195698809849,0.9657592039803543,0.01499532061211424,0.01461535546142085,0.18212726575982455,0.1835909124265956,rain
71.59767150878906,36.293426513671875,113.75123596191406,54.41359346821368,50.36845494132211,67.41829335339779,489.686060049066,379.3693167892557,0.9456411875445512,0.9577815989586766,0.013227370916424388,0.013999834342228009,0.16736185741145568,0.17163027517344184,rain
102.4310302734375,53.02177429199219,143.1342315673828,26.50805836835322,38.609605787406316,45.08311215996429,347.159880514737,299.0517616421844,0.9144628983093753,0.9261854631722539,0.02055353112350223,0.020018712096928237,0.2185282263716974,0.1996287559362003,rain
57.204986572265625,24.25225830078125,134.37588500976562,30.444592338757953,21.732642134767925,46.87147780527983,178.20165441176945,157.24342830882821,0.9587399211855487,0.96362259016146,0.061170876862424735,0.06010292909185967,0.48259320699441677,0.42998664738110415,rain
72.80471801757812,44.73333740234375,111.05325317382812,49.657462357919584,44.589147498609584,59.34090768591385,191.76004901962085,116.08869485294998,0.9650706016277683,0.9788402956924955,0.01428613339970994,0.01630886432378259,0.17297517912188515,0.21213671980891902,rain
102.72042846679688,83.32368469238281,150.1793212890625,26.564026176964944,41.62349639589328,62.94876711367069,138.3966452205938,58.94561887255055,0.9746963635889383,0.9892529820019671,0.02604714700480673,0.02914242153947006,0.3125444642711596,0.3418146209776289,rain
50.73793029785156,48.67131042480469,117.73117065429688,48.73317016448639,53.98493672513536,64.88719057001927,389.65073529415577,309.56859681375704,0.9546653262822605,0.9638498391780643,0.05546364249808461,0.05448203321282587,0.29941906610893654,0.2691922692575312,rain
46.349273681640625,22.670028686523438,121.63595581054688,30.78782823640625,27.465953314357435,76.71293581521093,74.95600490196543,47.99926470588439,0.9936333804790669,0.9959196823277976,0.01911374335615754,0.021440894090634523,0.21831067603438584,0.25119555541015975,rain
47.8026123046875,28.093734741210938,124.07353210449219,41.266817600526004,39.351274238998414,56.69812580338545,369.71812193631524,755.5088848040612,0.9429797100298816,0.8834946787808784,0.01553928092319862,0.013761269659337336,0.18414976125377894,0.15219561905342435,rain
34.612823486328125,39.625152587890625,173.25340270996094,36.05747039113278,27.35439734066097,62.39744671478627,243.31135110293977,389.34820772059413,0.9676796835930493,0.9482568453417384,0.022603214890215988,0.017535566793262486,0.21595978752819261,0.15395471434325816,rain
82.5306396484375,32.07341003417969,134.16622924804688,48.42457496335787,53.48660849763412,65.53388451178735,387.9405024509953,276.2840533088387,0.9550435908180952,0.9680499283680531,0.009488681076993681,0.009954084901228696,0.09340378180479086,0.10318602363810617,rain
48.242218017578125,39.31541442871094,97.24765014648438,45.20477277676714,31.814413512915465,44.18764894247203,209.75900735295227,195.16934742648155,0.9421732220923823,0.9461017768346818,0.019948129352358904,0.018499051932684522,0.2564822682262009,0.22424692947308258,rain
35.99162292480469,50.76177978515625,79.01933288574219,58.176354529425446,54.17374822489864,66.04300958750495,461.3249693628479,438.70252757362414,0.9455459891961759,0.948214236159753,0.04245035867642073,0.04377317294164223,0.21112865872664482,0.2284821089653445,rain
107.80152893066406,15.173599243164062,125.4354248046875,53.20241967439284,17.081239334548886,54.178767498183966,601.6813878677066,625.0029718137879,0.8961930539763262,0.8920284794918135,0.020428100484725088,0.020835236811112882,0.18819332113216047,0.1779250713211325,rain
51.21002197265625,91.19290161132812,152.96990966796875,12.030031935073664,41.072246880016614,45.952749226422235,822.8414828431985,473.61528799024484,0.78990221159116,0.8789706136786873,0.00906037570266713,0.010367214289512658,0.05960835120538157,0.081483420961844,rain
34.98616027832031,56.40785217285156,108.15608215332031,34.69855416825573,44.833199760558465,78.92117031310995,184.168627450991,314.60110294120403,0.9853556007835227,0.9749224766943139,0.14988639232053905,0.14813522991904937,0.27711888323586853,0.24709945908655834,rain
64.34857177734375,16.8990478515625,96.27288818359375,38.430464776791084,17.11491157055808,33.04296197737838,180.8510416666801,111.04192708334175,0.9067648160609361,0.942985847775487,0.025409265063283018,0.02811045981518892,0.21623531328012854,0.25489251774222654,rain
68.66876220703125,49.524139404296875,110.55160522460938,53.21576338535997,46.9928583135215,81.97131120001687,484.59629289223574,414.65824142164564,0.9582053170715659,0.9643272965278874,0.014860478032264639,0.01693074970274901,0.16898465924282777,0.1903494695773996,rain
50.593719482421875,53.05491638183594,118.57084655761719,52.531593099232964,41.093765847033424,52.39576954827832,545.4380055147876,204.8091758578613,0.8802444941804545,0.9551006125855284,0.016116659436000547,0.018793031132810358,0.13813660315534634,0.18282862085254742,rain
54.29307556152344,53.433746337890625,108.24578857421875,43.91542871030595,57.34865686050729,52.759043830387085,328.2505361519919,209.38400735295414,0.945426048050729,0.9651528964933709,0.01214295723001487,0.01331808201323346,0.13065580897135803,0.15579069381292313,rain
50.768341064453125,47.73358154296875,123.02400207519531,36.488346058740795,38.97019569560062,49.856173945827386,236.83428308824713,216.97153799020612,0.9538084413303809,0.9576820443230027,0.016051560747778505,0.016066049106973672,0.14633855128159415,0.15008060944275758,rain
42.87428283691406,77.13609313964844,97.30870056152344,43.696318073028095,62.48944481003276,66.39508335328514,271.33725490197736,239.28756127452928,0.9673218654628761,0.9711847134587057,0.019145422580271503,0.021619709742993643,0.20681274742375524,0.1975632391413655,rain
50.05615234375,45.877838134765625,138.7492218017578,29.483616655924525,24.31525128159044,59.874689785187485,356.5842371323789,270.65980392158707,0.9482699667669974,0.9606868158533075,0.015349027739259351,0.013953575375785366,0.14876086067169272,0.13069253725435398,rain
39.80638122558594,38.66673278808594,102.18997192382812,43.070131494809196,32.048835233527825,63.68128894765985,572.8304534314581,393.4434895833878,0.9249382083893628,0.9482272584414445,0.024349181196905333,0.024003944617418484,0.13497784812128688,0.13709040562323274,rain
60.27685546875,43.610382080078125,116.02436828613281,43.31862364522008,42.253456379925936,72.13705667080589,436.99348958339124,394.33570772064553,0.9576638032638508,0.9615455722925194,0.04552630489287012,0.044685637539145416,0.2568147128713556,0.2512654711005346,rain
121.03300476074219,58.40419006347656,123.3272705078125,50.84524177347524,56.27072784454882,56.76402165985991,261.73284313727015,251.89128370099687,0.9502884690832042,0.952064618045985,0.015036670602775469,0.014382376155355479,0.17429114297796872,0.16470735741540407,rain
58.76115417480469,33.50341796875,128.46142578125,45.76142654661201,31.745474721910252,47.81218668267806,352.1198069853226,191.4504901960826,0.9214946684802411,0.9570527449101223,0.022104678561252037,0.019506784946533923,0.228860986903674,0.2130492640019058,rain
73.84176635742188,42.271820068359375,151.66505432128906,40.95595717869319,33.31431103386327,45.07129203239531,221.3489276960817,129.68529411765255,0.947592386056123,0.9692033147022884,0.030654726559232712,0.030037209464659632,0.37695724516840845,0.3758933631762131,rain
97.68148803710938,46.81011962890625,162.10671997070312,26.939768934182634,44.319125241736444,48.75462461796695,612.2870863970808,700.982046568671,0.8796079001667128,0.8622265304949659,0.014435110123624143,0.013687234345624431,0.15329516420238876,0.1384713821361232,rain
44.49217224121094,49.41900634765625,151.89364624023438,41.9540222611874,44.696325424295566,62.31514933647357,79.10497855392356,62.31740196078518,0.9897647751684124,0.9919287702057237,0.03253532765130587,0.02785125951070637,0.43501754320955877,0.3805923649238169,rain
50.01045227050781,35.51524353027344,106.40109252929688,41.419446202051176,42.414617741438654,40.66712563544365,169.40419730393174,193.24454656863844,0.9538926537810228,0.9473734888080485,0.019868165317174488,0.015608595200480118,0.25370831420335727,0.17392259032925161,rain
105.92526245117188,16.409149169921875,195.5837860107422,35.615387258353195,29.727947639931916,56.68486121866237,319.5935508578375,217.08143382352367,0.9564276875491886,0.970345312569175,0.0321691577672489,0.02843790862582559,0.2932504095105849,0.2662708213323392,rain
44.34608459472656,44.2296142578125,129.17098999023438,29.417816891690308,31.570200552691148,51.08757277711698,141.18454350490364,100.62123161764794,0.9715136332945,0.979748461206354,0.01821544231775653,0.019077756142502462,0.1923623378113981,0.20923714329221468,rain
51.75553894042969,47.63047790527344,134.46311950683594,43.32267564447525,26.18056650323476,58.50474657672622,237.8714154411888,180.23308823530257,0.9621258610118996,0.9712784533684476,0.018166681221630787,0.017499458529634335,0.21970470501860037,0.21160641443326197,rain
73.09318542480469,172.05703735351562,69.28321838378906,60.220653420043156,67.04188398977543,56.86315716646328,185.62968750001815,146.2108609068766,0.9520661609559419,0.9622378514632814,0.057380454098760865,0.06147759028314569,0.38814749245531854,0.3886173958794977,rain
56.75953674316406,36.05162048339844,132.08888244628906,54.2864897807014,51.45035928879225,55.26994733621914,80.74713541666871,62.568673406863766,0.9872421312744025,0.9901099805404033,0.03765253968328212,0.03391521630879192,0.48013976506492856,0.4212833613355859,rain
42.93438720703125,60.1392822265625,126.46574401855469,26.727406271218864,48.81491987562119,56.61986595546518,549.3889705883101,431.51481311279764,0.9170886110551212,0.9346310480625477,0.028856313764540426,0.02856761998967583,0.12922536745818797,0.12966664052084262,rain
50.973480224609375,38.63523864746094,151.39840698242188,51.874594652711785,25.016825813629573,45.13861598702395,189.13083639705758,427.2392463235503,0.9549887401590873,0.8985047974915217,0.027156878557985285,0.023348279394163306,0.2668929322262922,0.2025768757957943,rain
41.863433837890625,27.953170776367188,103.52424621582031,37.99310395416566,27.413173388214116,52.202863024652466,512.1002450980918,274.8371017157075,0.9063496120258935,0.9497329605060526,0.016894039785415704,0.017187663834809144,0.173930635842078,0.1839991794452087,rain
61.10392761230469,22.319869995117188,107.50856018066406,42.73808669557027,25.51346533759974,33.667245910990694,120.93543198529999,82.32090992647291,0.9349082170837237,0.9558016911496152,0.021167932145067486,0.024379960142857805,0.2034927248033456,0.25663313658794895,rain
73.36380004882812,21.878829956054688,178.07810974121094,49.42626150667705,36.88484144126959,59.66783579110528,357.0217064950985,238.10162377450973,0.9537873249925021,0.9691716594784385,0.02619977504352364,0.026951426141583804,0.24762303312697262,0.24224929503155254,rain
52.61433410644531,33.98712158203125,105.30055236816406,37.677984864304506,35.08692538433152,52.00032938632876,213.40654105392983,189.57450980393517,0.9602246116561444,0.9647334669067203,0.022949737593144347,0.021499880538997238,0.293162416138525,0.2662992658662989,rain
80.37605285644531,42.79359436035156,81.63716125488281,49.29880010252749,40.834971753072466,55.17051634967865,266.4170802696237,224.70105698530872,0.9528068168981279,0.9601984859456032,0.01667604457568255,0.018028400818361982,0.18594394607015668,0.20014187571347733,rain
76.56597900390625,38.59919738769531,164.69522094726562,50.00550456558692,46.46630280223232,56.472087932375096,318.2854166666661,282.7401501225566,0.9535230393549414,0.9587969998421192,0.016689105037553473,0.013444288460734994,0.170819212806578,0.12692709897082313,rain
39.02766418457031,49.01513671875,147.3651885986328,26.740126124731066,40.54592081465003,45.59474779319998,436.68382352944576,307.22372855394696,0.9000439385119663,0.9298083543092784,0.014813425609316483,0.014786435578984132,0.14613149529948186,0.14709675346811812,rain
34.39085388183594,17.016952514648438,130.44168090820312,27.943732613047583,23.60702756757221,79.98883675932595,176.73386948530464,320.49142156865673,0.9863456633046735,0.9752003666793906,0.14590393318580996,0.14439330759621397,0.4342637787444268,0.361538389029139,rain
31.130691528320312,59.2489013671875,105.69779968261719,24.249779022487285,35.39681235598597,60.406645059756464,289.3518229166875,432.38255208337927,0.958705277665442,0.9381195204276178,0.019197348293221554,0.017707604490905488,0.21202556489401908,0.17280375301954712,rain
69.90093994140625,29.70635986328125,118.4525146484375,22.589498548510342,16.382114496378406,62.78169698909739,33.39333639705941,67.07899816176659,0.9955812987479772,0.991097932796501,0.030770387058928175,0.029927878212788937,0.3507254853182854,0.3297685635156124,rain
14.807357788085938,20.5849609375,153.09933471679688,40.24770503015059,44.18240710184233,59.758815907437125,498.5044424020096,1670.858930760126,0.9360928266264219,0.7857919288842714,0.044766744698360755,0.031479848364159166,0.2417498699554991,0.14455192664113165,rain
56.65647888183594,50.24578857421875,127.59738159179688,36.6990209025956,31.040621528903245,57.016592523386755,103.17691482843895,67.48825061274967,0.9836693228438257,0.9892875025843181,0.04338897860705089,0.043588347558652,0.30274390190134176,0.3176223170092155,rain
85.34698486328125,43.316558837890625,122.03337097167969,18.39584209243518,18.216777785731797,34.01320526786721,66.42942708333486,47.071017156863824,0.9696019450769576,0.9784462102562514,0.03670582243267262,0.03777517776899103,0.39528043056528,0.3607675288764128,rain
65.150146484375,33.33433532714844,158.79034423828125,65.09063910276706,31.313529023313603,51.065076011547205,388.3234528186476,221.17532169118027,0.9227217456420226,0.9560766945302628,0.014504301466183573,0.014767959320908113,0.1497016210768967,0.16174254834180685,rain
85.61764526367188,30.014663696289062,124.20417785644531,52.621590177926535,23.54010707399422,50.204650592984706,626.3070618873375,345.99784007356453,0.868376489607813,0.9267370874580879,0.011210148123862954,0.012727719249131148,0.11394744928968151,0.140205975949686,rain
99.27342224121094,24.88629150390625,153.42141723632812,32.83350647034768,24.545938403459576,81.08996477222674,1458.9331341913746,1451.2844822305879,0.8859234407357999,0.8865401701036335,0.04449803935221261,0.0460460219435997,0.2274999239862145,0.235930252292458,rain
76.70013427734375,84.36625671386719,99.5418701171875,49.77852515035052,79.72847423717886,61.643932736177284,920.7251072305482,695.1605085785503,0.8652663891862717,0.8984753299361119,0.01840572770893438,0.021237239811564893,0.13238909260137888,0.16031607998673827,rain
62.31950378417969,35.26499938964844,129.53515625,39.992029714023325,32.24808153596496,35.72322135966357,208.51272977941827,227.99678308824102,0.9202086629895607,0.9119513206598023,0.020541028523786996,0.016875427180718067,0.2086101965964272,0.15407806340619648,rain
65.64791870117188,36.34271240234375,130.24891662597656,39.48058954251127,24.946748302053287,51.91291947914578,78.01012561274656,88.44624693627618,0.9836237162401468,0.9813791939276523,0.03373032889594824,0.03182648633933676,0.38593674154499114,0.3473490720206534,rain
59.44346618652344,24.725540161132812,156.73606872558594,57.151807581529184,43.058794553192,57.95182427744742,281.644531250013,402.70476409315194,0.9609043959534425,0.9442458913259344,0.023402010006665225,0.015677674123672897,0.24415914501094568,0.15576941039176084,rain
78.89964294433594,76.10366821289062,160.55125427246094,30.034204172620715,56.0303147794866,66.66729136532989,402.8384957108047,377.4855545343362,0.9535869169128456,0.9564989242620807,0.01516804047837429,0.014114700043036726,0.15463834162319007,0.13144733118927754,rain
48.1085205078125,63.89344787597656,154.47805786132812,54.85101784249749,73.7944411984821,56.16662854269515,386.2890778186551,291.6467524509986,0.9438085474207158,0.957538434199273,0.03872681116278529,0.0376159463363396,0.1928739738384618,0.19295832487538672,rain
61.44783020019531,31.017791748046875,121.18257141113281,39.208286085285366,33.524354480971155,54.03977017959667,184.2205729166715,143.405545343142,0.9689340670995897,0.9758355454955021,0.014159666205983622,0.014002004807870418,0.16725572342103523,0.16551148836040383,rain
21.515518188476562,86.11221313476562,115.37092590332031,12.865243844407333,47.35193159513676,57.3863663278746,256.4274509804202,174.27022058824585,0.9538765553445491,0.9687611999868869,0.016932842434806656,0.01867549279394814,0.16741615418102745,0.2017719010949094,rain
113.30874633789062,80.91485595703125,93.60343933105469,31.727066727026354,43.90954045725972,62.73875451526796,758.7340533089648,176.12936580883868,0.824133643829791,0.9594232560445352,0.016685663328576433,0.02656815112431544,0.11254602484240168,0.2361106926261449,rain
49.0697021484375,27.209091186523438,152.1298370361328,46.350124809251156,24.140004866463194,53.12353602886633,231.0404871323547,197.6397977941188,0.9606165400770904,0.9662739277034983,0.033426322720134474,0.030733228965356813,0.401473751771558,0.3766785073864279,rain
50.3792724609375,43.84051513671875,182.88368225097656,47.13791352936962,59.030389629270296,68.01280544093083,756.0758425245276,486.0716911764702,0.9295214425134503,0.9546385330647189,0.021254425840605298,0.01610779352995306,0.1773422220522807,0.12291187746593324,rain
44.732879638671875,37.6685791015625,170.26609802246094,42.635273751380346,46.324282740465044,71.47770765062315,737.3328890931742,573.9017463235675,0.9301307305674211,0.9457598686267724,0.03205283971769785,0.031257125353088416,0.17438899164941576,0.1638937787114514,rain
33.91218566894531,67.37068176269531,116.84140014648438,31.063576172028387,59.762437878145526,56.492157992857564,308.53442095591134,304.0855238970943,0.9528382503541382,0.9534911083691785,0.02916434544824391,0.030361492556779442,0.3673488400982589,0.3443533306211399,rain
80.41351318359375,48.72349548339844,140.47579956054688,23.836231264809758,28.617073517268125,61.73862511496978,209.21334252452365,227.35778186275988,0.9705556974386031,0.968067387866061,0.013675952922760777,0.012981770810739889,0.17481479735329547,0.14770540726679574,rain
43.97650146484375,41.07325744628906,130.1331024169922,38.65845446822183,29.67758553891818,60.42797043602489,218.56001838236637,304.47898284317984,0.9684082771561457,0.9560325746385571,0.01265258816626505,0.012675787029371154,0.15393740816022186,0.15166360747258992,rain
101.73356628417969,54.13868713378906,103.26516723632812,70.2704460610089,55.789409919491476,48.25342416008128,282.46527267159576,127.22225796569595,0.915058326441566,0.9617920918840538,0.016105444248504252,0.019852976636224432,0.15847766059636065,0.22115047616638114,rain
56.49024963378906,71.90760803222656,131.026123046875,44.98738731283521,47.79906903348071,40.82965676492395,447.3369638480821,247.17496936275975,0.8524862974976241,0.9184474859824496,0.012045570654676173,0.014368705153663676,0.09273511412510234,0.13443609495513806,rain
98.20924377441406,113.32273864746094,83.78138732910156,2.744500338193734,17.900967072034625,39.45583200340828,99.6371323529428,84.2709405637276,0.9548843561671667,0.9618224192503151,0.02134213034980103,0.023910912764775184,0.22340319496823108,0.2759528569282228,rain
42.71000671386719,55.61949157714844,119.74754333496094,42.19457797930921,40.33273366168377,60.62403225212177,1058.792003676604,873.2480085785693,0.8402194040232862,0.8683572724901448,0.009760165837628924,0.009834719882546767,0.0976450098758978,0.09759090258418655,rain
74.82980346679688,77.49539184570312,139.50950622558594,33.389694494309,51.23716293835896,81.18822434430072,624.6235600491177,426.94883578437316,0.9513102826826783,0.9666125301505164,0.05256395551375883,0.06334727273589506,0.20082891999576102,0.23711879270517444,rain
91.20124816894531,79.34196472167969,74.71025085449219,28.23296625531774,43.240891965656445,60.98851016956542,542.7484221814603,304.56239276965243,0.9129245445031419,0.9508284595486914,0.03398511813691223,0.0351576900549777,0.24940045289691493,0.2649115153434488,rain
79.17762756347656,47.47843933105469,160.0977325439453,27.253441616031175,45.63907663820068,65.61858053412708,797.4376991422007,993.3199448530088,0.9107315298762981,0.8890187873871914,0.01619532863466327,0.017315308068022825,0.12643605453638745,0.12005006788761854,rain
50.26347351074219,62.754669189453125,113.67034912109375,32.61699653829064,39.30734972598504,55.8709748421285,264.98814338237884,161.54626225491512,0.9577465236043392,0.9741332227512185,0.029808779656161973,0.03022592094245462,0.2356635033632431,0.2467804089652483,rain
96.06765747070312,45.93641662597656,162.386474609375,47.592461151970426,56.56320274944361,69.2602486717144,170.8755208333407,219.9927849264862,0.9837232990126792,0.9790031023381607,0.034192569668627285,0.03585914331229474,0.23571778074215907,0.24492819913777544,rain
90.45896911621094,41.18754577636719,192.0424346923828,15.902729797167899,28.174923106121664,40.94362187891399,185.87855392156555,140.16936274509806,0.9508085645202743,0.9629660256892792,0.03279510638773173,0.030533717512984962,0.29969820845162437,0.26097002026361454,rain
62.90528869628906,40.755706787109375,96.84638977050781,65.06728731680747,49.636495242285825,72.61406123559601,279.1337622549431,155.06507352942916,0.9717428804142618,0.9842830890603815,0.05456580141133198,0.05729016038344039,0.32243508853431674,0.36306848150040694,rain
20.764816284179688,150.35894775390625,188.08114624023438,11.594876620281024,63.34182672960703,45.340407028675614,112.26239276961041,127.51965379902391,0.9776017826367496,0.9746397291743155,0.015897569424436684,0.01805232814581278,0.18479274747212798,0.22818915705676365,rain
115.53794860839844,19.058425903320312,205.41822814941406,22.644813122831557,28.458571264742417,48.56054554500108,241.6590686274509,188.28282781862487,0.946048359920103,0.9593288858691339,0.028599834375001264,0.029301319067334686,0.35086913680581994,0.36473620596494927,rain
43.952423095703125,64.21955871582031,166.4417724609375,33.87343729621254,46.61137354970387,61.680612945740805,136.69590992647383,163.06217830882912,0.9820818140661919,0.978697442516498,0.03950193315711191,0.03458911479055616,0.40824610109978476,0.33165260807012586,rain
60.880126953125,88.79405212402344,152.927978515625,50.373926235876006,54.63788225126451,73.66424396066529,435.0722426470979,324.03276654414583,0.9553775665029184,0.9667810332990513,0.012435782154421173,0.011855840804908159,0.15373405740421825,0.146769225849981,rain
66.81011962890625,47.13746643066406,127.25668334960938,58.58856580303688,53.430975845128145,68.85767691622088,475.4976715686606,471.0357077206351,0.9465404262001323,0.9469368346344885,0.011659684504767506,0.011611676228639208,0.13414578853286388,0.14024635643456512,rain
30.131256103515625,52.50115966796875,141.12548828125,42.30742736521596,39.29532177127826,52.58767615937799,371.11530330886353,400.91721813730624,0.9339194602293496,0.9287149485582301,0.01410445933340503,0.014557742288161646,0.13722028021776994,0.14857062445584918,rain
78.95109558105469,46.22846984863281,125.44305419921875,33.5325710776774,44.28524258244368,46.38531913649537,360.9244944853253,216.9621629902076,0.9067111195648119,0.9437616610500875,0.013834204871729611,0.01558831989558688,0.12864517736434872,0.15982336769729086,rain
88.1983642578125,45.91505432128906,139.4505615234375,52.65422892087664,59.41117936938106,72.2398093478681,360.6812346814061,233.3916053921715,0.9620321866376642,0.9754307385053931,0.01665097105860721,0.015619066659885935,0.21170321792345637,0.207551219350667,rain
57.89219665527344,41.13914489746094,109.29945373535156,43.64102977844858,32.49010566637417,51.33206739943778,276.9201286764869,199.58639705883795,0.9427356686834097,0.9588059327080167,0.019162730457521152,0.02009776191392404,0.21550287960628123,0.22778261563324395,rain
78.18621826171875,52.03819274902344,148.10226440429688,52.0493483609547,67.91702609453564,65.29401238976286,270.78170955882797,240.6278799019729,0.9690999664349572,0.972555957559481,0.01897703447130996,0.018685451160650027,0.22539237457749406,0.20392749997677148,rain
57.0106201171875,38.818450927734375,123.83343505859375,27.16398459070337,37.10196264975286,55.33942833226396,139.40356924020202,194.06798406863703,0.9778534653206084,0.9691695454786475,0.02491570163547899,0.022689775475322225,0.3231542332796582,0.28614074051635363,rain
64.28828430175781,66.37736511230469,145.38311767578125,24.86075431627237,55.2162455858988,77.18987778249796,785.8098498775149,573.0053155638014,0.9333734344994131,0.951457549477294,0.029191824144879152,0.0299314044325018,0.16369291525983867,0.17595824932525703,rain
113.39735412597656,53.415435791015625,190.4761962890625,50.990579595420265,58.05637163456843,68.1380467082336,873.3041207108299,546.619025735333,0.9247453257684152,0.9530509628284558,0.02317484567299204,0.02354837289396163,0.14843584469176516,0.15559954110074437,rain
45.02522277832031,59.26460266113281,115.17620849609375,38.09905489387592,35.97593998113806,57.897762710525036,851.842723652068,711.8742340687243,0.858191262348067,0.8816504759179569,0.010052311639452732,0.010103218381479144,0.09940307429549042,0.09490813031547657,rain
114.710693359375,43.6171875,147.89422607421875,47.42506983582961,51.42775807418703,43.97451404351108,303.03327205884835,220.0926930147191,0.9210092657652623,0.9426686527388608,0.016018318903157337,0.016421079195726617,0.18212302267223582,0.18776930199380226,rain
42.47589111328125,66.81858825683594,159.35720825195312,43.35215978607121,49.14849900209899,52.21838236395394,162.78538602941168,164.58751531862862,0.9704747720407896,0.9700593739271656,0.031248785374441226,0.0315447029512704,0.4187257010299649,0.42097864870076335,rain
31.269973754882812,87.3477783203125,163.7626953125,48.11188823551528,66.13304916301185,51.733567941558086,298.5801930147245,272.1085477941369,0.9547155583446806,0.9586551570171984,0.014914156998321491,0.015307233814312317,0.19243801649328485,0.20122939264196188,rain
46.80000305175781,67.30647277832031,106.72389221191406,28.64015340113965,34.15533585518498,50.30406125087846,57.99647671568889,39.88160232843225,0.987716160479642,0.9915910118388451,0.029775891187874097,0.034022200833126966,0.24970799649145245,0.3235888499689487,rain
76.64266967773438,63.84928894042969,121.85775756835938,47.690010140888575,43.72490219478055,57.73244166672304,520.4156709559378,79.17294730392595,0.9018320546652777,0.9850569277586776,0.019021124963380324,0.022147318531739166,0.2468054390607672,0.30790909640277314,rain
33.90574645996094,87.73432922363281,163.0418701171875,50.54975853865267,67.18815581598905,51.78100204394018,309.2386029412026,237.0104779411899,0.9528137949866979,0.9637743661913573,0.015243138908395204,0.015449570559705379,0.19462613825464298,0.2009877919112373,rain
50.72222900390625,41.9901123046875,146.04783630371094,44.925861143930554,38.40276504590498,57.95333708839562,404.7577205882625,422.6290747549345,0.9402185875770882,0.9373692202431182,0.016522632796237023,0.015182630076122727,0.2108491661497456,0.18601461487567428,rain
60.55387878417969,36.53985595703125,142.43853759765625,47.047065018053395,41.233088666213376,73.70244618857463,336.22673100490573,116.6363051470602,0.9693967730082672,0.9893958281463546,0.016097180796904132,0.0158033044460997,0.18803234380725886,0.1851117809106505,rain
75.44664001464844,43.7093505859375,147.8751220703125,58.49621248946254,54.22487522108579,74.51487716510316,413.00203737747785,376.99260110296706,0.9637005003446553,0.9668035201831099,0.013502303486703771,0.012651962208750863,0.15564274208025955,0.141348618870471,rain
78.15635681152344,58.57373046875,116.14035034179688,22.10785965839796,34.24464624913118,46.04401896443002,83.77944240196351,112.03247549020486,0.9790707631419343,0.9720382693402666,0.022350292173511515,0.028076428212717844,0.2144444212558274,0.28209033570887915,rain
60.51118469238281,23.618148803710938,152.6578826904297,49.13037915494359,35.49468764706792,70.6614652373669,278.5018535539352,276.25323223040795,0.9728725401915527,0.973041890750618,0.029937616938421754,0.02787056824005616,0.292632880641286,0.23864969261768257,rain
82.1297607421875,17.486068725585938,110.60520935058594,54.98532498461257,24.934769416248233,34.84602286009664,161.00772058824396,147.27103247550016,0.9373843941294357,0.9427559071308432,0.02504633298946035,0.026246017355354548,0.2602815190916947,0.2890957413795766,rain
28.279144287109375,79.22854614257812,123.28982543945312,21.75790624082548,35.71649880209767,53.50404229347526,373.2711397059193,339.4248927696389,0.9255928699253358,0.9323298891495438,0.025159478066300527,0.027636069122929745,0.20697269963561682,0.23070714056117922,rain
103.80241394042969,33.46099853515625,153.9628143310547,34.648098940116505,38.77687298878139,35.83964479221956,260.0801011029456,220.77821691176624,0.9039996079412435,0.917445958726031,0.04359272417064363,0.03997987738962935,0.3936017731174409,0.37461079629706956,rain
57.137847900390625,119.88166809082031,135.00631713867188,42.71153638067089,76.56561390909788,71.96259876988083,645.877558210841,467.28976715690663,0.9278930229901761,0.9478871661483594,0.028861676338632396,0.029655038854509486,0.13384859865550502,0.14586663835787947,rain
95.03965759277344,33.594329833984375,207.45474243164062,21.35104506565083,41.15420244025813,54.704908747826046,96.56599264705875,79.33722426470496,0.9857512033294913,0.9883086419430029,0.10096358720952743,0.09047705163145736,0.661374060239956,0.5892358434041393,rain
73.59141540527344,37.05143737792969,136.20401000976562,40.005677074076864,37.56040577658108,64.11777845456842,205.17123161765895,169.063602941186,0.974590232624551,0.9790807491850666,0.02155417707934706,0.01982606219296853,0.22341926215163688,0.20048544876085775,rain
82.95286560058594,85.52874755859375,105.18830871582031,46.029925257305365,79.67776038055706,53.82951216607398,511.6754289216209,349.6818780637599,0.8871981235131614,0.9229511943456724,0.011553292168422113,0.012646359669174649,0.09422586793981932,0.11404401870397891,rain
47.33329772949219,42.91606140136719,141.32894897460938,42.11361201319972,28.531478698086346,57.70570564263712,216.85652573529765,139.13184742647695,0.9657518982610982,0.9780924281307333,0.016525029270363138,0.016046976986399498,0.19374188099216733,0.1905408449597452,rain
60.165985107421875,48.34980773925781,109.44366455078125,29.604581574709773,45.63414159166633,59.242843261311734,396.4062040441611,263.93681066178806,0.9427307974686661,0.9618947818559237,0.013849593867437495,0.013812501508624881,0.1683856931081879,0.16126810270996556,rain
95.4869384765625,22.95855712890625,195.85171508789062,29.101433205285332,18.883011868469595,52.70745565342618,68.78653492647024,111.13717830882294,0.987276479513098,0.97936060085797,0.06640072923401123,0.0552799590477085,0.5217111577438538,0.4204491082163065,rain
87.61077880859375,38.53680419921875,138.37588500976562,42.00330880089729,27.869063693004616,58.12291616317093,101.03382352941631,67.4140931372561,0.9821175386039315,0.9880572686434496,0.04889458724066024,0.04537412747815749,0.4984247285508557,0.473489802642516,rain
54.08689880371094,54.05010986328125,126.73788452148438,39.883073064639326,40.91404039153069,57.12020879043626,364.17038909317074,300.6871783088524,0.9434550651386256,0.9533788711977832,0.013138087611593761,0.013040997758667698,0.14101760995793497,0.14130560628390718,rain
84.30764770507812,41.99821472167969,194.1758270263672,28.105510610356415,46.86846712144273,63.8775795426754,385.7701439950962,320.2064338235248,0.957329020706103,0.9646594673709451,0.03303767178426723,0.030060032304570307,0.3445034726402957,0.30755677025607414,rain
100.04225158691406,48.17372131347656,138.9978790283203,75.526257528449,51.11174890573688,58.785409290716565,177.35093443628188,120.19973958333905,0.9730983974770883,0.9817687441770988,0.017508051958891293,0.01766045421416102,0.19061564504714698,0.2009071056708598,rain
74.45744323730469,25.679763793945312,134.3623809814453,46.327698688026686,26.483791419047332,64.99789012290753,149.23314950981325,49.10723039215854,0.9826251369023207,0.9942598546871196,0.1035829509441794,0.1037918274484695,0.23095043457746114,0.3105097647118606,rain
56.190216064453125,30.049606323242188,87.31330871582031,51.264586036286985,39.64111611317277,46.836198431582964,208.3564031862895,174.73177083334733,0.9512148501839844,0.9590202278694073,0.01933992640926445,0.020343581351829242,0.21541275649046115,0.23779634278625714,rain
48.28660583496094,13.25799560546875,215.22463989257812,59.66261952835305,22.19082893790028,42.79577414274984,43.30505514705895,55.299310661765574,0.9899941836354172,0.9871860798043768,0.1928080256621354,0.19060302529239584,0.4333399341645221,0.457885689486173,rain
91.40074157714844,52.45497131347656,173.62648010253906,16.674003863666673,38.334772676355584,43.18299528334138,123.1105392156896,90.90139399510092,0.9716966279133877,0.9791318033088225,0.019899359914201522,0.019025507116737363,0.24366217268814508,0.23832805936957435,rain
102.02452087402344,22.570571899414062,121.24263000488281,35.58852805020809,28.102365459364815,48.211533615684104,146.9970894607937,62.92771139706208,0.9637577394800444,0.984474173748865,0.017474324340889857,0.020650242766781367,0.17252926907839128,0.22023737110449387,rain
45.99806213378906,75.29118347167969,108.98179626464844,33.180367833994346,46.88195234018964,50.772434223200435,246.57674632354258,172.92218137255804,0.9462230479019065,0.9624867694896065,0.013765928392830326,0.013767551972396128,0.1417241738292544,0.13209321494132237,rain
0.0,0.0,153.11874389648438,0.0,0.0,73.61643094621024,179.0491268382329,252.89307598039676,0.9834517374146907,0.9766795257581403,0.018852124528768825,0.01638184863223575,0.21675732479385268,0.1700493649103898,rain
74.66035461425781,41.47962951660156,157.40809631347656,50.45641520871347,37.239200292333706,50.626953760057006,378.58281250002824,188.47224264706605,0.9265336033309136,0.9634446226643624,0.016628883415841116,0.01740736394193341,0.15456602888825602,0.17142742805535413,rain
59.839813232421875,44.94822692871094,112.68110656738281,46.707367309668335,44.93451509224793,49.556960876446894,464.5684283088664,167.94659926471664,0.9025492276019283,0.9647686197269931,0.01744775191331099,0.02006695175179787,0.20342025487889323,0.2455870469120964,rain
27.84832763671875,104.52442932128906,133.75987243652344,22.439391288154155,56.162100495926175,64.36883907873498,571.7728707108402,275.6920343137456,0.9152253606730769,0.9593116711189238,0.015773586297623706,0.01679061680700877,0.17273161329588055,0.18799238065271523,rain
45.05973815917969,38.81748962402344,160.6875762939453,33.10097732371289,48.25644747388244,46.82578244992829,211.64073223039938,374.2513786764973,0.9550129059431033,0.9206079710926711,0.01882827574286782,0.015539318675918231,0.2294025364682312,0.17557225133211474,rain
20.693649291992188,65.26364135742188,142.30972290039062,19.05606977101329,44.74108607069611,63.43049376871153,343.95088848044895,322.83258272063637,0.9541127479110063,0.9569532961889509,0.021150193210658925,0.023707054590160384,0.20132474356862676,0.23495442491519752,rain
56.14826965332031,23.452682495117188,162.22760009765625,54.194964256409094,42.00794858076133,65.50439451393282,267.38443627451966,157.7396139705904,0.9702882380915405,0.9825209439148234,0.0321355030519866,0.03307896126046988,0.3500985329900499,0.35892401247375055,rain
81.62178039550781,26.302017211914062,182.97914123535156,38.707611737234636,28.763266824055183,61.099494775418165,427.45919117650305,270.82556678922276,0.9448853688510884,0.9651564275775709,0.02678625507178791,0.023348183914839536,0.25094633030900126,0.25016893250348693,rain
62.206451416015625,34.85945129394531,155.94741821289062,54.427984511003274,52.01719563228076,63.7118048208852,538.5506280637582,510.60828737748943,0.930456921257532,0.9342113671543649,0.02327340924760388,0.023319542593817865,0.15265620768299795,0.15634929449907467,rain
57.332122802734375,42.295074462890625,137.83853149414062,29.849730210885557,48.268802414500605,65.84982940492665,362.66453737747946,308.69768688727527,0.9576699359512593,0.963955486456904,0.018706920059807466,0.01758235797157925,0.26895462884651195,0.2562980292021211,rain
36.155548095703125,56.65843200683594,103.8175048828125,37.524225643072086,46.770968707106796,55.649876119662345,292.57153799022353,539.7375000000922,0.9525464197219792,0.9124685985871108,0.01469393774892908,0.012733668384984114,0.16939276830332015,0.1224067899205592,rain
59.864410400390625,30.284698486328125,162.1306915283203,21.147651455689758,17.670877727840036,46.90962549712041,310.30770526963204,130.06001838235983,0.9272758328844646,0.9695420965799983,0.018877866892856598,0.02192878507541445,0.23284427961611825,0.28791186527879425,rain
43.868194580078125,56.48291015625,130.535888671875,28.69401857597347,54.05339502607994,55.09277254114925,261.70598958334534,332.4547640931616,0.9559890000972893,0.9441326126387459,0.01961398757702135,0.017042088358829963,0.21835029690453095,0.1794478952522364,rain
57.39329528808594,49.406768798828125,117.54670715332031,48.14409463765473,58.139772877672534,82.72921252386476,722.0842524510776,665.9946997550209,0.94562640128905,0.9499559018440588,0.0159497222402429,0.017656577209014892,0.14552110884922448,0.14926057485742356,rain
63.161468505859375,49.254974365234375,146.11268615722656,33.039230919139996,32.289008007709086,49.933129540730135,211.07136948530342,144.4205575980479,0.9568217049269242,0.9704115574343731,0.024985815451205592,0.02492969546283313,0.22129924065766646,0.21263941059496566,rain
28.9439697265625,83.44879150390625,92.55535888671875,20.350187489852036,53.516029900425245,60.95827134446785,356.6696844363129,296.6261182598563,0.9514028081924866,0.9597560693452887,0.01643750113065667,0.01805707861748263,0.1575303153112231,0.16404346876013948,rain
98.04301452636719,48.93550109863281,127.29458618164062,26.300729250366945,24.17685336629714,53.796770723442584,186.43031556373361,160.6367034313761,0.9574198555844239,0.9634735388452245,0.02851372090880491,0.027962907201809904,0.3546244215748136,0.35329301758267667,rain
62.22990417480469,20.179122924804688,147.0096435546875,28.799995547876602,19.76022432546879,47.46193670264948,198.34117647059563,219.40856311275653,0.9547223936162277,0.9500135779105603,0.015729914528508793,0.015526900634103374,0.16675233301918477,0.16665822044488132,rain
78.29396057128906,33.88697814941406,181.5476837158203,10.635300505656309,21.623280309190946,46.31731748880702,47.79051776960829,35.60153186274552,0.9895037465956849,0.9921979191679354,0.044043042634128976,0.04483594908727337,0.4671372740267358,0.45808682301336556,rain
102.5233154296875,56.39666748046875,139.09030151367188,20.666184014302303,43.077464784882025,48.453013455026266,153.8024509803935,195.44070159314157,0.9679574014065325,0.9591712227261008,0.025515663002705347,0.02266200281766889,0.28063411536693234,0.22105781353681297,rain
12.301223754882812,166.9962615966797,94.66539001464844,20.391962413431017,63.45491627122526,69.86415841303891,272.31988357846427,278.32611825984173,0.9395279742535055,0.9384852671063784,0.08005932249238068,0.07665337857693896,0.44331724067766004,0.40679328524501635,rain
65.25900268554688,102.00898742675781,94.32412719726562,33.122843589619464,51.79717455289124,55.180895765454565,91.34370404412375,48.5755361519634,0.9810202699628493,0.9899269299163576,0.0327700262526752,0.03610092216547431,0.3480851883667373,0.37686034231756016,rain
77.40390014648438,51.81343078613281,75.40840148925781,49.60296168608327,42.194003010481886,55.48066610206519,450.77207414220896,302.89649203434567,0.9089796977463404,0.9387456201820022,0.015524966030641144,0.016737330319024246,0.14091790648616617,0.15118148404592466,rain
31.584335327148438,69.01039123535156,84.97018432617188,54.3436564822177,24.901737407927197,42.52714044299259,103.9850337009883,126.64223345589379,0.9663111285315891,0.9591355572217938,0.03521153214451853,0.03148004776613817,0.33663040159032404,0.27300106913096034,rain
46.80595397949219,16.330490112304688,163.0894012451172,33.9621010242416,26.085748245261453,80.20388212231758,1286.1806832109144,1105.8783700981312,0.9018881773970381,0.9154081764344963,0.015433306191694755,0.01668206969405727,0.09874164362667982,0.11193503537369771,rain
82.3016357421875,23.640228271484375,199.8665313720703,41.85015574229594,27.847868931921067,32.888618821942146,131.9711243872544,39.204733455883115,0.9474543672162372,0.984364249431867,0.029457143047218175,0.033780279364522076,0.31138910883143744,0.40308432539832206,rain
78.80415344238281,26.553237915039062,156.50845336914062,60.998520043281346,25.86990210483711,46.94791485834498,481.22239583337307,238.98449754903166,0.8941638043583584,0.9473329775839175,0.0136795514678344,0.01498518843528276,0.1266509231996869,0.14555867531352865,rain
0.0,0.0,138.7456817626953,0.0,0.0,81.2994116465488,522.3962622549891,269.64183517159466,0.9604747995701878,0.9795656085547741,0.013540297625101585,0.015705254236017988,0.1292987347292859,0.16289760764062028,rain
73.70208740234375,53.47743225097656,132.4535675048828,44.06112163223274,63.03251518796718,55.01932820032606,218.72774203432732,266.9213541666915,0.9674838196751959,0.9604398978327519,0.015465438497977515,0.014769627658710276,0.20363388453138667,0.18679704645852885,rain
83.27781677246094,32.84584045410156,158.77455139160156,28.667863306610858,45.52911376568305,50.82481424575402,334.0763480392179,238.59584865196214,0.9397586783294213,0.957000060149686,0.034809498733812574,0.03236433566302007,0.3116086172008083,0.2962168249751086,rain
50.218414306640625,23.135498046875,148.8446807861328,40.90022822041058,19.937381670789044,54.20313288311962,161.8394301470632,97.55439644608087,0.9726335519064234,0.983495484470298,0.055679533770900985,0.05017203273968029,0.608671188260996,0.5809306593922621,rain
88.99134826660156,19.042068481445312,98.58250427246094,40.55496782466747,24.882201418000676,43.54493547975069,334.58143382355047,172.10203737746068,0.902272115607317,0.94962712186263,0.021816608299816742,0.019814592795642072,0.22548503837781883,0.1984291896826949,rain
80.56492614746094,41.72796630859375,117.13629150390625,41.572375643875034,45.8505674875514,48.78785943589758,264.068229166679,172.75896139706646,0.9464480040161637,0.9649132249650793,0.016073740964169046,0.015637163812287896,0.1967989664141831,0.18457514991627438,rain
49.80455017089844,54.27397155761719,155.18438720703125,44.834318456937574,36.67944951348076,44.188589790425276,274.466007965692,161.57683823529482,0.9298870394091296,0.9586835576349051,0.02076985863127275,0.0202391912299946,0.24855677820736316,0.23922041301407793,rain
51.23994445800781,41.25001525878906,144.73204040527344,35.01468543783296,33.24813000002109,72.57068690878177,275.4207261029584,254.13823529413185,0.9725380340662041,0.9746615063624625,0.024077583554862267,0.02189639860285332,0.2737526054586475,0.23798368817520166,rain
0.0,0.0,139.74900817871094,0.0,0.0,47.75982827472511,142.55461090686921,89.32599571078744,0.9687208084185098,0.9804386118766382,0.02377157322329489,0.02765176681263675,0.278004042705718,0.3545713330214004,rain
66.07466125488281,62.092803955078125,185.56820678710938,33.736149791762166,50.13079565566911,54.86058256363043,171.82919730392388,136.28808210784393,0.9708480897699054,0.9767884649122012,0.02121882616611991,0.021091277404137496,0.2752984714240962,0.27272474113888384,rain
51.96446228027344,55.061065673828125,60.237030029296875,39.9150580179625,55.67857590607713,49.966860657171374,268.6035232843407,168.95594362746544,0.9430754193488011,0.9639391988526974,0.026023670071934082,0.02799597878274526,0.21003721450097781,0.22805880547004317,rain
37.45066833496094,45.598907470703125,112.07525634765625,28.85807548982898,35.2444585422622,63.54341969919525,215.02064950981944,197.45867034314978,0.9741235780093677,0.9761339364728283,0.02287690203717887,0.022361311000025936,0.22745034418351903,0.21847827093617703,rain
98.08735656738281,62.555633544921875,162.62933349609375,19.76440016108751,30.052175078189663,50.06889902723959,92.20496323529574,73.35242034313961,0.9819299711269763,0.9857057752765194,0.017288304601342883,0.01789121909684961,0.19769445851421288,0.2301896274414805,rain
78.798828125,47.09649658203125,127.73739624023438,47.94103047924466,46.196537894721985,78.01114893627162,208.40223651961557,223.742999387271,0.9821404530666528,0.980858150810635,0.014933791989550109,0.014213143947363957,0.16578370067255513,0.1432257745919783,rain
57.00657653808594,64.8511962890625,113.18634033203125,58.15479696671942,52.97735210649336,53.96838306852132,386.821047794147,361.9134803921854,0.9332902023569645,0.9375128190080737,0.013831469425591427,0.013172723695098355,0.1456002974605821,0.13152926294669348,rain
73.5269775390625,140.05511474609375,62.88838195800781,61.04457193670083,60.270689762072685,54.066427348151784,244.96496629904945,176.72749693629757,0.9343005332916565,0.9525664998410144,0.03938761403491241,0.0421345398991925,0.31945716706789845,0.33935376001317014,rain
61.393798828125,84.27900695800781,76.37173461914062,52.41287163623832,71.67153897801927,57.21530630034986,845.6873621325024,859.8821384805475,0.8504515800561706,0.8481721891063342,0.016694767020354977,0.01745263669393473,0.12100534400639829,0.12438759564876521,rain
80.42253112792969,40.495758056640625,155.703369140625,41.19464293725772,51.9887616881687,55.849725933456924,376.28867953432507,329.60246629902724,0.9396411842277655,0.9473565714923485,0.017864120694811195,0.018231438573618034,0.11911534665220073,0.12259132582258812,rain
62.892852783203125,18.967514038085938,141.4601287841797,33.95225350054026,25.87881982219857,37.29988185189137,152.7551164215705,99.63829656862967,0.944243758531026,0.96366338698777,0.02527208873353852,0.023661138770458126,0.2620678277548664,0.24606588494649387,rain
65.09614562988281,49.651611328125,128.5973663330078,45.70888338229168,35.53391453071668,34.86931270162239,314.5147671568837,123.8338388480486,0.853335666344899,0.9420100008600085,0.02782025332056786,0.03273631366045378,0.24205972571708856,0.3174305367715605,rain
23.734756469726562,58.26690673828125,133.52450561523438,18.753105322163055,30.298557437847506,54.57282349325169,82.29208026960988,142.54113051471134,0.9858595171636306,0.9754900958212955,0.029512718324652798,0.029166948257726227,0.39639832184962404,0.3665992818660194,rain
53.936614990234375,22.917083740234375,115.07017517089844,50.92527243400133,31.59583863322566,29.30871174016765,177.3171721813817,121.5662837009889,0.9028097506815246,0.9333677204724967,0.034784368307230175,0.03459805524402609,0.19136482119134882,0.19354135226467029,rain
35.75042724609375,33.7191162109375,132.98118591308594,33.11130963131864,26.699655518102162,56.45965753625493,436.90373774514666,479.7376991422172,0.9334365895680222,0.9266170529322444,0.01885690373297781,0.017992906634758457,0.14202146159840398,0.13210846798294526,rain
86.83389282226562,53.28944396972656,156.55157470703125,30.57637985179168,67.36066150147226,52.29409866408118,643.7820159314078,602.8932751225798,0.8893807367196772,0.8967008401335256,0.010169861287726546,0.010892842137774349,0.08411173890003704,0.10141951305073482,rain
72.78402709960938,48.22288513183594,110.35682678222656,39.28026975822038,35.87597597861558,83.86643341075761,1143.7491881129897,230.65580575983026,0.9184242623459364,0.9834743564301851,0.017328330214069113,0.022755659951269464,0.15013970094282575,0.23593080256127277,rain
93.34321594238281,26.231246948242188,164.285888671875,15.108333285880539,32.249758804365484,47.94021468887411,410.67444852941844,354.6959712009887,0.9188135681621169,0.9300799761393072,0.019899905303216853,0.017548338573595175,0.19815864517911813,0.16380948022931022,rain
61.32557678222656,49.08967590332031,113.82958984375,43.71150199454632,49.69115521495371,83.2393497708339,685.9674938726683,647.911014093252,0.9502398046004873,0.9529690860964013,0.05356047956402547,0.05329211458299631,0.22576061665580172,0.2217707089614302,rain
74.64395141601562,35.00242614746094,141.67739868164062,28.538370627248263,21.905174018411596,54.38285564815428,442.2566176471089,321.96459865199347,0.923747263437732,0.9445505219213409,0.01170981573437557,0.011970211128909803,0.128176057371271,0.1251238424437508,rain
64.54093933105469,30.688796997070312,139.0015869140625,26.711740719798094,26.560458335700666,79.82283562109926,628.4401501226358,452.7920649510399,0.9507308100010524,0.9644246920661007,0.033315419241936095,0.031888205826025307,0.20810346066657265,0.20075045339742179,rain
53.43170166015625,63.94476318359375,99.01304626464844,69.2902501651853,49.46300997837349,71.47063775166652,1089.1653492650369,740.9435202207455,0.8913368859375901,0.9262117536149093,0.009840641444055097,0.010749687868831249,0.06892140031066435,0.08353850334079016,rain
33.93077087402344,57.520599365234375,151.41221618652344,20.666534184148098,43.67070523905365,62.233231577715834,647.5424325980921,328.8285386029638,0.9181363559774548,0.9584431952820506,0.04161317905513529,0.04415299074038241,0.35246304081316937,0.3782461918516666,rain
41.55360412597656,21.675613403320312,107.88525390625,29.718494739407546,22.169782368453813,54.68917060916131,1160.6986060051433,908.3658088237054,0.805760679941097,0.84693991096929,0.013577982382797752,0.01395422702784844,0.11126021076015824,0.12266907824504342,rain
91.65019226074219,46.87306213378906,125.77635192871094,17.39851189644087,18.040551602835407,48.72699198365891,349.3803921568774,206.1665134804006,0.9215566489221199,0.9536413942517248,0.012986474274920718,0.013792997127512602,0.11113892209249199,0.13054825999897962,rain
73.36936950683594,48.713134765625,143.81240844726562,51.186768716449436,59.10487883819687,77.60804194726123,490.05949754908755,216.18943014708353,0.9578446055117742,0.9814270210691267,0.020153117226463884,0.023285293794683894,0.1842641774969952,0.22847885257129175,rain
58.988006591796875,66.11030578613281,180.2274169921875,36.40594289980394,44.503058441924004,60.15221533968163,619.994623161793,354.51441482843046,0.9191339668802888,0.9538673741695562,0.025306963681646512,0.020865657593539783,0.22720918072414317,0.17736190851870115,rain
45.44865417480469,50.98988342285156,149.08140563964844,44.23119773264169,55.992776989742445,51.374092736455246,454.1005974265,325.29704350492796,0.915663491039523,0.9395637053085475,0.017545376375553076,0.017574582001756715,0.17101653613448842,0.1656182842358665,rain
81.29780578613281,62.47906494140625,104.26329040527344,45.86338301075581,68.65593988148754,52.31635446861836,459.21953125005496,429.17686887260123,0.880119747702698,0.8879320763345511,0.027841446305554903,0.026465463800243352,0.3194245892897164,0.30600628784329026,rain
53.579559326171875,20.90704345703125,139.45626831054688,34.709173175692065,29.912470910405997,49.73677610535076,235.81600796570152,159.64978553922094,0.9524874325601288,0.9678288274716375,0.018049013122805633,0.01940510373174638,0.17993138906432965,0.2019425665222616,rain
65.80477905273438,35.690704345703125,123.84593200683594,40.3118679439611,33.74237575220973,38.498700677417425,210.7699142157001,137.53524816177384,0.9279104238456958,0.9531192701676822,0.02466949261955816,0.026032302598444357,0.24840448811301255,0.2662284114381975,rain
56.461578369140625,38.83033752441406,146.62521362304688,37.156382080938506,34.87870096739124,56.1170535160917,62.740931372549575,57.91919424019679,0.9903415944254665,0.9911053361513611,0.03952294349405167,0.038254727449440994,0.4543094698339164,0.4226651973451216,rain
35.58351135253906,15.677078247070312,153.94947814941406,30.1165159170338,26.058230118668103,63.13105798908279,254.0527113970635,239.15830269608855,0.9691325960413817,0.9709269902387087,0.06045453189396958,0.05923204474183789,0.45742669524078733,0.4125933633077043,rain
144.0957489013672,25.3748779296875,186.0843048095703,59.128806016376664,7.568929665029352,26.085717331147492,33.72697610294162,57.09168198529448,0.973281152067325,0.9543316399757983,0.07965585082549251,0.07678698661760806,0.5726459470671399,0.5487288974972077,rain
46.47296142578125,34.24603271484375,113.39750671386719,42.41063316594788,25.216580464162274,48.783205831020254,159.24621629902944,84.10721507353583,0.9606208683409286,0.9791645276718457,0.01812002620127859,0.02258637465084144,0.20745319941950893,0.2801559179530154,rain
39.522735595703125,23.089736938476562,110.93724060058594,40.8788011980484,35.990753524337975,88.8851998289688,420.93123468142045,237.19738051472862,0.9734610410789462,0.985022951763192,0.12639805769020165,0.12753012384839035,0.32718430921949115,0.3552166069400253,rain
62.6103515625,83.13502502441406,138.67495727539062,44.802763270836046,47.19323649739682,75.32938473077178,140.1686887254961,152.7457720588295,0.9843116901566146,0.9828898032079776,0.020906270441888343,0.020563669802620584,0.3177498742837064,0.30020313282209726,rain
64.81607055664062,57.655670166015625,107.12802124023438,52.480294576970955,57.67109314317451,56.878101293069086,438.08503370102284,255.05981924021802,0.9227870619659369,0.9549698577779913,0.011681450355240984,0.012851369840274516,0.13231115083037479,0.15277595058284865,rain
25.605392456054688,33.1092529296875,101.5184326171875,32.15287884492062,21.388716640779133,30.210940968197864,178.64515931373654,128.09632352942089,0.8913661181813504,0.922117802977385,0.03044795223573341,0.02793775182522561,0.28010643878944014,0.2528893112568099,rain
89.57954406738281,55.65374755859375,94.30509948730469,32.81271794402525,43.765376559772626,42.84371519271829,349.69479166670004,171.85781250001006,0.8866243512154244,0.9442838735986109,0.02193882300910442,0.028071713953953,0.23424640077671166,0.32229281915722746,rain
61.86174011230469,41.80058288574219,94.46403503417969,50.47869366582635,35.24674351961316,59.07728108881963,235.2299019608035,209.35375306374257,0.961446472155202,0.9657173489143249,0.02969698370345806,0.026170336143277267,0.31272728067229394,0.23707646378247144,rain
60.72270202636719,37.56895446777344,161.25173950195312,33.63116413641867,50.422226705739284,50.95702433309183,187.17948835784833,158.083409926474,0.9640745760562692,0.9697007665569315,0.01861508237332894,0.01953328637019795,0.22436859240984253,0.2510554798968976,rain
108.02336120605469,76.55709838867188,113.21000671386719,6.171194130256273,44.431033466386964,78.47030842792007,196.43569240197644,104.13252144608579,0.9839372570458679,0.9914400286828334,0.05169547680206944,0.04306938966407525,0.542168756322983,0.4100793266236702,rain
50.50202941894531,53.449951171875,143.70838928222656,37.62455221627506,38.068272313452965,71.65711178328287,372.5917585784673,546.7106004902679,0.962925414734058,0.9455241111994732,0.022349197604366877,0.01781971231181077,0.2943239975485048,0.21923816836379423,rain
53.221923828125,34.14430236816406,125.52879333496094,36.82081814990771,28.60423847416487,59.90514526519941,291.8934895833584,268.12238051472946,0.9601054491664666,0.963295422778189,0.06388458690976598,0.06319638812426479,0.24611819344596653,0.2351485749789496,rain
104.32505798339844,48.003448486328125,139.13674926757812,28.33876723322029,60.31306837954764,49.65607460763082,257.33239889707335,172.74768688726328,0.9589975728983268,0.9724396838731568,0.017619871252179006,0.018651333233401842,0.20824938517253164,0.24766604766993439,rain
81.83950805664062,44.91123962402344,92.93875122070312,45.267247060083264,33.44295659535533,67.19637002534533,36.12988664215868,27.899448529413657,0.9957260780700283,0.9967020678495057,0.02490182009303335,0.03659514135718645,0.27522480469092864,0.45510614826107815,rain
54.22810363769531,46.15046691894531,158.65994262695312,35.06090740944998,35.44057665097683,68.08500423841616,162.55719975490604,202.79868259805176,0.9825752631284316,0.9782613900675217,0.03391152653615218,0.02807916738511207,0.4529959240376733,0.37538128746539967,rain
61.16889953613281,70.12081909179688,132.9466552734375,45.70108760333126,61.1083761257614,72.5896268708036,271.02297794118823,262.083624387271,0.9734518249126018,0.9743950745115906,0.015119826738899689,0.014027806736229878,0.18323639928576202,0.16374285655631707,rain
56.88873291015625,21.160659790039062,138.42083740234375,52.15391220097625,25.11070441854891,35.71579526454416,278.24030330884005,240.08465073530832,0.8924822614477673,0.9066409223547635,0.022613145423565118,0.02103182000338822,0.2225584067144843,0.19984426188937018,rain
72.33401489257812,40.329620361328125,142.07566833496094,54.425688088395226,32.240748189606286,44.352646865171856,277.5637561274677,189.79957107844157,0.9267935115189355,0.9498790844751014,0.014408278677788376,0.015287667856834075,0.14640048911729667,0.1670373510283406,rain
44.63197326660156,75.71774291992188,81.57281494140625,58.89916969882682,35.63259427872945,58.4869535230562,328.4247395833852,199.91393995100634,0.9404194069194554,0.9637999264831153,0.022102250048070895,0.02573025124204429,0.1947335395725071,0.24613805667670827,rain
94.36138916015625,37.3402099609375,126.47030639648438,22.416264289815533,27.195268926007508,51.46733764359672,240.79725796570293,206.8911764706039,0.9503389969595555,0.9574265673943512,0.015289747592911242,0.01594743428181509,0.19663275327597915,0.20479707362230015,rain
92.38688659667969,25.701568603515625,158.2362518310547,27.393346062191622,25.221531681903855,44.59378988248325,291.6634344362799,305.3906709559011,0.9271282811101925,0.9238645846346271,0.016705238912124783,0.015480600482489849,0.17531241479132784,0.1587953584753485,rain
54.78651428222656,35.23991394042969,132.96475219726562,33.81458260461429,24.283951054669863,49.194301743176034,347.27585784317057,169.54100796569568,0.9260814484364257,0.9638664015375166,0.013610244889953368,0.01623463049346592,0.1456553967247094,0.1981103556703133,rain
77.30746459960938,80.59626770019531,106.73979187011719,83.3806107070893,30.00768910025097,74.30151652237686,31.245358455882794,7.089690563725634,0.9950996589312693,0.9988876272062308,0.023181390980602755,0.033709710878956,0.2662219584001229,0.48293847859201333,rain
85.67904663085938,37.42704772949219,134.57008361816406,41.9646939550323,34.906161963958716,78.90908527799262,445.93592218143016,357.2225949755299,0.961546106343729,0.9692106569248476,0.04743182141545757,0.044817573535289056,0.33807292402762934,0.33172038235309326,rain
48.44114685058594,53.27191162109375,171.97296142578125,15.31946240560183,41.35122311590846,42.77885562281822,279.9379442402,167.67521446078297,0.9242232276652893,0.9548154090170943,0.01807777504903686,0.018520347292743593,0.17392897206700642,0.18598548846500745,rain
0.014373779296875,0.0011138916015625,161.75148010253906,0.6615123356748344,0.0564610145105671,52.75810336477849,187.2056985294147,113.57185968137568,0.966229065306427,0.9795654919119442,0.016335974933568503,0.01876036912017267,0.16114059623939225,0.20659791224742613,rain
56.62303161621094,42.57087707519531,159.33078002929688,35.442094884246224,33.0499986463274,47.23602432978804,161.043596813732,78.10772058823778,0.9647205903678111,0.982816420453739,0.02840278844478451,0.02828377046652451,0.3136975617602538,0.3141365467741819,rain
66.54718017578125,55.97288513183594,124.26731872558594,33.78005030619724,49.9756655897294,64.52370660019807,511.34483762258685,284.6460018382525,0.9303756007461323,0.9611880767775463,0.025793284555876504,0.024940626131988875,0.2825381828617301,0.26333540362300933,rain
49.924041748046875,75.42219543457031,81.24861145019531,43.4917348932599,51.75274286411653,48.930212401265585,392.45623468141355,256.6077205882544,0.8888879867271363,0.9274519385290905,0.028132355900678918,0.034118141100236726,0.24366494593848775,0.32519343146672575,rain
31.82025146484375,85.67729187011719,80.27738952636719,31.566322518145473,50.43239306467133,48.30055179253905,363.9854932598455,329.61030943631084,0.9201399109429584,0.9274752131889524,0.016030019579454755,0.01682338575996283,0.14565661186957984,0.15895070974715234,rain
49.5914306640625,33.231719970703125,110.93547058105469,38.4536404889015,42.35627537241131,73.33870995140238,251.98196997550633,512.2902573530309,0.9768987119336694,0.9530637975570037,0.016790676203561648,0.012865896239435548,0.22207654904929072,0.13608728972618075,rain
67.44761657714844,34.63801574707031,169.67022705078125,42.46538186975596,38.16093010422028,57.20201624631566,373.08572303923063,228.7646446078516,0.9449293808646632,0.9662904986043035,0.01716963605067167,0.017467914239239796,0.1724257291651479,0.18767005775325793,rain
19.38946533203125,15.974334716796875,122.86021423339844,24.469243666341672,14.461269258899591,29.76992526110471,31.89970894607925,26.017876838235914,0.9820522993500211,0.9853738664634386,0.05093403545471112,0.04625896533801856,0.5866802672089878,0.5461815851407638,rain
46.81158447265625,13.341064453125,116.35862731933594,43.83039234976534,21.430722968506615,73.90765063977703,239.68820465688688,229.36204044120083,0.9779533576211799,0.9788673728297131,0.018196582242995234,0.02050626162699673,0.20081560347086738,0.23287316498727598,rain
90.20127868652344,19.1024169921875,170.01077270507812,23.051567958650132,20.499036283272304,28.08168006959086,73.09852941176581,96.34854473039422,0.9528927266427091,0.9379418937794674,0.03573237237452295,0.028910992540520708,0.35644987369611464,0.26921186411372405,rain
78.48828125,45.47637939453125,131.9329833984375,51.0371357968556,43.03045452953256,56.147862954794185,416.03333333336803,497.67863051476894,0.9284336846419627,0.9142953873203733,0.011435506730577414,0.010886786978878479,0.11897424949941675,0.1095182432767684,rain
79.16621398925781,33.50566101074219,133.18887329101562,40.621747246397526,35.070193262965994,32.480372708818614,231.09413296569224,243.47009803921833,0.8768651582280105,0.8700664172763308,0.017292399877061753,0.01650403143873761,0.14464954288265888,0.13931526399892238,rain
54.91728210449219,54.11763000488281,124.44758605957031,37.9066429951902,53.11790540148888,89.40710043120276,1619.5994332111145,1191.3924325982566,0.896548202724287,0.9238466921701547,0.0187838387750803,0.02012528661823581,0.18492303198614704,0.2159315980950681,rain
73.97747802734375,16.501373291015625,140.40106201171875,59.81925554797119,12.673383630865413,45.95339072087258,431.30882352948555,360.5966605392779,0.8959715391073199,0.9131045927593779,0.02979995165703452,0.03146963803953912,0.1409563792226441,0.16397771888682827,rain
98.95701599121094,45.00193786621094,143.0621795654297,31.806920229247517,34.97403097033584,43.245500737290875,225.8511642156917,138.34070159314066,0.9391166154593489,0.962790681942455,0.018304340051802495,0.018190384732946905,0.1798073482826047,0.19252621258860697,rain
66.26414489746094,47.200408935546875,129.40969848632812,45.962377402945144,43.9004392126684,39.255201171632024,593.4808363971064,617.4350643382899,0.8070602504801714,0.7994306432893783,0.012774049950260899,0.011896721636954452,0.10083475340147217,0.09273944156347427,rain
85.13725280761719,48.98651123046875,191.76333618164062,29.795934374439454,47.970879316404385,46.06242767604534,463.96974571080983,207.72965686274816,0.904695572817109,0.9573320740138562,0.025859921232476612,0.02314853442714557,0.21616295828809703,0.20746425924626155,rain
47.16754150390625,57.998992919921875,159.50039672851562,42.47101212887113,42.339394511483874,51.41035822384371,163.88059129902496,120.27337622549678,0.9707133764297216,0.9784758460624843,0.041558853281742136,0.038681044913235596,0.42464768418288096,0.39221547009164376,rain
92.79454040527344,74.12644958496094,131.83155822753906,24.46754906261152,35.09456852729096,39.03074716701166,311.0823835784585,119.93910845589083,0.8884308652130833,0.9571489535520818,0.014197496146896662,0.017485879416200376,0.09715595296610599,0.14942274936342653,rain
74.70549011230469,26.806716918945312,104.73684692382812,36.39052744103597,37.7863502932161,51.829612000727934,270.38849571080345,159.9951133578513,0.9493831128267516,0.9700779942344472,0.013988675015452845,0.016163946824125395,0.14644933519164754,0.1859847842840569,rain
76.29641723632812,48.06916809082031,174.0225067138672,43.17646558910676,48.09597964879966,56.434839778160956,666.892723652012,281.5045036764863,0.9077192331742161,0.961143377731061,0.01919925813279455,0.01813044498525976,0.16544656113128758,0.17925894900804595,rain
86.00859069824219,23.639419555664062,145.154296875,51.70154786195452,28.03491163166581,59.98817553035509,289.2779411764883,281.52965686276735,0.9604693600920784,0.9615393883769177,0.027101236693535143,0.023139343268894795,0.25899415120982017,0.20882618990950547,rain
51.15159606933594,104.35649108886719,135.44053649902344,39.844671575787245,69.7717253836031,69.4919683929251,679.8791973039764,387.2838388480697,0.9170761135652363,0.9527730154411168,0.013135108939942563,0.014578400609067003,0.1305727683092954,0.1579790540450513,rain
75.77679443359375,14.947647094726562,148.36883544921875,54.32402437094663,18.204097084250062,36.32155949355991,82.47735906862887,74.37991727941335,0.967666139926106,0.970884056737312,0.02124095487254091,0.023423606492540362,0.22322842201952955,0.282803210065443,rain
103.24736022949219,116.72743225097656,140.8945770263672,38.20930201598429,62.06780302440464,72.67926179525405,508.9183517157465,363.18860294121697,0.917216647353128,0.9411658167926626,0.010996374045086854,0.011540016299191476,0.10911301576034511,0.11896744315364284,rain
53.91571044921875,91.96836853027344,129.18817138671875,51.6220691038498,75.49127424006433,66.2392748484401,256.1686887255054,247.161443014727,0.9565486598632588,0.9579741390640795,0.015089792787933954,0.014500697219010282,0.18686959183673105,0.16995170411863225,rain
34.12422180175781,79.03117370605469,98.3660888671875,10.00548838517161,38.57110871800529,44.91877142741933,673.9228707108658,811.9171415442207,0.8252314923789253,0.7890382304496464,0.010272284826539569,0.010322589839254511,0.062448897471186586,0.062305664806478075,rain
45.74418640136719,45.80247497558594,106.16316223144531,49.84387770069281,37.58353976843936,58.6745453768579,223.97587316178252,164.30459558824862,0.9668308341780093,0.9755610835542915,0.028628633624828207,0.02720813563317984,0.30888182654244245,0.3119905995698367,rain
43.10267639160156,60.89027404785156,163.10946655273438,39.83607387963288,60.871903541432125,25.284722861622726,100.58224571078587,61.96881127451088,0.920809885943745,0.9513109882362444,0.027200861934107274,0.030475361168958118,0.2104177218001418,0.2599000518098947,rain
62.28904724121094,46.23272705078125,106.28634643554688,48.69673283924459,44.98598829150243,53.224037743364896,126.63768382353678,94.83523284314134,0.9751700247134943,0.9814365268647046,0.018920898673675836,0.018667285948516722,0.21509177054186743,0.20829122927438706,rain
36.0755615234375,15.373092651367188,114.39500427246094,36.348031302499784,14.209270165500799,34.76000383023653,248.6301930147132,219.78658088235989,0.8962373354268227,0.9080383496882277,0.02012795657548877,0.019176538590955694,0.1916614693342628,0.17921266576303346,rain
33.028778076171875,101.63479614257812,192.16824340820312,37.63282906821915,44.95048565983057,63.851603477636814,298.24450061275087,112.44932598039433,0.9567884667023537,0.9836914421444929,0.02586370266510655,0.028066417827229566,0.2704395659204523,0.30579557298022414,rain
38.02003479003906,51.21354675292969,122.28535461425781,23.747061359085023,32.98065090233271,60.157141909905725,413.00623468143186,366.8808976716234,0.9400444185954917,0.946836274934113,0.014150933975869962,0.0154020172052262,0.15136530863886402,0.1540791758732013,rain
46.38917541503906,91.87985229492188,117.52156066894531,49.11557220474234,66.30764806912286,55.98494293713859,382.88967524515243,266.5830729167007,0.9202129384078672,0.9445122600597446,0.01563336293401685,0.015039358473882667,0.17243505187686584,0.1596316236432804,rain
37.01911926269531,31.190628051757812,180.2261505126953,40.47678360542878,27.90966324457132,58.84638780360713,68.69531249999937,153.27380514705976,0.9900106889635442,0.9775388288391148,0.041449815462194964,0.03237532387097485,0.5766854210459629,0.4415076532005647,rain
104.34968566894531,14.69659423828125,124.47198486328125,55.83165631836718,15.03098762512712,50.60853991974442,334.42126225492706,291.205805759822,0.9337742595994454,0.9422743049370698,0.01787098613931514,0.018108380110633947,0.182841703989366,0.17846314235981955,rain
60.18290710449219,40.81962585449219,198.1985626220703,33.84731938047762,41.96766922247931,55.055730584780946,324.3956954656837,308.35330882352986,0.9526153214707797,0.95491362905831,0.08319866628987424,0.08185266582968999,0.37513082945261417,0.3444158538558289,rain
48.94816589355469,5.8114013671875,131.5423126220703,56.7253432860114,7.2059894242945575,16.95306769643028,54.44091605392253,28.30321691176576,0.8915690039500639,0.9437349085752634,0.0386924225639997,0.04867196831563136,0.24338019659169144,0.35382502353541234,rain
72.33267211914062,75.50440979003906,98.13290405273438,18.245435622588502,42.11947654043293,38.46501341696196,168.25534620099234,178.03382352942535,0.9347936116394002,0.9311618104603475,0.02045499426716388,0.025259692063837182,0.1776971263108689,0.2481154060813414,rain
97.34031677246094,38.86273193359375,116.46563720703125,31.191508960730186,31.337403438308172,56.20336236839316,362.03112745101674,190.5755821078571,0.9416930425698682,0.9691956844684362,0.015850442240912282,0.016977328027770782,0.21667223029070812,0.22357764819662793,rain
65.94308471679688,84.59503173828125,135.8236846923828,43.34079903781742,60.475749572465254,66.01707257064677,404.7598345588635,289.07830882354835,0.9517874232463902,0.9656526277475721,0.014118830811982987,0.013686711429370925,0.18181865735655459,0.17035730261978219,rain
45.307830810546875,25.608489990234375,137.7042236328125,39.48534649213791,24.299322448882258,52.44531841653091,140.26317401961035,122.72006740196622,0.9746225486198311,0.9778162320030835,0.015805568728203937,0.014063405238337181,0.19756448561576764,0.15852652553936364,rain
53.5511474609375,50.247039794921875,128.33148193359375,61.25437625789589,38.453270715412124,52.01921355807253,439.2182598039653,313.24365808826303,0.9161084582320053,0.9401602598553221,0.011833344731874026,0.012800448037081497,0.11806724366316362,0.14012366693431358,rain
44.70100402832031,66.50238037109375,124.00091552734375,43.53563172231083,52.86604274748722,49.38947139234956,216.15787377451423,321.5341758578643,0.9542652049948356,0.9319674364255591,0.015248922290817379,0.01289885283695551,0.18407511846999,0.1392223577982267,rain
54.341949462890625,28.594894409179688,119.22784423828125,43.30433565286868,28.054544415054448,61.12900470242692,337.4252757353223,209.394439338248,0.9543140363840387,0.9714830944212953,0.013517610303179552,0.014359675162737276,0.18386342907762093,0.20024681195471003,rain
70.59117126464844,30.550933837890625,111.64590454101562,13.14195057997846,10.964947412540688,31.28465335974686,453.60664828435193,463.6412530637706,0.7699188923947968,0.7642117853178919,0.013611813771413598,0.013732083657640125,0.06825515865367747,0.06880040648772667,rain
47.130218505859375,74.96647644042969,125.49528503417969,39.25902997087438,32.0437583591462,53.22762470259249,213.49267769609068,171.76141237746467,0.9512365906973755,0.9608816636555788,0.025135634164775027,0.02584026112207975,0.26138530556444434,0.2554103516229294,rain
36.330291748046875,28.627777099609375,146.28260803222656,28.49028907230799,18.693066228277495,52.81490246486282,190.03386948529896,168.38789828432127,0.9653342212586321,0.9693195644228125,0.018281801559822706,0.01610899535541693,0.17556709359064424,0.1468461251439808,rain
77.12998962402344,27.381027221679688,126.22651672363281,50.263056429043864,23.656948667017016,42.87907552392215,602.8265931373456,372.8954044118162,0.838326427952168,0.9000974906040962,0.01788579482898321,0.01860185405699666,0.14636294407325184,0.1566052398080948,rain
46.907257080078125,44.72137451171875,138.8813018798828,34.85446564587942,30.970088753154965,58.42436710709564,320.50738357845233,234.96469056373635,0.9531035985978243,0.9653899520156646,0.034981619458250075,0.03384496557545146,0.19067949188785593,0.211344864248673,rain
77.12124633789062,49.634002685546875,155.86338806152344,32.4217405345007,46.5425560246492,82.28597392645325,724.4897824755394,444.23552389709357,0.945405055615098,0.966512736639606,0.0377984315391203,0.03403221074976762,0.2378211687221982,0.21063295504299223,rain
52.74278259277344,37.610504150390625,142.80563354492188,32.53031917678499,24.788109534249788,37.7827217132388,117.17621017156982,109.70058210784521,0.9616782408636146,0.964268870492753,0.041590847916904906,0.037460629921907816,0.34296214854722823,0.2959193660518487,rain
80.67547607421875,17.384521484375,107.11628723144531,42.406240649097555,23.480863549761263,82.87710396237875,261.96035539219076,339.7782475490717,0.9807962546147545,0.9750638483089771,0.024835676419438995,0.024925240417117966,0.2603371132999199,0.26404870742774184,rain
35.30772399902344,97.96438598632812,104.28126525878906,45.45792885793115,51.28970196622913,51.45386437638458,314.86663602944077,313.120542279438,0.9354086830620966,0.935704582424798,0.022184286916860266,0.022959699662903635,0.20937926562837725,0.21800881285108378,rain
63.97593688964844,32.42866516113281,136.54876708984375,31.051836310857535,36.53928059405382,47.467995575426215,318.630116421592,291.83242953433694,0.9330070732237105,0.9387144827391156,0.017883065675667404,0.019114510656265966,0.12855857029194706,0.14595472692896144,rain
46.61613464355469,11.751998901367188,142.22059631347656,58.16138238075054,22.464409459286728,27.555469358872653,217.8332567402047,185.18098958334375,0.8427581006843448,0.8662679918533539,0.024799748424215673,0.02571560260374984,0.19274500773997827,0.20546222117902438,rain
70.7955322265625,37.5146484375,151.7884979248047,52.08045430171837,27.29579218969698,47.20446510688858,221.98020833333155,38.433164828431494,0.9451038528734712,0.9904411388976199,0.02008905269148473,0.03839613741404702,0.1553865111172804,0.42294668076786446,rain
27.37152099609375,85.07208251953125,152.9580535888672,33.901005455294836,44.81467090615287,40.45494864679962,264.97765012256735,493.9418351716337,0.9348641579223841,0.8779316336933345,0.015086445078393804,0.013270118569763012,0.1337298244549395,0.1017796584383134,rain
70.59220886230469,45.95973205566406,141.16529846191406,49.95637513097687,47.18480705738303,57.69205733054415,452.2150428921996,246.6344056372685,0.9307116754617704,0.9622588412692697,0.011960939892524778,0.013517072144777096,0.11559193356980146,0.1468190009898011,rain
59.170166015625,45.45176696777344,162.85601806640625,50.63322420487009,43.40213325555779,58.419281055877526,559.1730698529814,371.94405637257887,0.9057946683883568,0.9373063468287495,0.01235107027781141,0.012192328377569693,0.13511380680042478,0.1393084189207872,rain
92.1376953125,64.04957580566406,122.61625671386719,19.268703118884986,30.132933507474178,29.435865155829614,138.81415441177379,126.426286764714,0.945973931965384,0.9507966165226304,0.02018888748166004,0.02047091698613604,0.19808870004026197,0.20450532694902512,rain
90.71926879882812,65.85504150390625,134.42111206054688,26.55038818172176,35.21767353228486,57.78736390706687,291.77927389708236,143.72803308823808,0.949495217680913,0.9751104281728503,0.019615109163260376,0.021069796176733577,0.23176344538501498,0.265867879957616,rain
85.97624206542969,19.466171264648438,134.64260864257812,52.59059247047428,27.23793224583639,49.264140029571074,270.36686580884196,121.0654564951034,0.943593540732112,0.9747517199315157,0.014085688268777978,0.01571481389842374,0.15129500005845234,0.18124176103558912,rain
109.44242858886719,45.380218505859375,173.00587463378906,2.4015934520213973,22.177869731144835,36.10134878798741,685.318014705893,769.7089307598151,0.7690175958324925,0.7411820561708573,0.011018055240613321,0.010422842973237666,0.07452560757971544,0.06473498574587956,rain
17.123565673828125,39.61009216308594,160.59625244140625,13.790560385386861,25.882860748875988,45.56864610861948,135.57907475490603,110.91655943627718,0.9698242848013345,0.9752978245887636,0.04034958311573389,0.039473460582700834,0.3769167447982164,0.3656968943959733,rain
0.0,0.0,150.91110229492188,0.0,0.0,55.35703953610542,374.33952205884765,267.36116727942704,0.9387165727171876,0.9564427214938865,0.016705414500091175,0.015421879354840457,0.20106615756979707,0.1871838089607531,rain
52.01283264160156,70.5411376953125,126.318603515625,57.71346249507119,47.916934474649324,74.6458142321189,388.2664675245546,278.025735294141,0.9615632804098925,0.9725366681189845,0.014971331212928506,0.0157396455750147,0.19489478618738898,0.1888335086207042,rain
58.3951416015625,43.76513671875,164.50274658203125,49.20136030426899,41.85566998325236,55.91941723717925,486.4670036764938,423.41084558826395,0.9112710841381715,0.9227440316896659,0.013088200690900435,0.012086071849113965,0.14059911711996304,0.1266351841991679,rain
67.78947448730469,12.81085205078125,146.3483428955078,55.19542009171846,19.395138743798586,70.97142041173599,1471.5994944855572,2586.128584559393,0.8552035943176004,0.7444912122834882,0.009671605633163658,0.008866065061959577,0.1029326643227044,0.09015491378565439,rain
95.68896484375,124.156982421875,101.49264526367188,2.6994868585613245,67.59627205821087,76.6769517285123,489.933348652085,1238.18638174064,0.9561836422685583,0.8889137187525358,0.029852929621490075,0.0293363854347778,0.2797114933289731,0.2601110767718368,rain
60.69114685058594,29.4759521484375,145.10458374023438,39.076095974421676,19.52792944452351,69.07121705793467,565.3852787990788,825.9408241422865,0.9372435409847207,0.9082716334988533,0.03738974309942342,0.03590277307912949,0.2754636231964939,0.2454003236246645,rain
97.32861328125,149.37451171875,152.04217529296875,25.199837585523774,92.6677521370759,45.22570307423773,191.48711703432988,250.39986213237998,0.9692282634118689,0.9596634524155138,0.038059953781788156,0.035693956800473985,0.44057869954090684,0.34967367491024565,shine
102.49720764160156,128.83901977539062,172.25416564941406,6.667534504796841,76.9445122935095,52.94885742608552,37.33209252451004,643.0736825981218,0.9958306942055908,0.9280934776696655,0.03074422006013705,0.02292974162452877,0.3784364830354461,0.17778741414144705,shine
100.29481506347656,57.84954833984375,156.41636657714844,35.09875569502557,35.412453288928376,72.21669602080615,211.56950061276012,413.64053308827766,0.9753222246521274,0.9517595365000172,0.030107432415919917,0.027662073587741462,0.3459121163431597,0.29379514249149646,shine
80.82771301269531,112.56825256347656,133.11322021484375,36.45194366832705,68.17181173562902,67.41813248977988,112.52346813726258,95.3235294117714,0.9803260401994152,0.9833816223777413,0.02258096368884055,0.021702586712425514,0.3305458610674357,0.30774061122506224,shine
90.63768005371094,118.86709594726562,174.07740783691406,28.188514359757097,62.62412508424732,55.93932220185333,280.22444852943016,570.5955422794735,0.9452014481986432,0.8886157032443387,0.033381461451512585,0.027216750283732872,0.41466431872652654,0.3163192585213677,shine
78.67793273925781,104.42930603027344,215.785888671875,36.53386488982457,81.20466137316153,27.257555997849245,19.43909313725523,29.268198529412533,0.9970185978427509,0.9954943138592113,0.05827690408436249,0.05059805952525673,0.563621611137691,0.47445322920180655,shine
74.7130126953125,67.70730590820312,234.49366760253906,42.3667964307029,64.70639838747017,23.36464502505519,15.17038909313746,26.229151348039533,0.9973529891571203,0.99543939467629,0.075425434042558,0.07134997759957948,0.5685474735683068,0.5396180893028852,shine
62.709136962890625,97.61799621582031,226.6873016357422,42.10341221421801,81.01326365585051,17.779614685664193,51.127925857844005,69.07882965686395,0.9908369522239151,0.9875318819234817,0.02566463111894024,0.02247562937047349,0.3375910721961707,0.2477690189648529,shine
84.22528076171875,94.24726867675781,213.8743438720703,32.90476563669377,83.83571526927103,28.639030974896276,17.536979166667038,43.76064644607909,0.9976256579070305,0.9940447919396078,0.06624378600885059,0.061202437316161845,0.5288746975269074,0.4337479755911169,shine
76.38130187988281,113.95680236816406,173.72645568847656,37.4096206300989,76.86788671393256,45.29420313026737,94.07475490196211,94.04485294117889,0.982625147303472,0.9826018039888645,0.026939360186237295,0.02289911161534147,0.418040738689533,0.3229634436875473,shine
86.16340637207031,113.68113708496094,199.00442504882812,29.143422358916325,70.15243431230587,51.221822700874306,178.62806372549693,101.73719362745452,0.9707115913223839,0.9833456432118544,0.02477298195559475,0.021850315895521544,0.4048164666083132,0.3409778728299491,shine
70.8675537109375,110.79496765136719,199.59011840820312,49.03216530347911,59.30211886762661,68.67813979714886,151.08488051470684,213.97890625000616,0.9805822921113496,0.9725418558600718,0.01953211803626694,0.015328535398757613,0.29936052301960187,0.20237461926382622,shine
102.84130859375,122.14161682128906,185.7696533203125,7.2595463581855375,57.24294382836929,46.87610882258264,19.28569240196115,154.33823529411515,0.9970620180804844,0.9763767103606824,0.02294864860814462,0.014421379278184486,0.37045273027656495,0.17753369226447419,shine
99.5079345703125,134.17555236816406,171.97378540039062,24.699707682504823,65.21830655278549,61.39771118909573,172.32322303922447,183.72901348040247,0.9690105866879822,0.9669291364244119,0.02673008971901399,0.022435522342382823,0.4105822029652304,0.3256076066945803,shine
41.26762390136719,43.38447570800781,203.73428344726562,44.135047204343664,44.308632727350734,55.42909299969007,195.9661458333289,190.08659620097706,0.9731676588380798,0.9739956171864956,0.0856429615746277,0.08513903374884686,0.40428356690585043,0.3305920780210652,shine
56.3994140625,45.845855712890625,178.9322052001953,45.131066070465,38.584970778886195,66.8632087694434,191.27529105392014,237.2396446078422,0.9803884581685387,0.9756937577316365,0.05708269417663355,0.052136936714692605,0.41504031485339643,0.33762750213359016,shine
103.99874877929688,120.95692443847656,188.2472686767578,8.800683200844935,80.26034007712529,61.92928243665097,300.2830729166922,773.7039215687206,0.9743945949889214,0.9341529923318099,0.022740160629933243,0.019607540951067034,0.32086632290163314,0.24978083309395355,shine
96.21342468261719,114.03131103515625,170.81973266601562,11.552525409514015,61.434885646546405,43.678029237401475,23.653170955883176,209.36793811275268,0.9962105024985329,0.9663503490452245,0.022485386657061894,0.01635967017289058,0.3792091818216298,0.2514914704920398,shine
108.32012939453125,88.10220336914062,165.20237731933594,9.537603291485606,61.304421603847416,42.401422482077486,342.83062193630894,739.7072303922818,0.9315800300495611,0.8522362308490682,0.02467367761830207,0.022710163558622123,0.3825353164888876,0.3130237056705492,shine
89.02647399902344,71.07554626464844,151.59320068359375,36.43798640771283,55.415252173920514,46.7199020568632,74.97458639706431,87.59610906863273,0.9867456867742862,0.9845087509423714,0.029082370845829743,0.029932988058029242,0.3667116692339515,0.37079352106659197,shine
105.91427612304688,142.57579040527344,166.9670867919922,4.184854434927158,61.52361576723392,40.877222591009264,25.82670036764818,14.992539828431754,0.9941379641147002,0.996604941990315,0.037684376179093274,0.04710526761264882,0.48922840141288854,0.6061225180400753,shine
104.18528747558594,144.04954528808594,208.53038024902344,9.00872299830448,56.65023923339558,27.946570922173034,73.26499693627949,49.12080269608067,0.9833927785266631,0.9889096864194132,0.02649735570465916,0.02933702534395558,0.32850737967370935,0.3883051201206263,shine
105.15695190429688,128.15585327148438,184.40887451171875,8.075948306602108,66.49579717387421,32.105271701820705,72.33590686275099,34.144041053923324,0.9859268625943332,0.9933659504665776,0.03277178597760123,0.03974838327717059,0.43802271703502976,0.5423015429811948,shine
103.13504028320312,116.63623046875,187.8845672607422,5.296864764079188,77.28837345764326,60.887704483259306,54.08586090686355,191.57500000001,0.9952945577218523,0.9833574720538846,0.03140939344142372,0.028531107094217207,0.39479474325916086,0.32474478308467836,shine
105.16194152832031,103.09150695800781,163.1327667236328,13.533693618303193,53.50575699290557,40.82012668108455,21.589920343138086,13.967264093137626,0.9955023258081994,0.9970976377021937,0.04367623837974811,0.0474106062779444,0.5379774124052682,0.5882801173764957,shine
103.67510986328125,123.15487670898438,199.12579345703125,15.155195094172237,64.29641863653302,38.83719731763081,50.41135110294437,40.200612745100564,0.9924603328606715,0.9939791278415653,0.06900880827705373,0.07837909976098896,0.5523573949139978,0.648829392075491,shine
97.60655212402344,98.48564147949219,184.51438903808594,24.28843363037501,58.012539854803414,34.288498325509586,38.28356311274609,15.007889093137544,0.9908657825851168,0.9964231167200873,0.030285459169818608,0.03509998494568677,0.427710594916338,0.4990034083526778,shine
105.45747375488281,97.9273681640625,183.22027587890625,13.380220327433467,43.33849516133238,33.6660523028505,22.402297794118553,18.89670649509897,0.9948812001619839,0.9956882844611515,0.041760824747082426,0.04577208189374633,0.5430051704356889,0.5845613381985394,shine
104.09994506835938,125.734130859375,142.1750030517578,7.429771046251485,69.56784538808074,45.41037279686261,44.66026348039457,35.73910845588295,0.9934694073231074,0.9947730053301651,0.030808444826732857,0.029062845821693977,0.43279442590703326,0.39216350523870447,shine
105.94331359863281,126.17047119140625,156.24398803710938,31.116316699567744,93.13066434048795,32.358229282648495,97.98077512255703,99.0437500000078,0.9819690182663833,0.9817625435016892,0.026785722867584467,0.026291660676028734,0.3090151858499773,0.30579971541652695,shine
110.037109375,128.73809814453125,160.68081665039062,13.698455049597733,60.9272691126841,49.83367038479688,78.57861519608369,47.89981617647352,0.987607502824344,0.9924476026975224,0.03262401762111365,0.038354570048051914,0.4365276348065691,0.5360800583815268,shine
104.85237121582031,137.78030395507812,183.0317840576172,10.670521375302735,77.54818397391232,45.38423483852266,155.03003982844456,76.65752144608436,0.9808803088314223,0.9905528699462032,0.02955387464911009,0.03607766048976809,0.35630326056110817,0.46432093882008846,shine
110.52885437011719,151.80149841308594,141.21292114257812,2.5650159035533076,50.02340161178894,34.40062230864158,50.40485600490482,36.20801164215876,0.983981823475298,0.9884821360695156,0.04986712183441511,0.058139773428030644,0.46952145481253044,0.5360293721267438,shine
104.43309020996094,113.98106384277344,130.3804931640625,9.71301343629209,61.91781996438244,40.044014179797074,240.40620404413986,187.87673100491864,0.9395659630134833,0.9527673844006226,0.02013917177399614,0.02035420218474888,0.21096558805022086,0.2204489159554194,shine
75.00166320800781,83.37980651855469,185.6708984375,41.46816362024604,64.704963160708,38.870379489197376,59.391835171570236,107.82417279412094,0.9899750200141769,0.9818753736034009,0.023473208752468683,0.01899770758581276,0.3747023800932663,0.30084782923439957,shine
100.54571533203125,104.47840881347656,214.7099609375,12.354099101132578,79.94377004969283,9.919817805847469,14.479978553921688,14.555269607843323,0.9932895620509862,0.9932514097595363,0.04747159108148956,0.04151313981979894,0.5231131942949734,0.4624905347035109,shine
105.20655822753906,127.40565490722656,158.99168395996094,6.013015390332717,40.38806444832899,34.82313415562457,29.14626225490291,23.189721200981193,0.9918257137478805,0.9935013553462337,0.03742809527298144,0.038100567676029644,0.4047997239504231,0.4144658158064874,shine
102.76980590820312,156.659912109375,181.97434997558594,6.093618903752048,79.49315706191325,61.26048293512231,131.73745404412918,62.23990502451381,0.9881028241984611,0.994366326553611,0.028471483433192828,0.03116743691932873,0.3438933979887678,0.40976257669148086,shine
99.09320068359375,114.26351928710938,173.743896484375,25.37352992123539,65.1731682150925,41.205483117757524,3.8736213235294916,1.9875306372549304,0.9994985162794692,0.999743305038855,0.050277071338861015,0.05427023806207719,0.4984690141980251,0.6148147088482664,shine
106.50495910644531,105.53619384765625,189.1764373779297,13.483646455805413,48.912462188478884,29.494371518521422,2.2617953431372935,1.1560661764706024,0.9994740893152549,0.9997316862464849,0.04708295963628628,0.056896147805306614,0.6372423748827695,0.7586407359296686,shine
108.10591125488281,143.31820678710938,176.50770568847656,1.4385179712294474,49.57485451814584,27.2658432870435,10.283471200980484,12.491651348039477,0.9971894071918139,0.9965849407463112,0.13239903929174943,0.12810591439652055,0.5576626012321897,0.5589775464915362,shine
104.28727722167969,107.05429077148438,145.245849609375,11.708464517329677,63.20225379322625,38.992878752022925,44.032552083334856,30.874969362746334,0.9910431874466624,0.9937173278126812,0.027655765678019605,0.0297461989442147,0.37519539993495993,0.41404355889407907,shine
105.01397705078125,119.7498779296875,198.59707641601562,4.153053276452333,69.41754440468566,30.09873897910582,85.79178921569176,73.98808210784469,0.9838648715923248,0.9860809871729663,0.032197143997689553,0.031436721766715386,0.3426939303701078,0.3414447887079822,shine
104.77043151855469,138.03887939453125,184.33912658691406,11.294147010126544,77.65936304351409,44.85319986852815,149.14546568628685,69.4425704656914,0.9816351217137282,0.9914615468551368,0.029297576845056503,0.037348662533758153,0.3527836904868598,0.47695033467935455,shine
105.51333618164062,125.97724914550781,180.62330627441406,5.693407742849389,64.91936845041823,33.784245403105004,67.71458333333817,45.95215992647334,0.9863904535786759,0.9907807189407255,0.031635695474015006,0.03490810692310005,0.4408231853018794,0.4841627964081675,shine
87.65003967285156,147.65374755859375,217.5802001953125,36.262009868160945,81.92227497797612,24.75825146165289,20.547349877451538,69.7032628676495,0.9942274684249468,0.9804297944997148,0.03760530693485828,0.03241120575476715,0.5020553199426473,0.41444027164187314,shine
108.30625915527344,101.28120422363281,208.2493896484375,6.353080702065703,29.645153465848555,21.815841454048343,31.411764705883733,19.145174632353758,0.9826977358286695,0.9894743603128182,0.0971345989128107,0.1078724954120586,0.6683538792816676,0.7436295581744559,shine
104.36724853515625,138.47186279296875,184.50010681152344,13.315423098157897,79.13101979622745,44.32094253571574,208.45278799021432,102.1310508578522,0.9746613516136721,0.9876025475262863,0.03119368333558546,0.0382015856431775,0.3663114010767513,0.48255460496436325,shine
103.32499694824219,61.69718933105469,196.3610076904297,28.04104083046319,48.699804468138325,38.87858892114281,156.46196384804884,120.94882046569505,0.9746666421559497,0.9804474194713034,0.04549190180161974,0.04685272387559822,0.3299871358693893,0.3526541165147822,shine
81.4117431640625,100.85563659667969,180.52418518066406,24.769665705230643,89.74436768758419,43.65196215340911,191.63111213235663,193.64649203431347,0.9658032203496123,0.9652591886489114,0.02927830754539222,0.025451914491907483,0.3622010131952513,0.30652113119035085,shine
107.458984375,124.51298522949219,231.51431274414062,5.111163185149209,70.73632345475367,17.437184353349565,44.43031556372662,28.531587009804586,0.9922808070951791,0.9950268760842417,0.025701153332393856,0.02560773765286436,0.40357976265283135,0.4150032207962025,shine
98.55412292480469,99.83851623535156,155.09144592285156,19.75045660953646,62.36258453373428,63.9193413972625,84.52509191177013,68.97945772059118,0.9895949905513713,0.9914718178672356,0.0222925533230236,0.021089333056002742,0.3394834186091957,0.31576537998793647,shine
73.79801940917969,84.36972045898438,123.78662109375,50.68659438114871,70.1225028096407,80.84415071326923,66.02236519608381,229.00640318630195,0.9917401081555525,0.9713275732595196,0.18170599096369142,0.1804257012908768,0.5847111937366425,0.5593027464821653,shine
86.50750732421875,102.39857482910156,209.26174926757812,29.84403895536561,63.85506476917037,27.800903358619433,12.827512254902258,38.06000306372594,0.9973739028842715,0.9921971511016686,0.035870959734370524,0.026933980799637335,0.531289526492564,0.3531494254193251,shine
105.51754760742188,127.73905944824219,157.93614196777344,6.475871943087714,39.58898418367716,35.16026490836117,17.509298406863223,13.396047794117969,0.9950679485149865,0.996229706196275,0.04905934238050584,0.055649421589340026,0.5638101409760343,0.6347357006042618,shine
107.77374267578125,116.77497863769531,208.74574279785156,8.972904580324721,67.66632144495065,20.101048711582912,37.0867340686291,24.9270986519617,0.991354750578831,0.9942021322971625,0.03409697474880868,0.04005652364947104,0.44642853657885395,0.5264069173215176,shine
81.82708740234375,111.87455749511719,190.59292602539062,40.07195877166507,95.80569692545588,37.12511386645912,16.400719975490386,49.19946384804021,0.997987282474329,0.9939526316723851,0.03287258418950087,0.025973169901449905,0.4759397495112974,0.34697198951633795,shine
77.11030578613281,80.219482421875,109.4385986328125,52.71920175221151,67.82886050716806,64.73139255242702,441.7127144608501,238.76636029414718,0.9377024023799816,0.9663538555495312,0.010290629332811876,0.01173705797879252,0.09777099527923899,0.118174324944732,shine
89.0677490234375,55.52796936035156,153.49951171875,38.98021708677779,54.08564306795526,49.60009878585192,356.23946078433823,187.8362591911804,0.9299215062751535,0.9628641236776436,0.014980587755061475,0.01765492581807559,0.17774104710551938,0.22846754580796394,shine
87.9127197265625,77.42877197265625,211.17987060546875,21.32940299114244,49.83629687914938,33.29831705630309,108.13137254901801,11.922380514705996,0.9640746783837539,0.9960496918473455,0.040149717810257425,0.05048242927156806,0.4558735797453376,0.6128932425596851,shine
103.59321594238281,40.87420654296875,221.33517456054688,17.38712312414505,28.582945725689832,26.60580843145545,20.410340073529728,13.409252450980576,0.9916680511126726,0.9945238312840597,0.04099795184936044,0.04544829852683967,0.43556788078908965,0.5095690641411502,shine
99.2548828125,70.93522644042969,166.17665100097656,27.114731334781116,57.69593242360118,44.40404424572161,216.06295955884187,94.50214460785004,0.9598672434517868,0.9824347861989622,0.025958366809819403,0.0250089225407643,0.4237932727349519,0.3883165638810676,shine
108.62451171875,164.23046875,154.7679443359375,5.064070069596642,60.61796972667577,54.39634252727436,74.54145220588758,98.49459252451764,0.9845928224548522,0.9796043858014216,0.047959957249063774,0.038642586641324396,0.573439372334267,0.4959168692049673,shine
84.27967834472656,144.02059936523438,172.18832397460938,30.220866343760502,71.31328807033427,49.42735642962916,241.6454044117797,106.68526348040045,0.9542004457642825,0.9797381955247282,0.016947110468653735,0.018598725301098355,0.20601030717558697,0.23184013106334073,shine
84.67349243164062,123.28921508789062,204.56521606445312,34.611426247553496,56.45545543292336,41.38709080371578,153.8513020833349,61.09249387254998,0.9470782249728907,0.9789364583296845,0.02387740165316764,0.024086506809142354,0.316699636101127,0.3042568373499301,shine
84.52871704101562,149.0015411376953,200.1171112060547,24.786394569430165,86.27162733794918,42.147501323935664,123.53978247549713,76.95844056372732,0.9799823208872125,0.9875087893270902,0.02632545014281872,0.025584281711676326,0.31858496019559895,0.30933911853291235,shine
79.41085815429688,138.00930786132812,220.63397216796875,36.467797950711564,84.68539787107615,37.129127498922685,70.37297794117694,112.20433517157026,0.9858948919650605,0.9775372783381622,0.029509639077282088,0.027586402564152162,0.36099414870413477,0.3031729594843319,shine
85.22567749023438,152.91085815429688,194.83026123046875,30.09308024862342,99.4545000973813,27.344063007674922,16.45716911764749,52.4387867647079,0.9978169593700538,0.9930213375272877,0.04731112891000733,0.037813795271899715,0.5796763757550105,0.4338774842767159,shine
96.41551208496094,144.96495056152344,202.47227478027344,32.02620868064584,61.34284910968277,61.112804686050815,48.40968137254994,107.98872549020182,0.9922081789450037,0.9824837097877618,0.025879303451651445,0.024137247793295808,0.3244955461309275,0.30869310772214614,shine
61.612579345703125,146.66009521484375,205.9489288330078,33.62309206166805,72.23389699198803,48.49734396432758,93.7549785539215,17.316773897058876,0.9831959078050004,0.9968985102684144,0.05123256151755392,0.05251622852334008,0.44867078030248386,0.41962289199070585,shine
79.68284606933594,73.83517456054688,224.91383361816406,32.28178529823732,63.28113758135306,30.653967889193588,7.813587622549113,38.22401960784314,0.9980303547844682,0.9904172186130342,0.04733985931717772,0.045740473763623314,0.5176623711143578,0.48657895896049125,shine
90.034912109375,140.47706604003906,177.96975708007812,29.297266695583037,64.18764020006813,46.47531655083761,66.16844362745415,63.843397671572056,0.980553446305241,0.9812651000311361,0.06310437971788349,0.06030818046082774,0.4721982758851645,0.4451739490880051,shine
97.88211059570312,80.76022338867188,197.10470581054688,24.389101986171408,41.20551618486808,35.55934523468352,72.691758578432,55.333241421569056,0.9732646025251163,0.9796736332798232,0.04669955120923759,0.04625157501343242,0.5946919591302003,0.5626535599091049,shine
95.6370849609375,109.00924682617188,205.96237182617188,43.45553674198257,72.07796351626797,49.06632325011318,236.55559129903213,230.87636335785695,0.9562812770609735,0.9573219419701253,0.021074623637207784,0.0191860259180646,0.2875624709146087,0.25310729664116205,shine
81.64820861816406,136.75381469726562,205.29527282714844,28.963811051236885,71.81018413757822,30.482039663679558,84.30156250000097,44.75217524509796,0.9773251164154653,0.9879638584435686,0.027524602561260898,0.02342879029263857,0.38893212638362656,0.293109482639216,shine
105.33053588867188,126.26953125,233.27357482910156,6.312200173180496,46.28035338033612,12.466303505733435,22.057261029412373,15.76743259803956,0.9889901920890088,0.9921183052269453,0.06086655903115684,0.06565948735000067,0.5335425895559975,0.5978248405022876,shine
85.6759033203125,82.95590209960938,146.38682556152344,37.67044277288889,52.70094116022985,42.24760413699227,30.80433517157082,92.91188725490926,0.9933334660143921,0.9798998549785747,0.03565312060964933,0.031157990328481964,0.5328599773465985,0.4475337777867498,shine
66.78169250488281,152.0565643310547,203.58615112304688,36.211566134196495,88.93674830070864,53.55749012411013,121.58089767157496,147.3946078431441,0.9739271359346856,0.9682700861871472,0.03673114117092735,0.033736368730521035,0.3359042698824452,0.29816498118637536,shine
70.04884338378906,156.51422119140625,193.92156982421875,40.37291542597345,67.2715899043256,35.088086886909466,24.347212009804604,129.42126225491245,0.993592312698486,0.9659460079748744,0.04167761213421336,0.037040311303676576,0.5099118008804951,0.4453009591965941,shine
69.71871948242188,86.32022094726562,149.93675231933594,26.595174892440422,68.80163896994884,63.57109965447147,51.516130514703,56.658609068626866,0.993965815076132,0.9933463709560553,0.02771140129282923,0.025838735436943677,0.3715067519418477,0.3382561619517209,shine
89.00871276855469,158.68211364746094,155.8931121826172,29.64914618126623,76.06360178177137,53.50693021446792,81.70136335784939,84.27450980392766,0.983883872007706,0.9833805544662096,0.03240580600093527,0.030238549594663308,0.38876923599164537,0.3497104403338963,shine
79.25045776367188,102.04167175292969,198.10455322265625,36.15070354917069,75.54228463247142,38.77837324418637,124.79898897059168,58.601286764706416,0.9829150733460829,0.9919889520308847,0.034533296636278535,0.030827969901228693,0.3475823190880082,0.25431707026716505,shine
75.87763977050781,104.61058044433594,209.01539611816406,28.45803950934515,76.63144880714273,51.56392035586881,108.2826439950976,69.85479473039243,0.982108815582478,0.98839472439284,0.0327809214234017,0.032152034665252766,0.34231368158913833,0.34151700386239814,shine
75.84455871582031,91.93069458007812,216.0045166015625,41.68315090746566,76.27823556032395,39.34947295810681,81.39666053921594,40.90350796568583,0.9882834579926738,0.994116546329329,0.08419627834430933,0.09081358011257766,0.4420189676132177,0.4900405280605276,shine
73.52842712402344,130.18832397460938,189.58767700195312,39.88778683173794,62.34500381844244,55.638411333116046,136.46844362745665,122.52591911765428,0.9658944533506397,0.9693971488591785,0.022253460837022176,0.02055681325848592,0.27152771970169537,0.23888211892086217,shine
73.22120666503906,129.51992797851562,181.52774047851562,28.318461191369217,76.91968082479394,47.49846342597972,54.42916666666716,102.21303615196803,0.9911561293751984,0.9833955489120549,0.022803898160126963,0.020482331060319468,0.3735858919911874,0.33169510046509737,shine
90.30984497070312,184.13638305664062,221.35516357421875,25.68264532707785,80.00856325173683,27.80997432260284,36.772120098040645,47.875030637257545,0.9909531208751811,0.9882672729575855,0.05477190722224227,0.05388273149474183,0.500400244178736,0.46280522764441967,shine
78.70558166503906,128.06216430664062,212.3596649169922,26.81618979742024,67.28940953340904,47.22956290520611,90.07280943627605,68.12519914215831,0.9813751242823844,0.9859005314098406,0.029622613432302443,0.027849559617390964,0.35013721363790107,0.30215453099888784,shine
69.33757019042969,166.10910034179688,150.24795532226562,36.595962196347486,79.55077980494222,68.96386443986754,133.93990502451885,129.2821384804024,0.9774237194854158,0.9782157684150526,0.02645823426583852,0.028982274350719595,0.2986988053163056,0.3461345065503078,shine
105.99421691894531,81.77450561523438,222.03460693359375,22.50337458696119,59.457432196041665,45.347648596904676,387.0691176470799,1840.1598039217536,0.9484379366680409,0.7542529572426683,0.03600979897419202,0.03156774049237387,0.34384544757085767,0.2519625162911457,shine
86.06587219238281,137.53878784179688,195.0249786376953,34.967868689181515,66.84028918581055,77.49118878980318,99.27043504902099,59.5179840686275,0.9868534933514759,0.9921528977216666,0.0276298359600208,0.02890290113944153,0.40184935250737835,0.42801910494604684,shine
105.40635681152344,159.18911743164062,218.19581604003906,4.407083309514576,60.259484531915206,24.908043187473588,60.42700674019957,30.416513480393316,0.9880613762413379,0.9939874261539496,0.027409720735240114,0.02983319115871747,0.3875031963971562,0.43973615518421166,shine
86.49363708496094,156.5664520263672,165.5745391845703,30.051657730728845,67.83424444829012,52.59433806316552,55.454151348039815,59.58089767157051,0.9916509739462039,0.9910283458023045,0.019660504998676394,0.020882469583568312,0.2977037195361918,0.32994418993816,shine
74.09803771972656,141.36180114746094,162.76658630371094,32.52788089778117,74.85609794377591,42.448011571584196,90.01056985294481,67.27133884804155,0.981431523613894,0.9861231971498409,0.03314577019143814,0.030784968663028357,0.36921773174513534,0.33095402881672525,shine
106.49534606933594,65.95108032226562,246.44476318359375,4.675264925138066,45.44713617977766,9.543908124691415,8.017141544117733,4.970542279411793,0.99667886310045,0.9979447508531167,0.04540757590197762,0.049246466384888006,0.5166103710214539,0.5772213046552594,shine
75.98983764648438,63.23930358886719,225.67318725585938,37.455631962639636,52.05704860863858,33.14746721229879,31.876807598039417,66.56715686274394,0.9932912954273623,0.9859734750219548,0.07463992304683419,0.07119972058210038,0.5775321950975709,0.492547036541111,shine
77.1064453125,147.26864624023438,203.341552734375,27.320871968659212,73.4280111695448,43.131091883825164,53.88327205882371,42.34264705882426,0.9892629902796889,0.991516291699093,0.0230125887677928,0.02183055174102377,0.3410793680779528,0.31500568667368867,shine
73.74443054199219,129.94424438476562,180.93807983398438,27.865548750687438,77.03268534224893,47.59770172853258,48.66344975490303,91.31715686275052,0.992076702509008,0.9851342440583388,0.023399131977765265,0.02088333763870922,0.3883082040066205,0.33860609379072387,shine
101.76261901855469,83.31979370117188,195.48959350585938,15.141506835488345,44.24545657241194,41.38829300015402,24.19322916666726,16.035615808823664,0.9950557737881799,0.9967341324393184,0.026393872851019594,0.028158429140527578,0.36359076016856157,0.40696271698907177,shine
92.63969421386719,89.09567260742188,172.55914306640625,46.269325812695584,63.817716664556244,74.18272694469523,675.1961703431989,215.16257659314843,0.9244073277140764,0.9759370290570274,0.028287066115960678,0.031784490861394725,0.2589452341781341,0.3185840020886278,shine
108.14823913574219,98.75093078613281,212.9408416748047,3.7850511482366023,55.00322220719587,37.6584428747468,25.96424632352984,176.8109221813805,0.9957628319038537,0.9711086718970727,0.031692479874755076,0.026805602166599676,0.45853016866006324,0.3766292132965274,shine
88.66166687011719,120.58151245117188,207.06781005859375,33.63689433788599,48.79583222156287,36.51874064303663,9.972334558823503,52.83011642156862,0.9974340639200118,0.9863753854254999,0.048062123442453565,0.03300723109262986,0.6729261853487248,0.4402364837312166,shine
92.33171081542969,80.77778625488281,125.93931579589844,34.77393772163753,62.65090655076378,66.66324119579794,100.10494791667318,124.39067095589297,0.9890800203459903,0.9864238428006562,0.020752373079950124,0.02019447458268591,0.28965255108264576,0.26363213781431855,shine
77.13327026367188,149.5137176513672,204.2969207763672,27.234836669095145,75.5157856050425,43.046906054784884,58.706571691176514,44.36047794117742,0.9884724238146553,0.9912432188643823,0.02304081217009239,0.021598129359327846,0.3423494195183223,0.3146733562166521,shine
73.58030700683594,128.42552185058594,189.27415466308594,39.950759972940595,60.93527270470739,55.62622004005252,132.6914981617725,122.33242953431738,0.9667948669411239,0.9694026341415464,0.022228442197538868,0.020674702555820115,0.2726697298329988,0.23868978621449732,shine
91.79933166503906,87.23118591308594,113.95442199707031,29.568802081926897,43.91795090942176,79.78601379000074,175.76994485295228,60.58022365196273,0.9792707114140853,0.9928511127244121,0.03685368719045883,0.04133364672407034,0.38616669188179004,0.45727274856930655,shine
82.5347900390625,155.81057739257812,149.3341827392578,35.33452470098598,70.12956307348942,65.95785564795945,125.65658700981447,122.48354779412823,0.9710683736938155,0.9718071667148594,0.02923352455586272,0.026165493702147106,0.3367591496966015,0.30583537588957155,shine
89.71897888183594,158.66712951660156,170.17718505859375,30.75313730355049,47.50691276127605,59.352778598637144,37.989491421570484,40.292616421571026,0.9873973096245566,0.9866565536439877,0.04724383667136976,0.04697544590303998,0.4705243397312062,0.471246927387426,shine
100.69374084472656,111.37712097167969,187.07435607910156,17.924565271399985,57.441282920109565,26.941984977865385,34.948805147059495,21.112699142157517,0.9904019226341146,0.9942036111626134,0.03605760700193696,0.0405495555988532,0.4456509968847062,0.5128962456422691,shine
107.755615234375,49.66705322265625,193.03919982910156,16.42219831872498,24.791816019820814,27.81447508119367,35.7506740196081,48.3141697303926,0.9845449871913099,0.9787810292105417,0.03624208554757921,0.04015608941530302,0.4217290511394586,0.4912816357700052,shine
68.39138793945312,122.74131774902344,207.9617919921875,30.18384295107738,85.19921647188836,44.76495185315982,245.75739889707205,37.704610906863344,0.9541056364651208,0.99292077843627,0.02961763622968005,0.02878214176439879,0.3839128468698699,0.3846679683691142,shine
106.05140686035156,97.66145324707031,169.812255859375,15.514824360502695,62.761316461510134,52.716142391506295,63.5191329656884,127.20431985295103,0.9903457377319967,0.9806910480653773,0.021278596400935514,0.020279534156912256,0.3496279754782359,0.3281411845686024,shine
107.74862670898438,139.78358459472656,213.65133666992188,5.20307056501269,62.82235881268191,28.738692750051598,26.97979473039317,229.87693014707068,0.9955193554507851,0.9617071052619747,0.02227040266610048,0.01654522395538634,0.3697880494196044,0.24814084936011854,shine
90.95851135253906,165.83082580566406,206.6917266845703,30.06248076119679,99.2346932445947,32.88436627520414,15.184880514706398,44.845940563727474,0.9984509462753104,0.995408650107231,0.057984304282600686,0.04738356669428734,0.6587027239800458,0.512815378500631,shine
83.62255859375,144.79629516601562,172.69546508789062,31.05087771672467,71.94527013955742,49.1581664731006,233.1376531862882,99.5613664215757,0.9554265736290739,0.9809290871847607,0.016951232800990656,0.018980539764240745,0.20833067416366807,0.23706496490952075,shine
101.24424743652344,108.60075378417969,181.75819396972656,19.462611945008263,57.51575456122643,75.03898798431342,73.34655330882421,44.10099571078437,0.9914789268858438,0.9948889092059261,0.02323040432707139,0.02606667358303784,0.34851077895745575,0.40180297110115887,shine
73.50912475585938,159.47535705566406,166.6132049560547,33.87448210787467,80.72555296656999,73.02086729234463,157.7061734068744,104.69526654412493,0.9768899003681811,0.9846566794235717,0.021501580404454632,0.0240605512528107,0.2725279065758855,0.3351398945785082,shine
75.27813720703125,190.54052734375,152.7604217529297,36.8589184086642,74.85144960143893,41.77585543711569,84.82236519608207,87.4505974264765,0.9844922509530236,0.9839584423174492,0.21290647969883397,0.2170190902514973,0.476254466044573,0.5139481782226952,shine
68.47660827636719,122.97567749023438,207.98971557617188,30.208077160383052,85.46560862724195,44.883697613576295,267.63314950982027,40.145281862745605,0.9501785947762996,0.99248926108402,0.029307945372545184,0.028681226578570897,0.381246209183202,0.3827882026107125,shine
99.20420837402344,91.83757019042969,204.40274047851562,18.874120458593204,34.10937990622574,14.606225673570757,1.6955729166666782,0.6810968137254948,0.9991374796278629,0.9996545215961624,0.05583776395116774,0.06867612934199968,0.6338432081904032,0.7725058086017214,shine
106.12454223632812,45.577239990234375,203.4587860107422,20.392158813790147,45.30187392431158,38.72766034025974,318.5490349264724,113.02593443627508,0.9387025987792535,0.9781797920256082,0.030495147601251993,0.03106273752031298,0.37883412723388293,0.37747413567999416,shine
89.99392700195312,140.50914001464844,178.1796417236328,29.500070237660417,64.17056559456023,46.514420777876246,64.39082414216067,62.499203431374774,0.9810442308517499,0.981629819455833,0.061693038702524836,0.05977396544307878,0.4663740880390491,0.4440308601094067,shine
104.171142578125,159.65093994140625,207.93788146972656,14.817219539641082,64.35759455684973,50.34131006758191,46.0635416666687,105.83965992647973,0.991108344914056,0.9795160730199558,0.03099790031528219,0.025820740539650274,0.4715441231046056,0.38390393025077574,shine
103.87132263183594,115.27363586425781,192.66119384765625,5.708259492759608,74.35748996711555,57.493913032864505,51.826562500000655,145.01940870098798,0.9951950920674812,0.9865827789810123,0.02903560672476708,0.02562054523284224,0.4013131346521465,0.32368264591901064,shine
98.73719787597656,103.06871032714844,153.94371032714844,19.66590564488826,64.58385907853373,63.69487498548895,71.30859375000394,58.46485906862865,0.9911379127726414,0.9927027998802389,0.022401540418964985,0.022057815561972286,0.34418950955886735,0.3370848705363946,shine
78.11102294921875,132.3721160888672,176.76553344726562,37.13018499512135,85.2392186665217,34.97807653979747,34.637683823530004,108.40421262255326,0.9938956761912524,0.9807073544899448,0.030656850733789678,0.025474769216311432,0.37746935738375526,0.2922488548425183,shine
47.97251892089844,196.25839233398438,130.48472595214844,51.19877029172691,69.43941050971627,75.20775492743383,93.63923100490793,94.16041666667428,0.9871414109078607,0.9870784696824993,0.02605715865249701,0.024637961035310144,0.370507312038916,0.3350545797382666,shine
90.72279357910156,127.5045166015625,204.02743530273438,31.98310859018278,49.10198803127779,35.77299318611202,13.087668504902082,46.465962009804365,0.996698558465869,0.9882456593025787,0.04400226872734226,0.031596350408327555,0.6394944312591835,0.43667652662805506,shine
103.73773193359375,174.12901306152344,130.8979034423828,12.093487647849452,55.001662655000956,40.03071099484599,3.4933057598039494,2.4927083333333613,0.9992610129352123,0.9994726359905425,0.07078642686757408,0.07200131420718967,0.6870203519423895,0.7100208401301139,shine
76.71820068359375,129.67433166503906,184.0444793701172,38.28734400837417,82.93692048694166,50.54876942671662,162.09708946079127,117.38196997549515,0.9717106618248266,0.9794321451900149,0.029625944304133196,0.022865405594062086,0.4183342908685647,0.30275834462114687,shine
96.81561279296875,100.0968017578125,165.49984741210938,33.576007729613345,62.50930861949805,60.10189686331467,161.22578125000743,59.43123468137535,0.9793200073789418,0.99237104009046,0.021697355509938347,0.022789342944370995,0.35708850481443,0.3672659182448826,shine
68.99101257324219,168.86468505859375,150.16261291503906,36.52591563000097,80.21657753055936,69.15542457626908,150.96248468138117,146.09476102942062,0.9749115436368185,0.9757326365782044,0.026721469660095577,0.028786315789653488,0.2950427614450213,0.3380137643835588,shine
84.58871459960938,155.57211303710938,201.51187133789062,24.997283853097244,88.27135256273579,39.13859010352876,73.89612438725703,61.821507352942724,0.9879503799861687,0.9899013272088779,0.03163988427580789,0.028363171966543876,0.391247053306758,0.3367283696906906,shine
103.70466613769531,151.83905029296875,241.99197387695312,5.237380802511727,84.14958571265653,8.983579939565718,20.517126225490625,11.561182598039306,0.9952512679774387,0.9973241671395258,0.037521807684853956,0.038869635437386085,0.4487819486204376,0.5047206014753057,shine
105.37629699707031,151.7658233642578,212.21412658691406,6.697476244495519,56.59964183938992,33.066678777673324,31.28342524509908,122.97956495098451,0.9943315662286383,0.9776136371476918,0.021647494412262228,0.015102803309438343,0.3178597283727237,0.18649884812720113,shine
93.55233764648438,162.39537048339844,194.18812561035156,31.582487213069985,78.73970129631313,34.913423893379914,61.689368872550155,73.20113357843623,0.9913959161915423,0.9897060898125631,0.03252418967824214,0.030698141475011723,0.31079377371198225,0.3207685086833441,shine
111.63871765136719,145.2764892578125,152.43191528320312,5.244051395643668,63.34495997378907,42.27483946135168,47.039797794121064,24.702236519609315,0.9915185778105454,0.9955504942254169,0.04054321399585844,0.04650674998075594,0.4937518467450225,0.556511649339897,shine
109.71018981933594,55.94050598144531,183.69125366210938,16.01847946896521,40.56718825092244,58.175774407780196,320.0885876225566,261.472855392162,0.9528387428371622,0.9614989684709306,0.02168836354586935,0.02139089593914382,0.3345268446314849,0.33069167339496724,shine
73.73408508300781,53.1822509765625,216.69642639160156,40.06206406773461,58.140365859250984,47.70031284622524,296.32837009804035,216.0741881127427,0.9437130947762096,0.9587974572129085,0.04802923873605875,0.04588549041121926,0.444689556721581,0.3817634935899656,shine
92.02235412597656,133.41604614257812,181.6086883544922,27.856301712410723,63.16176292653733,47.866864232789155,79.06066176471089,62.05874693627664,0.978517430772686,0.9831753298198064,0.06604570932172864,0.06568945390543972,0.4627652227761732,0.4568171779224961,shine
73.35928344726562,140.79360961914062,215.6712646484375,32.61953264210397,82.70660335315293,24.095776416734815,59.04739583333459,86.73650428921698,0.9850390938336105,0.9780315128824362,0.032707965503415204,0.029904999635269606,0.34026341734181337,0.2831327194203586,shine
92.29627990722656,63.27239990234375,241.37091064453125,34.50011104246129,43.93813710811468,22.124211668309542,23.7791053921575,13.914353553921982,0.9911694520283686,0.9948082106944816,0.11190018029594058,0.11569992699889364,0.6314017594273159,0.665957733138433,shine
83.92495727539062,108.18551635742188,190.2144775390625,41.26835731364682,76.87191111165686,60.50341047068716,96.25914522058882,72.15600490196246,0.985561081477322,0.9891416401179877,0.020102922018839973,0.021232548791404904,0.2836876878901111,0.2966507931443454,shine
86.92170715332031,155.93626403808594,165.38685607910156,29.59041621749337,67.49964563063527,52.726535157664784,60.01254595588336,63.2791207107873,0.9909833210368899,0.9904925831097294,0.019441230337737227,0.02080562310654658,0.2946701263152209,0.3283756879052643,shine
104.6199951171875,106.80616760253906,141.91966247558594,12.541123977737248,64.6146877476575,39.886158883953215,25.518167892158072,21.799126838236187,0.9949275780768829,0.995663125282514,0.0334997578632695,0.035840668261525765,0.45318887226270416,0.483704034560905,shine
103.73699951171875,106.11537170410156,217.68704223632812,4.779981135860209,60.50916601366852,28.52226250775356,58.50203737745244,254.04970894608002,0.9880647871706941,0.9479698196234132,0.025097788828181124,0.019762427632362644,0.3471561432024611,0.249976028778963,shine
78.23345947265625,127.99993896484375,191.12847900390625,37.90258953942023,86.85428439360705,42.85664142908427,29.23759191176569,90.5039828431409,0.9942870583838143,0.9821848718519326,0.03304500462311398,0.026467496404656253,0.39947231766913033,0.2811097634007609,shine
86.5174560546875,130.6845245361328,193.15969848632812,27.98589515470916,63.37491001759714,55.14525256029196,96.73742340686404,119.66533394607997,0.980422377436855,0.9757297273790041,0.03669979653492573,0.034075204733889516,0.47824549619525736,0.4541948515371168,shine
73.69070434570312,128.25115966796875,189.59576416015625,40.16837171454966,60.710597180255895,55.57625681361718,136.90675551471193,125.3212928921643,0.9657639317358926,0.9686822345593024,0.021900066136486693,0.020141193283490733,0.26942732962140903,0.2373411271150509,shine
105.67903137207031,187.09161376953125,167.68907165527344,7.044080551405529,68.24223713316202,37.3553049945432,34.02781862745319,33.90032169117885,0.9929518725365821,0.9929883914645248,0.05365749819288173,0.05320109251175013,0.6048294442815828,0.608037236623817,shine
110.25239562988281,69.485595703125,219.32876586914062,22.3252573590578,41.79117922682459,26.368161559144536,3.6054993872549677,3.202359068627497,0.9990974894770361,0.9992008026488828,0.04922716785046553,0.05182620737285961,0.6604294335592322,0.6882743890736105,shine
88.66929626464844,54.868377685546875,170.75180053710938,50.59847269549322,47.30651424559086,71.54548732381114,229.88564644608968,209.08025428922699,0.9671149691114221,0.9701857125309905,0.023531937307815682,0.025002278448146502,0.30530554224707956,0.3292233794493291,shine
63.25093078613281,43.93937683105469,121.77153015136719,51.81867300969495,68.07065794918614,97.66503430187025,10.245128676470971,14.573651960785144,0.9994459650418812,0.9992104416997553,0.1479881944698096,0.14622496032749355,0.6527236972976186,0.6191785023299295,shine
116.71316528320312,74.74627685546875,197.89410400390625,6.602105748026965,48.40113193221658,26.592774877519812,51.321338848040504,33.2320465686281,0.9878510915228443,0.9921176265471121,0.02373589811139027,0.02580966209426276,0.32880017359545916,0.3713099623393717,shine
93.2242431640625,123.28047180175781,206.76187133789062,23.969678328328218,54.56840654775611,34.5629824865177,18.240778186275158,8.80540747549037,0.994413085554451,0.9973006490268461,0.032926767013289775,0.040221673815178854,0.4354730189081057,0.5498077493962806,shine
74.09471130371094,137.37252807617188,191.04136657714844,36.24823733064161,82.58943859307662,55.47713086653159,159.2674325980391,162.74085477941316,0.9772346136933663,0.9766399509678061,0.01960647877453044,0.01613543468275463,0.3040343010555526,0.20895866786592887,shine
106.72320556640625,77.48855590820312,164.44883728027344,15.761815534173987,61.68508395201816,41.13660254741133,322.5268075980665,478.1011335784748,0.9328165027714199,0.9003646322040476,0.024343118580888837,0.02217474371314456,0.384091246494551,0.32272609534626745,shine
70.2650146484375,101.69573974609375,189.75778198242188,46.61042475613209,91.76198863774985,51.867110573940614,70.05038296568655,61.10886948529403,0.991147837932014,0.9922688706922987,0.03539927323571137,0.03420164637107097,0.4046009915458191,0.3963989517861364,shine
101.97697448730469,137.8950958251953,234.63592529296875,6.299705007399735,79.74831623309375,24.04246044899907,4.565900735294215,2.7282475490196507,0.9993795789737049,0.9996291619322673,0.038659381276761946,0.041140513387865986,0.6226900293674231,0.657031144240034,shine
89.80128479003906,157.413818359375,169.995361328125,30.680337821518176,46.58861658215741,59.31155077543514,40.821170343139066,41.97052696078663,0.9863886418618596,0.9860312656954605,0.04669929870757695,0.04640831089468813,0.4666813836132399,0.4728279175126487,shine
104.75650024414062,181.31190490722656,210.7848358154297,3.7183360270829042,57.793205626387994,24.19076223364959,48.709604779414796,27.052466299021418,0.9832642966227292,0.9907125920550198,0.043289558964148794,0.053307650408974755,0.5240813685225766,0.6364097434987648,shine
84.78074645996094,144.08807373046875,199.66444396972656,24.19394412156979,83.03803141471317,43.65980025579747,116.4434283088283,63.09787071078649,0.9813336261782498,0.9898746856196248,0.02547669434305433,0.025116801541710747,0.31174936694067945,0.3103642903896892,shine
82.88394165039062,178.32168579101562,197.55026245117188,28.44414394297953,77.27006810525108,52.40525980685797,49.169316789215436,58.219362745098366,0.9929141669707279,0.9916020253622574,0.028502308098169702,0.025975647555545947,0.47243878311472914,0.4250221527850793,shine
84.70272827148438,144.65757751464844,199.57228088378906,24.316251741535055,83.68362709042025,43.66907827399166,116.65154718137794,62.57662377451206,0.9813156024564598,0.9899665395412756,0.025816925546130846,0.025524221412288828,0.3140683776108939,0.3131859380418831,shine
110.60836791992188,82.74111938476562,174.10679626464844,10.045821207244144,18.4813987755284,28.953993914920268,1.50629595588237,0.6980392156862819,0.9992850445844276,0.9996694017633968,0.06417944230332037,0.07908027959363251,0.6814866547563572,0.7987311279071622,shine
107.76148986816406,50.735748291015625,192.4374542236328,16.452575430102808,24.95529012579927,27.116176207166898,19.142524509804378,12.469209558823612,0.9914760215297165,0.9944636411499637,0.037316134023628614,0.04232687425687461,0.4320082574350762,0.5121119909505617,shine
104.79876708984375,91.07354736328125,191.1179656982422,21.075851832425528,60.67170517668902,41.635187593366965,47.97571997549081,43.33129595588206,0.9880820837969303,0.9892603253904394,0.03736730572145193,0.04237955524596397,0.5500780161125252,0.6247523084408002,shine
108.32012939453125,88.10220336914062,165.20237731933594,9.537603291485606,61.304421603847416,42.401422482077486,342.83062193630894,739.7072303922818,0.9315800300495611,0.8522362308490682,0.02467367761830207,0.022710163558622123,0.3825353164888876,0.3130237056705492,shine
91.24447631835938,165.90975952148438,206.11859130859375,29.789700473132996,99.17122357034444,32.67292680961723,15.213465073529965,44.9301317401972,0.9984390974672502,0.9953738859218179,0.05754831573283447,0.047724970552160254,0.6591481253070105,0.5126731358938458,shine
100.860107421875,180.7537384033203,162.5243377685547,4.331736183952895,61.455096291771305,42.26260191310978,27.447901348041075,17.204840686275183,0.9922378242156973,0.9951430628937677,0.04974497310348962,0.06089080901178314,0.5511149147549788,0.674106446395425,shine
24.708251953125,188.01087951660156,121.54212951660156,3.159143981260133,45.37989755357577,64.8142171640467,52.77098651961029,27.87371323529517,0.9902385863798848,0.9948416412545062,0.03553242399924144,0.04235072477105302,0.45991605311262507,0.5630862441286056,shine
104.04946899414062,92.80073547363281,215.22207641601562,3.2711517357031474,32.28382809875643,22.09597025586049,18.39116115196149,7.54053308823547,0.9884283041655529,0.995282237129737,0.05211949301655641,0.06760286631331631,0.5676668562971905,0.7144873964362227,shine
103.9404296875,74.66789245605469,182.42340087890625,22.06577090906779,64.3306260946119,46.780673888574746,56.36093750000173,131.52979473039795,0.9922465532636828,0.9818980009613667,0.02639719554583854,0.025108242111507077,0.4545286690996925,0.4134143339367465,shine
98.67689514160156,62.44403076171875,208.44805908203125,32.93932179798518,52.29389631271952,27.371663540655277,20.46439950980413,134.56560968137566,0.9943419778284283,0.9627847236298253,0.03740029167168645,0.026471581090677453,0.5287012798042567,0.35546221717147936,shine
99.57241821289062,88.04818725585938,206.79544067382812,25.8081560308329,70.10072968244917,44.22625469071968,56.5194240196094,86.40954350490675,0.9930749923565386,0.9894039950759146,0.06760688666452785,0.06650064512862909,0.533394137606832,0.5013035415339704,shine
95.84379577636719,139.24636840820312,149.0078125,27.843427748227995,95.8887630474985,49.37694227044153,68.53814338235762,91.18120404412441,0.9898944476537438,0.9865211546398456,0.05123992152614586,0.04226982404743142,0.5639036883519015,0.37489804677171146,shine
83.66937255859375,78.92294311523438,157.7919464111328,39.429187889355894,62.91436237573034,38.47931069446986,77.99260110294576,76.6342984068651,0.984948494776342,0.9852387309954997,0.02385772090975153,0.024344928367185215,0.35092233039660514,0.3556373144920386,shine
107.23280334472656,104.92301940917969,200.85696411132812,14.625672476865319,74.15538749162182,19.93499842780488,26.832781862745865,228.23348651962039,0.9931205909859911,0.9411082337134933,0.032916780943087295,0.024319504323154866,0.417010904610498,0.3028131113728444,shine
102.75956726074219,97.54084777832031,222.2173614501953,5.992669397444904,51.26788593349511,16.54336060917147,26.08422181372619,92.70560661764915,0.988851111534653,0.9603986468653875,0.03045712595822891,0.02293056543749836,0.3969744017094929,0.2826581254166211,shine
104.43931579589844,132.9768524169922,193.78941345214844,15.385390656399622,55.26629313991219,27.080399989368406,10.541222426470828,40.40870098039421,0.9973484628419842,0.9898198982599663,0.049811245484452885,0.04413315710223877,0.5414838000401024,0.4710791949035778,shine
106.67929077148438,127.54034423828125,238.068603515625,6.166143171881069,50.59663728084651,23.74394311341882,18.171675857843468,242.6201286764758,0.9949777255132379,0.9328752466374307,0.038634114458134486,0.02833676954630437,0.4739889177463657,0.3073741469051985,shine
103.07057189941406,126.20845031738281,183.2657012939453,6.319492333418111,54.872013695199485,45.535998236190466,34.44664522058908,115.19733455882556,0.9942602525530382,0.9807164435419036,0.020416799761750676,0.014689896814945333,0.3107206417830929,0.18856481667432773,shine
104.17195129394531,118.36563110351562,188.28761291503906,6.247400925488902,76.12323755162713,60.05442957923645,54.69880514706034,170.38685661765638,0.995074099436668,0.98468876884347,0.02676128264458905,0.0227205921599705,0.38036960702567474,0.2919356969236969,shine
103.87132263183594,115.27363586425781,192.66119384765625,5.708259492759608,74.35748996711555,57.493913032864505,51.826562500000655,145.01940870098798,0.9951950920674812,0.9865827789810123,0.02903560672476708,0.02562054523284224,0.4013131346521465,0.32368264591901064,shine
103.22463989257812,126.20028686523438,183.5105743408203,6.139385971904834,54.9118546705989,45.76946985278715,34.393581495098694,144.26708026960742,0.9943091448013776,0.9760224379596036,0.020390269909950173,0.014805015580012067,0.30213750990034843,0.17965365522934892,shine
100.74653625488281,187.92935180664062,219.3153533935547,8.091469191909594,80.67710159622457,42.96724386412475,47.04080882353092,110.46619178922236,0.9929943896800404,0.9835207805486286,0.028598205645108784,0.025327586725314204,0.39829583098481863,0.3356405506636451,shine
98.24720764160156,103.39892578125,201.36734008789062,21.945963991711288,71.71127204388927,48.7853150855676,68.13748468137388,157.7999846813827,0.9913112634189194,0.9799140102922427,0.04937201113278185,0.03974687634320361,0.5529405201467124,0.3929661319715125,shine
106.77705383300781,127.26190185546875,153.908935546875,29.403020611094163,93.70013637443664,32.2738725951025,91.9805453431453,88.12277879902638,0.9828360885182105,0.983545730952672,0.029632290142980716,0.029893513549768606,0.34558481348368153,0.3548311578713836,shine
99.72171020507812,122.68614196777344,184.88204956054688,3.3628174375317106,46.23234580020051,40.779990222980814,18.427221200980863,63.44175857843225,0.9952279896525993,0.9835686742822789,0.031286099946593954,0.021423411296703766,0.47119062534703676,0.2859058480550365,shine
96.48924255371094,142.7671356201172,222.82113647460938,13.924965688776377,52.08093994029266,23.10031785680402,19.69987745098091,54.00173100490355,0.9950748596030571,0.9865095040347347,0.04783602297156892,0.0360339022134639,0.5911504978120653,0.4264578026440065,shine
98.76693725585938,132.93276977539062,210.078857421875,15.558522744768577,68.33896433947056,38.11877600019587,12.273713235294437,81.9432598039237,0.9974111647243125,0.9826226099410974,0.04187101419888099,0.03703896028286428,0.5482811731981091,0.428408920848923,shine
98.508056640625,90.9007568359375,184.5550079345703,7.648100080830612,43.39836586586631,55.59116521891465,8.89718137254893,43.00265012254922,0.9987766193056282,0.9940889195152804,0.04197688546854125,0.03095928337442775,0.5348964423856702,0.37686545357814905,shine
100.81268310546875,118.88494873046875,235.80780029296875,3.288534737670703,49.11725965302387,11.625580838360625,13.658808210784455,45.202818627451585,0.9928048104782601,0.9761666908755482,0.03944142165877563,0.028648180181994592,0.5037063040642109,0.33337867142550487,shine
101.00236511230469,140.13772583007812,225.99378967285156,10.984337933214203,63.2494437919747,17.69884349790353,12.96829044117676,19.512699142157334,0.9959965773440891,0.993985286248447,0.04402859744984345,0.03456979979648452,0.6053448788832124,0.4882822204863581,shine
100.7235107421875,113.75918579101562,225.48049926757812,2.926420091116327,50.19663839903651,14.798508913377916,43.40203737745202,103.58072916666843,0.9780754617478546,0.9475206193724812,0.027395158531090837,0.02180535995855336,0.3385304194815495,0.2551700127535486,shine
101.61672973632812,107.58248901367188,229.69850158691406,2.2961142763850555,61.140479259714226,14.15401520546021,25.709574142157557,26.357981004902655,0.9901623240494768,0.9899059198376976,0.03711903522784442,0.03659571044759511,0.5002736094941366,0.4788992410125183,shine
103.39234924316406,132.15463256835938,155.5072479248047,15.099181037526696,82.48953429947694,41.389243367215045,91.34209558824088,128.63495710785315,0.9858387581271327,0.9800384544218367,0.034626760323298034,0.035345356965328936,0.4977550877326724,0.5088748422610068,shine
99.305419921875,121.71168518066406,135.29379272460938,22.40958079582836,67.89301964763771,65.06559674985733,307.8900735294406,508.5374540441777,0.9647540583034627,0.9418593689280406,0.024021290586221693,0.0235173961402462,0.35111048749833684,0.34124005539953406,shine
104.98167419433594,120.85676574707031,221.17543029785156,21.734663189583856,59.85603512681163,25.696253735167684,71.03265931372991,35.50392156862821,0.9855032311951659,0.9927411106081538,0.046522882155148645,0.05410000196077204,0.4074793011815919,0.5283456083430936,shine
66.67459106445312,116.37266540527344,173.4375,46.31511666698281,46.85803784784222,41.778290991189806,39.35890012254969,94.17650122549678,0.9914474930941062,0.9795586026153674,0.03285207428660297,0.03266142068731104,0.42487527951525134,0.39107282792096,shine
77.83828735351562,110.20156860351562,176.14134216308594,47.875722244332266,65.92066849549539,28.349123208225695,32.79713541666773,126.69511335785305,0.9894940896076629,0.959403411606692,0.05112424895836582,0.043077123009330864,0.5369391702103095,0.4250910478240053,shine
73.2261962890625,129.29454040527344,191.1174774169922,40.32753036822541,61.87274591046868,55.705020367550986,156.70497855392918,141.73166360294607,0.9611336239412988,0.9648672851201221,0.02238472929072864,0.020489372868906675,0.27195385989691023,0.23359749598441737,shine
71.10302734375,167.2194366455078,204.13861083984375,38.30339170719276,71.41462820976443,57.77223640928565,239.46133578432426,220.00166973039845,0.9551512130896742,0.9588400791842308,0.02050162940753701,0.01975980328978616,0.24966802831850984,0.21149718121160643,shine
76.26351928710938,169.81455993652344,128.86102294921875,36.812231200172185,62.957688833821834,64.4364064724324,437.4302696079152,443.2393841912572,0.9187806930095981,0.9177634217235584,0.021954650235930923,0.018664438473912116,0.2656330551093174,0.22987994392850664,shine
74.85212707519531,166.57774353027344,179.65428161621094,31.688393234751715,75.82943095211533,65.03352642290979,1194.6295955883563,1106.8871323530307,0.806413181937335,0.820692908510519,0.010851244699620373,0.01047645175961045,0.11690607671705995,0.11004471523398197,shine
89.71444702148438,96.12034606933594,167.3890380859375,29.50972733849237,51.10087211305886,67.60281827175334,840.6490962010508,585.0138020833758,0.8691306517703047,0.9085963858957241,0.02249186394984793,0.02041437449066264,0.23666151773129432,0.2009736087817832,shine
68.67562866210938,105.77133178710938,175.69691467285156,39.034091332639505,75.75832884452514,42.728897475193534,32.913664215687156,73.0729473039237,0.9955939689711553,0.9902174222140435,0.044358011992679816,0.04239876467131715,0.5288695431950918,0.45484613596059037,shine
89.72116088867188,48.98057556152344,179.98452758789062,29.719238917508154,34.72685519787753,31.527659140473798,44.59480698529563,58.58331801470723,0.9832046340785116,0.9779311799050505,0.03569402089917961,0.03713764993937788,0.44546623483469705,0.43541768504188944,shine
92.4051513671875,84.81828308105469,175.85580444335938,26.9935510975491,46.74228787106307,60.44992103186432,453.988342524524,433.0539981617871,0.906630055617954,0.9112237669423315,0.038471199577475815,0.033005874954010334,0.38098963734894364,0.32897738922391945,shine
89.32742309570312,95.23162841796875,156.78407287597656,26.113515903025622,82.4026136299184,66.31578643050278,258.0785079657033,414.5271292892715,0.9722750203614331,0.9554796566643542,0.029055184378130774,0.026348640375897316,0.3847869659689334,0.3304913050733343,shine
79.87136840820312,124.44279479980469,148.5200653076172,33.94864942326266,55.12672882312988,61.784511743063426,673.7312806373163,451.3080422794453,0.8771513094723377,0.9176364239829805,0.015054992437780046,0.014844544365774641,0.19040938155013093,0.18298295687849897,shine
94.68202209472656,67.19894409179688,231.5954132080078,12.220272604860723,38.43130114024665,29.316323071274592,28.58730085784341,56.712530637255746,0.9900304866328851,0.9802777883797248,0.03176651959861491,0.03072491671366448,0.34615706194210427,0.3219242013651199,shine
83.24067687988281,124.82147216796875,192.94302368164062,36.28028831366819,101.34772973959421,43.00103248428776,234.92238051471662,244.7901348039327,0.9736864617992014,0.9724990966181195,0.028723711164084953,0.02679547169711932,0.37720624642111306,0.3340628590202548,shine
83.74806213378906,136.1346893310547,194.62640380859375,37.31817885414935,81.06940567588087,52.76589377390298,335.83996629904516,300.14195772061237,0.9410490042521729,0.9470442538622244,0.045294559982700995,0.033733262863707425,0.5683858065921219,0.4188772620896079,shine
79.138916015625,134.98397827148438,187.92091369628906,34.26252223820958,83.95788310162291,36.828697818786154,174.07622549019516,143.68834252451197,0.95913692047435,0.9662570694173627,0.02329996470737983,0.021313903575543025,0.3302310428752365,0.2907574942878046,shine
90.820556640625,124.95538330078125,207.57821655273438,30.161902842635588,55.993838317409235,43.35840107682082,432.1456801470848,392.04900428924077,0.9062586713117132,0.9145019219978228,0.03503405597958317,0.03200905374282205,0.3665465908160547,0.3154129143880183,shine
82.82841491699219,150.51873779296875,170.43362426757812,33.93340186020788,85.99856770143238,46.51360741577191,216.53336397060616,144.15577512255797,0.9710885101939393,0.9806390203771139,0.062425365360839945,0.0611615082791775,0.45747918430281376,0.3858005366617797,shine
101.28936767578125,85.22331237792969,200.10472106933594,16.00809961890417,47.37897353177501,41.6532517608472,45.22769607843245,24.492570465687013,0.9914325133897854,0.99537690642248,0.024300949339888373,0.02738748253494175,0.33645704437413554,0.4031379997560903,shine
98.51823425292969,115.22152709960938,203.0690460205078,15.623488310695597,69.46591974182824,41.566886694086726,40.29617034313804,17.840609681372907,0.9932414965488883,0.9970176225491607,0.028282671139957638,0.03151178503646682,0.3387919312250163,0.42370679838100495,shine
104.2506103515625,72.73056030273438,208.8941192626953,12.277530781009789,37.05279284903636,25.599077700917896,45.14952512255007,40.79613970588335,0.9834682509770485,0.9850844037007435,0.026957831399538123,0.027260630604618422,0.35687188573154405,0.3691695999238031,shine
84.32661437988281,83.08592224121094,147.1960906982422,26.4045284835472,67.11746317536148,63.464180407536716,123.40733762255665,107.95968137255561,0.9839831638636276,0.9860289951111814,0.024313294360438515,0.0212890428660253,0.387646999527435,0.3399376842814212,shine
104.38755798339844,95.97114562988281,198.76611328125,10.300848216550062,55.16238463422084,34.40094834381698,76.44885110294199,47.77869178921699,0.9858364162101763,0.9911534114806811,0.021496109250080518,0.023233522934834605,0.27130581194014697,0.3119145241500262,shine
97.48280334472656,80.33372497558594,214.50924682617188,18.83850798842959,55.22456929030638,41.397471135330264,69.44301470588464,30.981250000000756,0.9866782277894357,0.9940573847595083,0.03346929047919577,0.03871021097148891,0.3576871300241215,0.4429638801265519,shine
103.56846618652344,67.84030151367188,215.20494079589844,12.332191973273767,31.87537879764057,15.546758420657783,32.06986825980505,17.451393995098545,0.9832340389435394,0.9908550457576459,0.040038933379367224,0.040537034934406,0.4977709921997373,0.4907024555928338,shine
105.71176147460938,142.53256225585938,166.8909454345703,5.927161504772121,61.96264735498763,40.6390074234411,36.07028186274649,22.444730392157823,0.9918499089703425,0.9949409557393166,0.035829005585932064,0.045262601537774984,0.4612229332878977,0.5899411654585217,shine
105.17475891113281,174.05027770996094,197.89614868164062,4.696907042236344,84.83805457321668,27.037343849984023,66.39462316176953,42.404411764708556,0.9873620128389841,0.9919413619629476,0.04530434797542198,0.05204198816711195,0.5018173336117114,0.5561750840145151,shine
90.55459594726562,117.21440124511719,144.51708984375,36.401129739794115,62.93437827413249,61.741097474543395,384.79529718142624,380.9062806373091,0.9252852104427184,0.9261644733294122,0.03080256222680775,0.028250165692158116,0.42125962201847367,0.3786881816436487,shine
75.58216857910156,117.61640930175781,131.76551818847656,47.58621318807022,70.28582631136202,62.126789731072165,145.15121017157583,488.1550245098535,0.9823901364776172,0.9407545776967977,0.022031605535849253,0.017524101391702417,0.3540416054740993,0.24606440628074858,shine
104.66067504882812,134.75601196289062,175.64718627929688,10.510684502184686,59.291408395198246,75.87333526455745,210.61922487745386,295.1605698529533,0.9788625954266462,0.9703320612619507,0.031733763377416145,0.03058206387610382,0.379173774786325,0.3575260718354963,shine
84.70372009277344,55.438507080078125,153.93844604492188,21.17958956724803,35.46942717370772,54.179067860346976,199.51243872549017,392.92247242648244,0.9692945526146445,0.9394219319747004,0.03900633036246802,0.038551667227430135,0.3660731423719433,0.34206809107100333,shine
100.28399658203125,73.73265075683594,220.8720703125,31.84314868856929,43.9336524069066,31.970269085989923,63.38606004902217,35.1904718137266,0.9858072365581148,0.9921121989303286,0.045327838041052115,0.047847554448353,0.5064020836815949,0.5379910405193707,shine
80.04689025878906,108.79725646972656,157.00706481933594,44.81733231180538,82.3076347607533,72.4481880765937,56.92643995098126,130.03584558824133,0.9942967526963062,0.9869673314213815,0.018737308401863103,0.01543578817585595,0.3226771174610219,0.22632560057061496,shine
93.844482421875,58.52691650390625,232.282958984375,24.170823598976018,46.355830097172365,17.431613733607474,19.41539522058845,48.52349877451025,0.9918095039277285,0.9795556181597521,0.05178478492992438,0.04983973059316926,0.45865244111599346,0.42025352960848533,shine
99.98675537109375,79.11367797851562,212.6986846923828,19.13909213555242,45.04898069103868,33.1087853073732,15.56752450980407,22.58673406862788,0.9961930234074469,0.9944492038515368,0.03852363292239562,0.03656048390316584,0.4442028020767664,0.3914747814640433,shine
107.83941650390625,54.840728759765625,191.2602996826172,11.69120983907693,38.901327171690546,37.38948896829938,61.98737745098222,44.86084558823659,0.9822996863607747,0.9871798762003869,0.04027041216793585,0.037377543582635786,0.38790888497722337,0.4167347879241482,shine
101.36256408691406,82.63641357421875,200.90621948242188,15.931900112785625,46.26721835295452,39.82751078858574,36.474417892157106,26.352757352941815,0.9925784202358512,0.994659139093151,0.026239838536426512,0.0285213879329474,0.35646004726370784,0.403914339657204,shine
91.42701721191406,87.69747924804688,213.72117614746094,27.32901581911704,61.53033520653233,22.18946337172388,17.339675245098537,29.878737745098984,0.9940469021834157,0.9897562790303006,0.04073161539560824,0.035743754740298644,0.5749832461231943,0.5148587119108333,shine
101.34126281738281,140.00311279296875,242.25650024414062,15.170834365605987,70.04685663253979,7.770926721259034,26.321430759804784,22.11752450980451,0.989335170157792,0.991096949967223,0.04509773742106502,0.04181152085396172,0.5513089177949286,0.5008527487126366,shine
97.80859375,228.7045440673828,211.9276580810547,8.402643387265384,56.653864574247315,27.9872445690123,45.839476102943735,85.72490808824233,0.9837144346111357,0.9695005749619818,0.05429613002426053,0.05062047104972549,0.595183806283427,0.5312099703308836,shine
106.94790649414062,84.54032897949219,216.8468017578125,21.886585991745473,59.7246774824281,24.490522112952124,41.50560661764714,97.43746936274711,0.9889197668164267,0.973845586523194,0.027662385340183532,0.023497358942108065,0.3606067860441286,0.265244514200241,shine
97.40046691894531,123.45797729492188,229.10110473632812,6.927160027502984,30.096085919213998,17.901514017027253,22.193841911765013,28.655713848039472,0.990717412355154,0.9879227262072586,0.032356687205376905,0.028780951404090493,0.3958089064609529,0.309365592913732,shine
102.76298522949219,52.465118408203125,218.8595428466797,10.513023981791594,44.087726229363824,17.357776955472517,7.019944852941245,32.00298713235294,0.9963694412055364,0.9834495885710206,0.054746198485267725,0.04718597164328749,0.5853048897285655,0.4830982144144895,shine
94.58885192871094,116.43736267089844,170.9351806640625,16.126698776880318,64.0043191493972,44.66487603516763,117.20145526961613,692.6211397059632,0.9825060285190548,0.8963259331111406,0.019922176835337063,0.0155620141124318,0.337870938335493,0.2383523095541978,shine
65.114990234375,42.8316650390625,172.17617797851562,40.71359132349953,20.290431569882838,33.06290240246558,51.53523284313744,93.46374080882643,0.9691138319201962,0.9436977340017696,0.040183633038861286,0.03248497082584849,0.40425677386842507,0.303778476435131,shine
76.44898986816406,99.60995483398438,154.1724090576172,43.80716854171508,50.98859078420478,41.78931461814786,36.599586397058964,59.921875000000796,0.9887068908107616,0.9815695670687525,0.024415093031404347,0.02265460311001321,0.34605627312805803,0.31034425653371245,shine
92.81117248535156,169.21295166015625,186.3458251953125,15.390499216008358,90.21945646144106,32.69127024224471,40.02821691176546,125.46680453431745,0.9897452566121417,0.9678792778355135,0.05757508929514035,0.05607363752690177,0.40509599340998087,0.36911030248581583,shine
99.67622375488281,103.16961669921875,172.12350463867188,25.923231436269113,68.83318171655422,50.51068249311855,62.77152267156902,67.5473039215698,0.9915132050953256,0.9908570019995038,0.033360601445422355,0.026455806242216322,0.5230895814727399,0.416393504288983,shine
82.69371032714844,147.37246704101562,197.1576385498047,32.24157293590717,101.30233309466519,27.70542515152715,69.83794424019838,162.6844975490302,0.991012741729834,0.9790064884103793,0.02844384302305388,0.026359516780210635,0.3717811983755063,0.3101749813898958,shine
62.45361328125,97.5235595703125,226.61109924316406,41.33909482402802,80.58391671681893,17.51427252040763,19.202037377451195,30.12366727941224,0.9965275145627536,0.9945139964064618,0.033309311884576934,0.02976732540501003,0.4457341970098712,0.3427279342285277,shine
81.74456787109375,79.86550903320312,157.82484436035156,41.30833389881371,64.1452864709299,38.54746251413012,155.1740042892262,203.67035845589717,0.9707255170642245,0.961652558749062,0.019576207988583408,0.019263108542262132,0.2860072648656114,0.28789408668653305,shine
84.48027038574219,109.79597473144531,198.34861755371094,34.772917179747616,85.53035879538523,32.997214491006694,108.24157475490794,164.61061580883054,0.981185906535854,0.9713260073952144,0.023585739530219193,0.019680212767890694,0.38594125460127693,0.3010623288761198,shine
99.305419921875,121.71168518066406,135.29379272460938,22.40958079582836,67.89301964763771,65.06559674985733,307.8900735294406,508.5374540441777,0.9647540583034627,0.9418593689280406,0.024021290586221693,0.0235173961402462,0.35111048749833684,0.34124005539953406,shine
102.33952331542969,91.99093627929688,142.1358184814453,19.89096187159054,54.23352906353139,51.58616793446999,75.61245404412102,109.97138480392874,0.9867871659792019,0.9807243827057218,0.037446980906534706,0.033948686161627446,0.4978894661014868,0.42014826941697797,shine
